-- MariaDB dump 10.19-11.1.2-MariaDB, for debian-linux-gnu (x86_64)
--
-- Host: localhost    Database: intranet_auth
-- ------------------------------------------------------
-- Server version	11.1.2-MariaDB-1:11.1.2+maria~ubu2204

/*!40101 SET @OLD_CHARACTER_SET_CLIENT=@@CHARACTER_SET_CLIENT */;
/*!40101 SET @OLD_CHARACTER_SET_RESULTS=@@CHARACTER_SET_RESULTS */;
/*!40101 SET @OLD_COLLATION_CONNECTION=@@COLLATION_CONNECTION */;
/*!40101 SET NAMES utf8mb4 */;
/*!40103 SET @OLD_TIME_ZONE=@@TIME_ZONE */;
/*!40103 SET TIME_ZONE='+00:00' */;
/*!40014 SET @OLD_UNIQUE_CHECKS=@@UNIQUE_CHECKS, UNIQUE_CHECKS=0 */;
/*!40014 SET @OLD_FOREIGN_KEY_CHECKS=@@FOREIGN_KEY_CHECKS, FOREIGN_KEY_CHECKS=0 */;
/*!40101 SET @OLD_SQL_MODE=@@SQL_MODE, SQL_MODE='NO_AUTO_VALUE_ON_ZERO' */;
/*!40111 SET @OLD_SQL_NOTES=@@SQL_NOTES, SQL_NOTES=0 */;

--
-- Table structure for table `ADMIN_EVENT_ENTITY`
--

DROP TABLE IF EXISTS `ADMIN_EVENT_ENTITY`;
/*!40101 SET @saved_cs_client     = @@character_set_client */;
/*!40101 SET character_set_client = utf8 */;
CREATE TABLE `ADMIN_EVENT_ENTITY` (
  `ID` varchar(36) NOT NULL,
  `ADMIN_EVENT_TIME` bigint(20) DEFAULT NULL,
  `REALM_ID` varchar(255) DEFAULT NULL,
  `OPERATION_TYPE` varchar(255) DEFAULT NULL,
  `AUTH_REALM_ID` varchar(255) DEFAULT NULL,
  `AUTH_CLIENT_ID` varchar(255) DEFAULT NULL,
  `AUTH_USER_ID` varchar(255) DEFAULT NULL,
  `IP_ADDRESS` varchar(255) DEFAULT NULL,
  `RESOURCE_PATH` text DEFAULT NULL,
  `REPRESENTATION` text DEFAULT NULL,
  `ERROR` varchar(255) DEFAULT NULL,
  `RESOURCE_TYPE` varchar(64) DEFAULT NULL,
  PRIMARY KEY (`ID`),
  KEY `IDX_ADMIN_EVENT_TIME` (`REALM_ID`,`ADMIN_EVENT_TIME`)
) ENGINE=InnoDB DEFAULT CHARSET=utf8mb4 COLLATE=utf8mb4_general_ci;
/*!40101 SET character_set_client = @saved_cs_client */;

--
-- Dumping data for table `ADMIN_EVENT_ENTITY`
--

LOCK TABLES `ADMIN_EVENT_ENTITY` WRITE;
/*!40000 ALTER TABLE `ADMIN_EVENT_ENTITY` DISABLE KEYS */;
/*!40000 ALTER TABLE `ADMIN_EVENT_ENTITY` ENABLE KEYS */;
UNLOCK TABLES;

--
-- Table structure for table `ASSOCIATED_POLICY`
--

DROP TABLE IF EXISTS `ASSOCIATED_POLICY`;
/*!40101 SET @saved_cs_client     = @@character_set_client */;
/*!40101 SET character_set_client = utf8 */;
CREATE TABLE `ASSOCIATED_POLICY` (
  `POLICY_ID` varchar(36) NOT NULL,
  `ASSOCIATED_POLICY_ID` varchar(36) NOT NULL,
  PRIMARY KEY (`POLICY_ID`,`ASSOCIATED_POLICY_ID`),
  KEY `IDX_ASSOC_POL_ASSOC_POL_ID` (`ASSOCIATED_POLICY_ID`),
  CONSTRAINT `FK_FRSR5S213XCX4WNKOG82SSRFY` FOREIGN KEY (`ASSOCIATED_POLICY_ID`) REFERENCES `RESOURCE_SERVER_POLICY` (`ID`),
  CONSTRAINT `FK_FRSRPAS14XCX4WNKOG82SSRFY` FOREIGN KEY (`POLICY_ID`) REFERENCES `RESOURCE_SERVER_POLICY` (`ID`)
) ENGINE=InnoDB DEFAULT CHARSET=utf8mb4 COLLATE=utf8mb4_general_ci;
/*!40101 SET character_set_client = @saved_cs_client */;

--
-- Dumping data for table `ASSOCIATED_POLICY`
--

LOCK TABLES `ASSOCIATED_POLICY` WRITE;
/*!40000 ALTER TABLE `ASSOCIATED_POLICY` DISABLE KEYS */;
/*!40000 ALTER TABLE `ASSOCIATED_POLICY` ENABLE KEYS */;
UNLOCK TABLES;

--
-- Table structure for table `AUTHENTICATION_EXECUTION`
--

DROP TABLE IF EXISTS `AUTHENTICATION_EXECUTION`;
/*!40101 SET @saved_cs_client     = @@character_set_client */;
/*!40101 SET character_set_client = utf8 */;
CREATE TABLE `AUTHENTICATION_EXECUTION` (
  `ID` varchar(36) NOT NULL,
  `ALIAS` varchar(255) DEFAULT NULL,
  `AUTHENTICATOR` varchar(36) DEFAULT NULL,
  `REALM_ID` varchar(36) DEFAULT NULL,
  `FLOW_ID` varchar(36) DEFAULT NULL,
  `REQUIREMENT` int(11) DEFAULT NULL,
  `PRIORITY` int(11) DEFAULT NULL,
  `AUTHENTICATOR_FLOW` bit(1) NOT NULL DEFAULT b'0',
  `AUTH_FLOW_ID` varchar(36) DEFAULT NULL,
  `AUTH_CONFIG` varchar(36) DEFAULT NULL,
  PRIMARY KEY (`ID`),
  KEY `IDX_AUTH_EXEC_REALM_FLOW` (`REALM_ID`,`FLOW_ID`),
  KEY `IDX_AUTH_EXEC_FLOW` (`FLOW_ID`),
  CONSTRAINT `FK_AUTH_EXEC_FLOW` FOREIGN KEY (`FLOW_ID`) REFERENCES `AUTHENTICATION_FLOW` (`ID`),
  CONSTRAINT `FK_AUTH_EXEC_REALM` FOREIGN KEY (`REALM_ID`) REFERENCES `REALM` (`ID`)
) ENGINE=InnoDB DEFAULT CHARSET=utf8mb4 COLLATE=utf8mb4_general_ci;
/*!40101 SET character_set_client = @saved_cs_client */;

--
-- Dumping data for table `AUTHENTICATION_EXECUTION`
--

LOCK TABLES `AUTHENTICATION_EXECUTION` WRITE;
/*!40000 ALTER TABLE `AUTHENTICATION_EXECUTION` DISABLE KEYS */;
INSERT INTO `AUTHENTICATION_EXECUTION` VALUES
('05527aee-ce51-4ee6-b360-c55ad0022fd9',NULL,NULL,'e4e8cf3b-ef09-49ee-8d86-0c597a9af336','0d043077-f310-4918-b7e1-9b2c3c31c453',0,20,'','49f4e641-24f2-4d9c-96eb-a68c0d2f32f1',NULL),
('07df1b2b-17d0-4fca-97ff-627cdfc256af',NULL,NULL,'e4e8cf3b-ef09-49ee-8d86-0c597a9af336','797c1dae-e368-4b05-b0e7-814c08860138',0,20,'','01cea3f3-9d9d-450b-b21c-af34b442250f',NULL),
('0a5e6364-ac62-4afc-902a-767a56bab504',NULL,'idp-review-profile','fd363fb6-a3fb-495f-b42c-d4a354f0ee78','391c6094-cbbb-49ab-a282-19d3e845f089',0,10,'\0',NULL,'dd69b6dd-baff-4c44-bc16-a69de779842b'),
('0e4ccd62-1014-4e00-a1b7-80ff5a4a5178',NULL,NULL,'fd363fb6-a3fb-495f-b42c-d4a354f0ee78','cf45e531-15c3-406e-b09e-b2e377aa92d8',2,20,'','f9da461e-7fc5-44a6-a374-8ca3aa0578a5',NULL),
('125d7a11-6117-4c95-925c-a654cf298fa6',NULL,NULL,'fd363fb6-a3fb-495f-b42c-d4a354f0ee78','3b7f08a6-771e-4627-af94-a89287786a31',1,20,'','add4e81e-c180-473a-a4da-98824a698847',NULL),
('13e3f259-5984-4f84-b90b-49a1851cfbb4',NULL,'auth-username-password-form','e4e8cf3b-ef09-49ee-8d86-0c597a9af336','6ce4e0be-f69b-44c5-a8ed-0c7971b62e9d',0,10,'\0',NULL,NULL),
('1603bacc-b7e5-41c8-bdd7-f9a368227020',NULL,'conditional-user-configured','e4e8cf3b-ef09-49ee-8d86-0c597a9af336','44594781-5d27-449a-83e7-df9995a3242a',0,10,'\0',NULL,NULL),
('174c42ec-c0f4-46d6-919b-fead193aa03d',NULL,'client-secret-jwt','e4e8cf3b-ef09-49ee-8d86-0c597a9af336','f604bbe6-bbf9-469c-b9f9-e7d0fe17088f',2,30,'\0',NULL,NULL),
('175a84c4-6673-4226-a5d9-9dd6a905f9f5',NULL,'registration-password-action','fd363fb6-a3fb-495f-b42c-d4a354f0ee78','481f02e3-c5df-4db4-ab1c-ad4edfa2c5c2',0,50,'\0',NULL,NULL),
('197ade7d-9bc9-456a-a65d-f36f5c8e094e',NULL,'reset-credentials-choose-user','fd363fb6-a3fb-495f-b42c-d4a354f0ee78','8db02a65-1c0a-4832-8690-2077aae04913',0,10,'\0',NULL,NULL),
('1eb39e19-331b-4fbf-ad7b-042d48df63bd',NULL,'direct-grant-validate-username','fd363fb6-a3fb-495f-b42c-d4a354f0ee78','265e7757-cffb-42ec-8ad4-bad02b288570',0,10,'\0',NULL,NULL),
('220e8d72-4de2-479f-a956-9fb3cfedfe3b',NULL,'auth-otp-form','fd363fb6-a3fb-495f-b42c-d4a354f0ee78','94d19b81-03a4-43b0-a194-3932d458f3a9',0,20,'\0',NULL,NULL),
('26c63c80-90dd-4c22-92a3-9b976c19fede',NULL,NULL,'e4e8cf3b-ef09-49ee-8d86-0c597a9af336','6ce4e0be-f69b-44c5-a8ed-0c7971b62e9d',1,20,'','d35205d6-6ac3-4e16-9efc-23f87558cb3f',NULL),
('2945a143-07b6-453e-9479-4999c337e82f',NULL,'idp-username-password-form','fd363fb6-a3fb-495f-b42c-d4a354f0ee78','a414185f-c4d3-4dbf-9874-2efa38868f7f',0,10,'\0',NULL,NULL),
('2ac99d7d-8624-4568-8192-8e57eb7e8346',NULL,'registration-recaptcha-action','fd363fb6-a3fb-495f-b42c-d4a354f0ee78','481f02e3-c5df-4db4-ab1c-ad4edfa2c5c2',3,60,'\0',NULL,NULL),
('2f759efd-43fd-40eb-89c6-da053282323e',NULL,'client-secret','fd363fb6-a3fb-495f-b42c-d4a354f0ee78','602090dd-4eb1-46bb-a370-a6cafceda1fc',2,10,'\0',NULL,NULL),
('2fabcbc8-8a17-4da0-a8ec-86af7890ac92',NULL,'conditional-user-configured','e4e8cf3b-ef09-49ee-8d86-0c597a9af336','3028cf69-66a5-41ad-bd82-2c221f3f3123',0,10,'\0',NULL,NULL),
('314f3e8f-98ed-4a26-a1a3-c934cf2ed6ee',NULL,'client-x509','e4e8cf3b-ef09-49ee-8d86-0c597a9af336','f604bbe6-bbf9-469c-b9f9-e7d0fe17088f',2,40,'\0',NULL,NULL),
('3434c192-277a-48d5-8b2b-07a67fb358ee',NULL,'direct-grant-validate-password','e4e8cf3b-ef09-49ee-8d86-0c597a9af336','c2f98ca4-3f9b-4bb2-a2f4-00c732b10c88',0,20,'\0',NULL,NULL),
('39131cf4-ecd4-44c2-aadc-8117a61b6117',NULL,'conditional-user-configured','fd363fb6-a3fb-495f-b42c-d4a354f0ee78','add4e81e-c180-473a-a4da-98824a698847',0,10,'\0',NULL,NULL),
('391eb3e2-0f35-4e92-8811-71e3aa3d919a',NULL,NULL,'fd363fb6-a3fb-495f-b42c-d4a354f0ee78','a414185f-c4d3-4dbf-9874-2efa38868f7f',1,20,'','94d19b81-03a4-43b0-a194-3932d458f3a9',NULL),
('3b717912-567d-452f-b940-72dd559c7211',NULL,'auth-cookie','fd363fb6-a3fb-495f-b42c-d4a354f0ee78','75854494-9591-4e7f-ae89-9547788160b3',2,10,'\0',NULL,NULL),
('3d89a207-f242-4385-bcf6-0904691031e9',NULL,'auth-username-password-form','fd363fb6-a3fb-495f-b42c-d4a354f0ee78','3b7f08a6-771e-4627-af94-a89287786a31',0,10,'\0',NULL,NULL),
('458b2b7c-fc75-4d59-9108-beb3c2fe1d96',NULL,'identity-provider-redirector','fd363fb6-a3fb-495f-b42c-d4a354f0ee78','75854494-9591-4e7f-ae89-9547788160b3',2,25,'\0',NULL,NULL),
('4b45ecd3-d501-4c80-b4e7-b1b170cea053',NULL,NULL,'fd363fb6-a3fb-495f-b42c-d4a354f0ee78','265e7757-cffb-42ec-8ad4-bad02b288570',1,30,'','d758a222-7aee-4d9e-b67c-caca6dd1c027',NULL),
('505ee04f-1cca-48cb-b890-b16b4fea93dd',NULL,'reset-credentials-choose-user','e4e8cf3b-ef09-49ee-8d86-0c597a9af336','8a523f81-6971-4d9d-9cad-c4e3b76d2054',0,10,'\0',NULL,NULL),
('51a793fd-7b1b-4ba3-b7ac-edd4cc4f4c16',NULL,NULL,'fd363fb6-a3fb-495f-b42c-d4a354f0ee78','391c6094-cbbb-49ab-a282-19d3e845f089',0,20,'','cf45e531-15c3-406e-b09e-b2e377aa92d8',NULL),
('54d1a69b-805c-4f41-91c8-a0fd126b7d3f',NULL,'client-jwt','e4e8cf3b-ef09-49ee-8d86-0c597a9af336','f604bbe6-bbf9-469c-b9f9-e7d0fe17088f',2,20,'\0',NULL,NULL),
('569948dd-af80-4f36-871e-452b354ccabb',NULL,'auth-otp-form','e4e8cf3b-ef09-49ee-8d86-0c597a9af336','44594781-5d27-449a-83e7-df9995a3242a',0,20,'\0',NULL,NULL),
('5e192ad6-6d67-48c3-b0da-ab8a81a7c741',NULL,'idp-email-verification','e4e8cf3b-ef09-49ee-8d86-0c597a9af336','01cea3f3-9d9d-450b-b21c-af34b442250f',2,10,'\0',NULL,NULL),
('5f04cfc8-0878-48e9-af6f-51cc1e95d15c',NULL,NULL,'e4e8cf3b-ef09-49ee-8d86-0c597a9af336','6ee02c57-3b54-42f9-bc3f-2c496df7c5fc',1,20,'','44594781-5d27-449a-83e7-df9995a3242a',NULL),
('5fc64f33-26e2-45e0-ad55-583cf996f517',NULL,'reset-password','fd363fb6-a3fb-495f-b42c-d4a354f0ee78','8db02a65-1c0a-4832-8690-2077aae04913',0,30,'\0',NULL,NULL),
('60a08f80-8453-4dc9-beeb-128360eb5cd9',NULL,'reset-otp','fd363fb6-a3fb-495f-b42c-d4a354f0ee78','d035d3b4-c036-4bf4-b63a-fd24cdd1df48',0,20,'\0',NULL,NULL),
('627a10ec-90bc-46fd-942f-f0f4d1dccc3e',NULL,'http-basic-authenticator','fd363fb6-a3fb-495f-b42c-d4a354f0ee78','1cf57f96-b257-4e39-bff0-5cf1c185afc6',0,10,'\0',NULL,NULL),
('64060dad-5c01-4408-8053-99a3ab562b81',NULL,NULL,'e4e8cf3b-ef09-49ee-8d86-0c597a9af336','c2f98ca4-3f9b-4bb2-a2f4-00c732b10c88',1,30,'','3028cf69-66a5-41ad-bd82-2c221f3f3123',NULL),
('69c55b7f-110b-4022-9c9b-c51bf3c0c6ef',NULL,'auth-cookie','e4e8cf3b-ef09-49ee-8d86-0c597a9af336','6026da94-f5bc-4086-8b7d-cf77c259c433',2,10,'\0',NULL,NULL),
('6b92107e-0838-46f5-a341-bf393c07e640',NULL,'reset-password','e4e8cf3b-ef09-49ee-8d86-0c597a9af336','8a523f81-6971-4d9d-9cad-c4e3b76d2054',0,30,'\0',NULL,NULL),
('73afd042-28a1-4ffd-b55d-00acf207ee20',NULL,'registration-profile-action','e4e8cf3b-ef09-49ee-8d86-0c597a9af336','3effd30c-7fc0-4f9a-b7fb-d5078a65fdfd',0,40,'\0',NULL,NULL),
('755254d0-c8ad-4a36-a64c-ae388082a93f',NULL,'reset-credential-email','fd363fb6-a3fb-495f-b42c-d4a354f0ee78','8db02a65-1c0a-4832-8690-2077aae04913',0,20,'\0',NULL,NULL),
('88a1ea9c-645c-48c4-a5a6-ade731d25f99',NULL,'registration-password-action','e4e8cf3b-ef09-49ee-8d86-0c597a9af336','3effd30c-7fc0-4f9a-b7fb-d5078a65fdfd',0,50,'\0',NULL,NULL),
('8964f541-d5e5-4518-8d1b-8fa329f6a281',NULL,'client-x509','fd363fb6-a3fb-495f-b42c-d4a354f0ee78','602090dd-4eb1-46bb-a370-a6cafceda1fc',2,40,'\0',NULL,NULL),
('8a966b32-2b52-4ca8-935d-3add85d3b3c1',NULL,'direct-grant-validate-username','e4e8cf3b-ef09-49ee-8d86-0c597a9af336','c2f98ca4-3f9b-4bb2-a2f4-00c732b10c88',0,10,'\0',NULL,NULL),
('9073bcbd-fab9-4a14-9e70-ab589d511634',NULL,NULL,'fd363fb6-a3fb-495f-b42c-d4a354f0ee78','f9da461e-7fc5-44a6-a374-8ca3aa0578a5',0,20,'','6a2db574-48d8-4b5c-934d-d4ddf6153d5b',NULL),
('92219db5-bd0f-4d07-9080-96c488c874a3',NULL,NULL,'e4e8cf3b-ef09-49ee-8d86-0c597a9af336','8a523f81-6971-4d9d-9cad-c4e3b76d2054',1,40,'','4fa7a78c-655f-4419-8fd5-47bfcc4ad8a9',NULL),
('93c7eab8-722f-4978-81de-078d734e030f',NULL,'docker-http-basic-authenticator','e4e8cf3b-ef09-49ee-8d86-0c597a9af336','948c4752-ebe6-42c0-b958-5bacfd8d90d6',0,10,'\0',NULL,NULL),
('99daef38-c01b-4573-9ad3-4a411dec8150',NULL,NULL,'fd363fb6-a3fb-495f-b42c-d4a354f0ee78','8db02a65-1c0a-4832-8690-2077aae04913',1,40,'','d035d3b4-c036-4bf4-b63a-fd24cdd1df48',NULL),
('9cc5d642-d607-45c9-aa1a-e49f844394ba',NULL,NULL,'e4e8cf3b-ef09-49ee-8d86-0c597a9af336','49f4e641-24f2-4d9c-96eb-a68c0d2f32f1',2,20,'','797c1dae-e368-4b05-b0e7-814c08860138',NULL),
('a36cc4eb-fd71-40f2-b05d-6e95b5b1b312',NULL,'direct-grant-validate-password','fd363fb6-a3fb-495f-b42c-d4a354f0ee78','265e7757-cffb-42ec-8ad4-bad02b288570',0,20,'\0',NULL,NULL),
('a41e9541-022a-4598-b177-7f86b5adf32a',NULL,'reset-otp','e4e8cf3b-ef09-49ee-8d86-0c597a9af336','4fa7a78c-655f-4419-8fd5-47bfcc4ad8a9',0,20,'\0',NULL,NULL),
('a4c5a820-5750-4c72-b3fc-7afe7d5d4949',NULL,NULL,'fd363fb6-a3fb-495f-b42c-d4a354f0ee78','75854494-9591-4e7f-ae89-9547788160b3',2,30,'','3b7f08a6-771e-4627-af94-a89287786a31',NULL),
('a5147185-486c-4195-a656-74baaa81cc2a',NULL,'conditional-user-configured','fd363fb6-a3fb-495f-b42c-d4a354f0ee78','d758a222-7aee-4d9e-b67c-caca6dd1c027',0,10,'\0',NULL,NULL),
('a6ec4e40-1972-4ef5-a58c-2fde68c7b0d5',NULL,'direct-grant-validate-otp','e4e8cf3b-ef09-49ee-8d86-0c597a9af336','3028cf69-66a5-41ad-bd82-2c221f3f3123',0,20,'\0',NULL,NULL),
('a77b1259-a6df-43da-be02-9c6f8834f46f',NULL,'auth-otp-form','fd363fb6-a3fb-495f-b42c-d4a354f0ee78','add4e81e-c180-473a-a4da-98824a698847',0,20,'\0',NULL,NULL),
('a7f10c36-71da-423f-85e6-af311a9b3c4e',NULL,'client-secret','e4e8cf3b-ef09-49ee-8d86-0c597a9af336','f604bbe6-bbf9-469c-b9f9-e7d0fe17088f',2,10,'\0',NULL,NULL),
('a8e5614c-745c-48c8-9cf4-f43bf8e51eeb',NULL,'reset-credential-email','e4e8cf3b-ef09-49ee-8d86-0c597a9af336','8a523f81-6971-4d9d-9cad-c4e3b76d2054',0,20,'\0',NULL,NULL),
('aae44413-513f-4681-a9d3-d2634f5d0f5e',NULL,'conditional-user-configured','fd363fb6-a3fb-495f-b42c-d4a354f0ee78','d035d3b4-c036-4bf4-b63a-fd24cdd1df48',0,10,'\0',NULL,NULL),
('ae3b5b33-bcc3-4104-8d89-403289677edf',NULL,'registration-profile-action','fd363fb6-a3fb-495f-b42c-d4a354f0ee78','481f02e3-c5df-4db4-ab1c-ad4edfa2c5c2',0,40,'\0',NULL,NULL),
('af09ab0f-4dc6-4230-9427-b0d9722233c2',NULL,'client-jwt','fd363fb6-a3fb-495f-b42c-d4a354f0ee78','602090dd-4eb1-46bb-a370-a6cafceda1fc',2,20,'\0',NULL,NULL),
('b06f1664-6851-475e-9d9f-61396ecdd113',NULL,'conditional-user-configured','e4e8cf3b-ef09-49ee-8d86-0c597a9af336','d35205d6-6ac3-4e16-9efc-23f87558cb3f',0,10,'\0',NULL,NULL),
('b2ecf3d4-1ff2-433a-a105-805d2c98846d',NULL,'idp-create-user-if-unique','e4e8cf3b-ef09-49ee-8d86-0c597a9af336','49f4e641-24f2-4d9c-96eb-a68c0d2f32f1',2,10,'\0',NULL,'bca8539d-2376-4b45-a705-7f18c5c17b71'),
('b51768c4-8079-45d2-b7cb-8d4d66ef9a33',NULL,'direct-grant-validate-otp','fd363fb6-a3fb-495f-b42c-d4a354f0ee78','d758a222-7aee-4d9e-b67c-caca6dd1c027',0,20,'\0',NULL,NULL),
('b6315f64-a9c2-476c-bdcb-c2feb9337448',NULL,'idp-confirm-link','fd363fb6-a3fb-495f-b42c-d4a354f0ee78','f9da461e-7fc5-44a6-a374-8ca3aa0578a5',0,10,'\0',NULL,NULL),
('b72164c3-9af8-4394-bad5-0358c2c59cf9',NULL,'auth-otp-form','e4e8cf3b-ef09-49ee-8d86-0c597a9af336','d35205d6-6ac3-4e16-9efc-23f87558cb3f',0,20,'\0',NULL,NULL),
('b7a033df-d4e6-49ed-8dc7-19269dc3bf8c',NULL,'conditional-user-configured','fd363fb6-a3fb-495f-b42c-d4a354f0ee78','94d19b81-03a4-43b0-a194-3932d458f3a9',0,10,'\0',NULL,NULL),
('be825dd4-ea47-4fb1-aa38-389b9934fd87',NULL,'auth-spnego','fd363fb6-a3fb-495f-b42c-d4a354f0ee78','75854494-9591-4e7f-ae89-9547788160b3',3,20,'\0',NULL,NULL),
('bf3815b5-b1fc-407e-9aea-19c133356e29',NULL,'http-basic-authenticator','e4e8cf3b-ef09-49ee-8d86-0c597a9af336','b3f20c59-9d82-4040-add6-10f69d5791ed',0,10,'\0',NULL,NULL),
('bff42989-847d-4bcd-a694-28fafb750770',NULL,NULL,'e4e8cf3b-ef09-49ee-8d86-0c597a9af336','6026da94-f5bc-4086-8b7d-cf77c259c433',2,30,'','6ce4e0be-f69b-44c5-a8ed-0c7971b62e9d',NULL),
('c042f284-a561-46d3-935a-2b440c32e98a',NULL,'registration-page-form','e4e8cf3b-ef09-49ee-8d86-0c597a9af336','2bfef511-2306-4f79-82e4-75499f973571',0,10,'','3effd30c-7fc0-4f9a-b7fb-d5078a65fdfd',NULL),
('c116ecd9-f29b-465c-8652-ccddbe58d4c3',NULL,'docker-http-basic-authenticator','fd363fb6-a3fb-495f-b42c-d4a354f0ee78','bbe6e625-e52b-4856-8959-d9d03bd5160c',0,10,'\0',NULL,NULL),
('c3f62cca-16eb-41a7-954e-328e20e3c617',NULL,'registration-terms-and-conditions','fd363fb6-a3fb-495f-b42c-d4a354f0ee78','481f02e3-c5df-4db4-ab1c-ad4edfa2c5c2',3,70,'\0',NULL,NULL),
('c6d0c044-b46a-4abe-a3fe-694c6dd79c9a',NULL,'registration-user-creation','fd363fb6-a3fb-495f-b42c-d4a354f0ee78','481f02e3-c5df-4db4-ab1c-ad4edfa2c5c2',0,20,'\0',NULL,NULL),
('c7c3c2ac-38db-432e-8cfc-e846ff74f998',NULL,'conditional-user-configured','e4e8cf3b-ef09-49ee-8d86-0c597a9af336','4fa7a78c-655f-4419-8fd5-47bfcc4ad8a9',0,10,'\0',NULL,NULL),
('d4b6bf50-8858-4f95-bcf3-66903e453331',NULL,'auth-spnego','e4e8cf3b-ef09-49ee-8d86-0c597a9af336','6026da94-f5bc-4086-8b7d-cf77c259c433',3,20,'\0',NULL,NULL),
('d8b99c72-dbc8-4298-9ded-31b2ae53ba22',NULL,'registration-recaptcha-action','e4e8cf3b-ef09-49ee-8d86-0c597a9af336','3effd30c-7fc0-4f9a-b7fb-d5078a65fdfd',3,60,'\0',NULL,NULL),
('d9142379-3ba4-4f1b-af0f-3013aee6ca90',NULL,'identity-provider-redirector','e4e8cf3b-ef09-49ee-8d86-0c597a9af336','6026da94-f5bc-4086-8b7d-cf77c259c433',2,25,'\0',NULL,NULL),
('d98df2b3-f9d3-4607-92d5-32a4ea4fb38d',NULL,'idp-email-verification','fd363fb6-a3fb-495f-b42c-d4a354f0ee78','6a2db574-48d8-4b5c-934d-d4ddf6153d5b',2,10,'\0',NULL,NULL),
('da7f5c74-fc70-4efa-8e3d-712bf2be9d6c',NULL,NULL,'fd363fb6-a3fb-495f-b42c-d4a354f0ee78','6a2db574-48d8-4b5c-934d-d4ddf6153d5b',2,20,'','a414185f-c4d3-4dbf-9874-2efa38868f7f',NULL),
('e0c6f797-201d-4b16-88b3-830cd9a80822',NULL,'idp-review-profile','e4e8cf3b-ef09-49ee-8d86-0c597a9af336','0d043077-f310-4918-b7e1-9b2c3c31c453',0,10,'\0',NULL,'736131db-880f-448e-97ef-7edd0bc0bfd9'),
('eaa345cb-d08e-4b60-acb1-84d7b41d8eaf',NULL,'registration-page-form','fd363fb6-a3fb-495f-b42c-d4a354f0ee78','3808cf4a-6ec4-47d8-9449-6496ad70378b',0,10,'','481f02e3-c5df-4db4-ab1c-ad4edfa2c5c2',NULL),
('ee1c7629-99cc-4ce7-ba5a-9654d24ea756',NULL,'registration-user-creation','e4e8cf3b-ef09-49ee-8d86-0c597a9af336','3effd30c-7fc0-4f9a-b7fb-d5078a65fdfd',0,20,'\0',NULL,NULL),
('ef9e31dd-34d4-486b-b901-497f419dfba2',NULL,'idp-username-password-form','e4e8cf3b-ef09-49ee-8d86-0c597a9af336','6ee02c57-3b54-42f9-bc3f-2c496df7c5fc',0,10,'\0',NULL,NULL),
('f93f11a4-83a8-4427-ae24-767679a66e5d',NULL,'client-secret-jwt','fd363fb6-a3fb-495f-b42c-d4a354f0ee78','602090dd-4eb1-46bb-a370-a6cafceda1fc',2,30,'\0',NULL,NULL),
('f9b89a4d-46ef-4162-885d-3ffdc2c60fb8',NULL,'idp-confirm-link','e4e8cf3b-ef09-49ee-8d86-0c597a9af336','797c1dae-e368-4b05-b0e7-814c08860138',0,10,'\0',NULL,NULL),
('fa464ec6-0fe9-4d80-9770-72e09b2ed1e1',NULL,NULL,'e4e8cf3b-ef09-49ee-8d86-0c597a9af336','01cea3f3-9d9d-450b-b21c-af34b442250f',2,20,'','6ee02c57-3b54-42f9-bc3f-2c496df7c5fc',NULL),
('fdf4df72-a5d6-448e-9e26-6ed13ca51bdf',NULL,'idp-create-user-if-unique','fd363fb6-a3fb-495f-b42c-d4a354f0ee78','cf45e531-15c3-406e-b09e-b2e377aa92d8',2,10,'\0',NULL,'fbac3ecd-be68-4a3b-9319-99aa78105a3d');
/*!40000 ALTER TABLE `AUTHENTICATION_EXECUTION` ENABLE KEYS */;
UNLOCK TABLES;

--
-- Table structure for table `AUTHENTICATION_FLOW`
--

DROP TABLE IF EXISTS `AUTHENTICATION_FLOW`;
/*!40101 SET @saved_cs_client     = @@character_set_client */;
/*!40101 SET character_set_client = utf8 */;
CREATE TABLE `AUTHENTICATION_FLOW` (
  `ID` varchar(36) NOT NULL,
  `ALIAS` varchar(255) DEFAULT NULL,
  `DESCRIPTION` varchar(255) CHARACTER SET utf8mb3 COLLATE utf8mb3_general_ci DEFAULT NULL,
  `REALM_ID` varchar(36) DEFAULT NULL,
  `PROVIDER_ID` varchar(36) NOT NULL DEFAULT 'basic-flow',
  `TOP_LEVEL` bit(1) NOT NULL DEFAULT b'0',
  `BUILT_IN` bit(1) NOT NULL DEFAULT b'0',
  PRIMARY KEY (`ID`),
  KEY `IDX_AUTH_FLOW_REALM` (`REALM_ID`),
  CONSTRAINT `FK_AUTH_FLOW_REALM` FOREIGN KEY (`REALM_ID`) REFERENCES `REALM` (`ID`)
) ENGINE=InnoDB DEFAULT CHARSET=utf8mb4 COLLATE=utf8mb4_general_ci;
/*!40101 SET character_set_client = @saved_cs_client */;

--
-- Dumping data for table `AUTHENTICATION_FLOW`
--

LOCK TABLES `AUTHENTICATION_FLOW` WRITE;
/*!40000 ALTER TABLE `AUTHENTICATION_FLOW` DISABLE KEYS */;
INSERT INTO `AUTHENTICATION_FLOW` VALUES
('01cea3f3-9d9d-450b-b21c-af34b442250f','Account verification options','Method with which to verity the existing account','e4e8cf3b-ef09-49ee-8d86-0c597a9af336','basic-flow','\0',''),
('0d043077-f310-4918-b7e1-9b2c3c31c453','first broker login','Actions taken after first broker login with identity provider account, which is not yet linked to any Keycloak account','e4e8cf3b-ef09-49ee-8d86-0c597a9af336','basic-flow','',''),
('1cf57f96-b257-4e39-bff0-5cf1c185afc6','saml ecp','SAML ECP Profile Authentication Flow','fd363fb6-a3fb-495f-b42c-d4a354f0ee78','basic-flow','',''),
('265e7757-cffb-42ec-8ad4-bad02b288570','direct grant','OpenID Connect Resource Owner Grant','fd363fb6-a3fb-495f-b42c-d4a354f0ee78','basic-flow','',''),
('2bfef511-2306-4f79-82e4-75499f973571','registration','registration flow','e4e8cf3b-ef09-49ee-8d86-0c597a9af336','basic-flow','',''),
('3028cf69-66a5-41ad-bd82-2c221f3f3123','Direct Grant - Conditional OTP','Flow to determine if the OTP is required for the authentication','e4e8cf3b-ef09-49ee-8d86-0c597a9af336','basic-flow','\0',''),
('3808cf4a-6ec4-47d8-9449-6496ad70378b','registration','registration flow','fd363fb6-a3fb-495f-b42c-d4a354f0ee78','basic-flow','',''),
('391c6094-cbbb-49ab-a282-19d3e845f089','first broker login','Actions taken after first broker login with identity provider account, which is not yet linked to any Keycloak account','fd363fb6-a3fb-495f-b42c-d4a354f0ee78','basic-flow','',''),
('3b7f08a6-771e-4627-af94-a89287786a31','forms','Username, password, otp and other auth forms.','fd363fb6-a3fb-495f-b42c-d4a354f0ee78','basic-flow','\0',''),
('3effd30c-7fc0-4f9a-b7fb-d5078a65fdfd','registration form','registration form','e4e8cf3b-ef09-49ee-8d86-0c597a9af336','form-flow','\0',''),
('44594781-5d27-449a-83e7-df9995a3242a','First broker login - Conditional OTP','Flow to determine if the OTP is required for the authentication','e4e8cf3b-ef09-49ee-8d86-0c597a9af336','basic-flow','\0',''),
('481f02e3-c5df-4db4-ab1c-ad4edfa2c5c2','registration form','registration form','fd363fb6-a3fb-495f-b42c-d4a354f0ee78','form-flow','\0',''),
('49f4e641-24f2-4d9c-96eb-a68c0d2f32f1','User creation or linking','Flow for the existing/non-existing user alternatives','e4e8cf3b-ef09-49ee-8d86-0c597a9af336','basic-flow','\0',''),
('4fa7a78c-655f-4419-8fd5-47bfcc4ad8a9','Reset - Conditional OTP','Flow to determine if the OTP should be reset or not. Set to REQUIRED to force.','e4e8cf3b-ef09-49ee-8d86-0c597a9af336','basic-flow','\0',''),
('602090dd-4eb1-46bb-a370-a6cafceda1fc','clients','Base authentication for clients','fd363fb6-a3fb-495f-b42c-d4a354f0ee78','client-flow','',''),
('6026da94-f5bc-4086-8b7d-cf77c259c433','browser','browser based authentication','e4e8cf3b-ef09-49ee-8d86-0c597a9af336','basic-flow','',''),
('6a2db574-48d8-4b5c-934d-d4ddf6153d5b','Account verification options','Method with which to verity the existing account','fd363fb6-a3fb-495f-b42c-d4a354f0ee78','basic-flow','\0',''),
('6ce4e0be-f69b-44c5-a8ed-0c7971b62e9d','forms','Username, password, otp and other auth forms.','e4e8cf3b-ef09-49ee-8d86-0c597a9af336','basic-flow','\0',''),
('6ee02c57-3b54-42f9-bc3f-2c496df7c5fc','Verify Existing Account by Re-authentication','Reauthentication of existing account','e4e8cf3b-ef09-49ee-8d86-0c597a9af336','basic-flow','\0',''),
('75854494-9591-4e7f-ae89-9547788160b3','browser','browser based authentication','fd363fb6-a3fb-495f-b42c-d4a354f0ee78','basic-flow','',''),
('797c1dae-e368-4b05-b0e7-814c08860138','Handle Existing Account','Handle what to do if there is existing account with same email/username like authenticated identity provider','e4e8cf3b-ef09-49ee-8d86-0c597a9af336','basic-flow','\0',''),
('8a523f81-6971-4d9d-9cad-c4e3b76d2054','reset credentials','Reset credentials for a user if they forgot their password or something','e4e8cf3b-ef09-49ee-8d86-0c597a9af336','basic-flow','',''),
('8db02a65-1c0a-4832-8690-2077aae04913','reset credentials','Reset credentials for a user if they forgot their password or something','fd363fb6-a3fb-495f-b42c-d4a354f0ee78','basic-flow','',''),
('948c4752-ebe6-42c0-b958-5bacfd8d90d6','docker auth','Used by Docker clients to authenticate against the IDP','e4e8cf3b-ef09-49ee-8d86-0c597a9af336','basic-flow','',''),
('94d19b81-03a4-43b0-a194-3932d458f3a9','First broker login - Conditional OTP','Flow to determine if the OTP is required for the authentication','fd363fb6-a3fb-495f-b42c-d4a354f0ee78','basic-flow','\0',''),
('a414185f-c4d3-4dbf-9874-2efa38868f7f','Verify Existing Account by Re-authentication','Reauthentication of existing account','fd363fb6-a3fb-495f-b42c-d4a354f0ee78','basic-flow','\0',''),
('add4e81e-c180-473a-a4da-98824a698847','Browser - Conditional OTP','Flow to determine if the OTP is required for the authentication','fd363fb6-a3fb-495f-b42c-d4a354f0ee78','basic-flow','\0',''),
('b3f20c59-9d82-4040-add6-10f69d5791ed','saml ecp','SAML ECP Profile Authentication Flow','e4e8cf3b-ef09-49ee-8d86-0c597a9af336','basic-flow','',''),
('bbe6e625-e52b-4856-8959-d9d03bd5160c','docker auth','Used by Docker clients to authenticate against the IDP','fd363fb6-a3fb-495f-b42c-d4a354f0ee78','basic-flow','',''),
('c2f98ca4-3f9b-4bb2-a2f4-00c732b10c88','direct grant','OpenID Connect Resource Owner Grant','e4e8cf3b-ef09-49ee-8d86-0c597a9af336','basic-flow','',''),
('cf45e531-15c3-406e-b09e-b2e377aa92d8','User creation or linking','Flow for the existing/non-existing user alternatives','fd363fb6-a3fb-495f-b42c-d4a354f0ee78','basic-flow','\0',''),
('d035d3b4-c036-4bf4-b63a-fd24cdd1df48','Reset - Conditional OTP','Flow to determine if the OTP should be reset or not. Set to REQUIRED to force.','fd363fb6-a3fb-495f-b42c-d4a354f0ee78','basic-flow','\0',''),
('d35205d6-6ac3-4e16-9efc-23f87558cb3f','Browser - Conditional OTP','Flow to determine if the OTP is required for the authentication','e4e8cf3b-ef09-49ee-8d86-0c597a9af336','basic-flow','\0',''),
('d758a222-7aee-4d9e-b67c-caca6dd1c027','Direct Grant - Conditional OTP','Flow to determine if the OTP is required for the authentication','fd363fb6-a3fb-495f-b42c-d4a354f0ee78','basic-flow','\0',''),
('f604bbe6-bbf9-469c-b9f9-e7d0fe17088f','clients','Base authentication for clients','e4e8cf3b-ef09-49ee-8d86-0c597a9af336','client-flow','',''),
('f9da461e-7fc5-44a6-a374-8ca3aa0578a5','Handle Existing Account','Handle what to do if there is existing account with same email/username like authenticated identity provider','fd363fb6-a3fb-495f-b42c-d4a354f0ee78','basic-flow','\0','');
/*!40000 ALTER TABLE `AUTHENTICATION_FLOW` ENABLE KEYS */;
UNLOCK TABLES;

--
-- Table structure for table `AUTHENTICATOR_CONFIG`
--

DROP TABLE IF EXISTS `AUTHENTICATOR_CONFIG`;
/*!40101 SET @saved_cs_client     = @@character_set_client */;
/*!40101 SET character_set_client = utf8 */;
CREATE TABLE `AUTHENTICATOR_CONFIG` (
  `ID` varchar(36) NOT NULL,
  `ALIAS` varchar(255) DEFAULT NULL,
  `REALM_ID` varchar(36) DEFAULT NULL,
  PRIMARY KEY (`ID`),
  KEY `IDX_AUTH_CONFIG_REALM` (`REALM_ID`),
  CONSTRAINT `FK_AUTH_REALM` FOREIGN KEY (`REALM_ID`) REFERENCES `REALM` (`ID`)
) ENGINE=InnoDB DEFAULT CHARSET=utf8mb4 COLLATE=utf8mb4_general_ci;
/*!40101 SET character_set_client = @saved_cs_client */;

--
-- Dumping data for table `AUTHENTICATOR_CONFIG`
--

LOCK TABLES `AUTHENTICATOR_CONFIG` WRITE;
/*!40000 ALTER TABLE `AUTHENTICATOR_CONFIG` DISABLE KEYS */;
INSERT INTO `AUTHENTICATOR_CONFIG` VALUES
('736131db-880f-448e-97ef-7edd0bc0bfd9','review profile config','e4e8cf3b-ef09-49ee-8d86-0c597a9af336'),
('bca8539d-2376-4b45-a705-7f18c5c17b71','create unique user config','e4e8cf3b-ef09-49ee-8d86-0c597a9af336'),
('dd69b6dd-baff-4c44-bc16-a69de779842b','review profile config','fd363fb6-a3fb-495f-b42c-d4a354f0ee78'),
('fbac3ecd-be68-4a3b-9319-99aa78105a3d','create unique user config','fd363fb6-a3fb-495f-b42c-d4a354f0ee78');
/*!40000 ALTER TABLE `AUTHENTICATOR_CONFIG` ENABLE KEYS */;
UNLOCK TABLES;

--
-- Table structure for table `AUTHENTICATOR_CONFIG_ENTRY`
--

DROP TABLE IF EXISTS `AUTHENTICATOR_CONFIG_ENTRY`;
/*!40101 SET @saved_cs_client     = @@character_set_client */;
/*!40101 SET character_set_client = utf8 */;
CREATE TABLE `AUTHENTICATOR_CONFIG_ENTRY` (
  `AUTHENTICATOR_ID` varchar(36) NOT NULL,
  `VALUE` longtext DEFAULT NULL,
  `NAME` varchar(255) NOT NULL,
  PRIMARY KEY (`AUTHENTICATOR_ID`,`NAME`)
) ENGINE=InnoDB DEFAULT CHARSET=utf8mb4 COLLATE=utf8mb4_general_ci;
/*!40101 SET character_set_client = @saved_cs_client */;

--
-- Dumping data for table `AUTHENTICATOR_CONFIG_ENTRY`
--

LOCK TABLES `AUTHENTICATOR_CONFIG_ENTRY` WRITE;
/*!40000 ALTER TABLE `AUTHENTICATOR_CONFIG_ENTRY` DISABLE KEYS */;
INSERT INTO `AUTHENTICATOR_CONFIG_ENTRY` VALUES
('736131db-880f-448e-97ef-7edd0bc0bfd9','missing','update.profile.on.first.login'),
('bca8539d-2376-4b45-a705-7f18c5c17b71','false','require.password.update.after.registration'),
('dd69b6dd-baff-4c44-bc16-a69de779842b','missing','update.profile.on.first.login'),
('fbac3ecd-be68-4a3b-9319-99aa78105a3d','false','require.password.update.after.registration');
/*!40000 ALTER TABLE `AUTHENTICATOR_CONFIG_ENTRY` ENABLE KEYS */;
UNLOCK TABLES;

--
-- Table structure for table `BROKER_LINK`
--

DROP TABLE IF EXISTS `BROKER_LINK`;
/*!40101 SET @saved_cs_client     = @@character_set_client */;
/*!40101 SET character_set_client = utf8 */;
CREATE TABLE `BROKER_LINK` (
  `IDENTITY_PROVIDER` varchar(255) NOT NULL,
  `STORAGE_PROVIDER_ID` varchar(255) DEFAULT NULL,
  `REALM_ID` varchar(36) NOT NULL,
  `BROKER_USER_ID` varchar(255) DEFAULT NULL,
  `BROKER_USERNAME` varchar(255) DEFAULT NULL,
  `TOKEN` text DEFAULT NULL,
  `USER_ID` varchar(255) NOT NULL,
  PRIMARY KEY (`IDENTITY_PROVIDER`,`USER_ID`)
) ENGINE=InnoDB DEFAULT CHARSET=utf8mb4 COLLATE=utf8mb4_general_ci;
/*!40101 SET character_set_client = @saved_cs_client */;

--
-- Dumping data for table `BROKER_LINK`
--

LOCK TABLES `BROKER_LINK` WRITE;
/*!40000 ALTER TABLE `BROKER_LINK` DISABLE KEYS */;
/*!40000 ALTER TABLE `BROKER_LINK` ENABLE KEYS */;
UNLOCK TABLES;

--
-- Table structure for table `CLIENT`
--

DROP TABLE IF EXISTS `CLIENT`;
/*!40101 SET @saved_cs_client     = @@character_set_client */;
/*!40101 SET character_set_client = utf8 */;
CREATE TABLE `CLIENT` (
  `ID` varchar(36) NOT NULL,
  `ENABLED` bit(1) NOT NULL DEFAULT b'0',
  `FULL_SCOPE_ALLOWED` bit(1) NOT NULL DEFAULT b'0',
  `CLIENT_ID` varchar(255) DEFAULT NULL,
  `NOT_BEFORE` int(11) DEFAULT NULL,
  `PUBLIC_CLIENT` bit(1) NOT NULL DEFAULT b'0',
  `SECRET` varchar(255) DEFAULT NULL,
  `BASE_URL` varchar(255) DEFAULT NULL,
  `BEARER_ONLY` bit(1) NOT NULL DEFAULT b'0',
  `MANAGEMENT_URL` varchar(255) DEFAULT NULL,
  `SURROGATE_AUTH_REQUIRED` bit(1) NOT NULL DEFAULT b'0',
  `REALM_ID` varchar(36) DEFAULT NULL,
  `PROTOCOL` varchar(255) DEFAULT NULL,
  `NODE_REREG_TIMEOUT` int(11) DEFAULT 0,
  `FRONTCHANNEL_LOGOUT` bit(1) NOT NULL DEFAULT b'0',
  `CONSENT_REQUIRED` bit(1) NOT NULL DEFAULT b'0',
  `NAME` varchar(255) CHARACTER SET utf8mb3 COLLATE utf8mb3_general_ci DEFAULT NULL,
  `SERVICE_ACCOUNTS_ENABLED` bit(1) NOT NULL DEFAULT b'0',
  `CLIENT_AUTHENTICATOR_TYPE` varchar(255) DEFAULT NULL,
  `ROOT_URL` varchar(255) DEFAULT NULL,
  `DESCRIPTION` varchar(255) CHARACTER SET utf8mb3 COLLATE utf8mb3_general_ci DEFAULT NULL,
  `REGISTRATION_TOKEN` varchar(255) DEFAULT NULL,
  `STANDARD_FLOW_ENABLED` bit(1) NOT NULL DEFAULT b'1',
  `IMPLICIT_FLOW_ENABLED` bit(1) NOT NULL DEFAULT b'0',
  `DIRECT_ACCESS_GRANTS_ENABLED` bit(1) NOT NULL DEFAULT b'0',
  `ALWAYS_DISPLAY_IN_CONSOLE` bit(1) NOT NULL DEFAULT b'0',
  PRIMARY KEY (`ID`),
  UNIQUE KEY `UK_B71CJLBENV945RB6GCON438AT` (`REALM_ID`,`CLIENT_ID`),
  KEY `IDX_CLIENT_ID` (`CLIENT_ID`)
) ENGINE=InnoDB DEFAULT CHARSET=utf8mb4 COLLATE=utf8mb4_general_ci;
/*!40101 SET character_set_client = @saved_cs_client */;

--
-- Dumping data for table `CLIENT`
--

LOCK TABLES `CLIENT` WRITE;
/*!40000 ALTER TABLE `CLIENT` DISABLE KEYS */;
INSERT INTO `CLIENT` VALUES
('0a3196e5-b4a3-4a01-81be-66506e7c1601','','\0','intranet-realm',0,'\0',NULL,NULL,'',NULL,'\0','fd363fb6-a3fb-495f-b42c-d4a354f0ee78',NULL,0,'\0','\0','intranet Realm','\0','client-secret',NULL,NULL,NULL,'','\0','\0','\0'),
('2a000127-367e-4f1a-9763-aa1ece5bae6f','','\0','broker',0,'\0',NULL,NULL,'',NULL,'\0','e4e8cf3b-ef09-49ee-8d86-0c597a9af336','openid-connect',0,'\0','\0','${client_broker}','\0','client-secret',NULL,NULL,NULL,'','\0','\0','\0'),
('2cae3ab4-12ce-4da4-81da-f319887f71ad','','\0','broker',0,'\0',NULL,NULL,'',NULL,'\0','fd363fb6-a3fb-495f-b42c-d4a354f0ee78','openid-connect',0,'\0','\0','${client_broker}','\0','client-secret',NULL,NULL,NULL,'','\0','\0','\0'),
('2f0f7363-8df8-42e4-9c94-1dfeb6f692ab','','\0','realm-management',0,'\0',NULL,NULL,'',NULL,'\0','e4e8cf3b-ef09-49ee-8d86-0c597a9af336','openid-connect',0,'\0','\0','${client_realm-management}','\0','client-secret',NULL,NULL,NULL,'','\0','\0','\0'),
('2ff56ff8-2a42-407a-849e-04ae436e49e6','','\0','security-admin-console',0,'',NULL,'/admin/intranet/console/','\0',NULL,'\0','e4e8cf3b-ef09-49ee-8d86-0c597a9af336','openid-connect',0,'\0','\0','${client_security-admin-console}','\0','client-secret','${authAdminUrl}',NULL,NULL,'','\0','\0','\0'),
('32af28b8-0b36-492c-9e1a-7642db224b3b','','\0','account',0,'',NULL,'/realms/master/account/','\0',NULL,'\0','fd363fb6-a3fb-495f-b42c-d4a354f0ee78','openid-connect',0,'\0','\0','${client_account}','\0','client-secret','${authBaseUrl}',NULL,NULL,'','\0','\0','\0'),
('4bc080f8-df76-48e5-b00f-53c6c5d9ddbc','','\0','account-console',0,'',NULL,'/realms/intranet/account/','\0',NULL,'\0','e4e8cf3b-ef09-49ee-8d86-0c597a9af336','openid-connect',0,'\0','\0','${client_account-console}','\0','client-secret','${authBaseUrl}',NULL,NULL,'','\0','\0','\0'),
('56ab801b-f5aa-4e2b-b78d-3308423abf7c','','\0','admin-cli',0,'',NULL,NULL,'\0',NULL,'\0','e4e8cf3b-ef09-49ee-8d86-0c597a9af336','openid-connect',0,'\0','\0','${client_admin-cli}','\0','client-secret',NULL,NULL,NULL,'\0','\0','','\0'),
('719a514c-5c5c-4d3e-878f-d0ce92fbe3d1','','','intranet-front',0,'',NULL,'','\0','https://localhost:3000','\0','e4e8cf3b-ef09-49ee-8d86-0c597a9af336','openid-connect',-1,'','\0','Intranet Inssat','\0','client-secret','https://intranet.dapi-services.fr','',NULL,'','\0','','\0'),
('7baa8945-838c-4dd7-969b-8aaebc709d86','','\0','master-realm',0,'\0',NULL,NULL,'',NULL,'\0','fd363fb6-a3fb-495f-b42c-d4a354f0ee78',NULL,0,'\0','\0','master Realm','\0','client-secret',NULL,NULL,NULL,'','\0','\0','\0'),
('961da279-7d3a-4ac3-9f1a-8571df95991e','','\0','security-admin-console',0,'',NULL,'/admin/master/console/','\0',NULL,'\0','fd363fb6-a3fb-495f-b42c-d4a354f0ee78','openid-connect',0,'\0','\0','${client_security-admin-console}','\0','client-secret','${authAdminUrl}',NULL,NULL,'','\0','\0','\0'),
('c86da4fb-c3ed-4531-a542-46f4445505af','','\0','account',0,'',NULL,'/realms/intranet/account/','\0',NULL,'\0','e4e8cf3b-ef09-49ee-8d86-0c597a9af336','openid-connect',0,'\0','\0','${client_account}','\0','client-secret','${authBaseUrl}',NULL,NULL,'','\0','\0','\0'),
('ce1b677c-0648-44a2-916b-8b28e35ea7d2','','\0','account-console',0,'',NULL,'/realms/master/account/','\0',NULL,'\0','fd363fb6-a3fb-495f-b42c-d4a354f0ee78','openid-connect',0,'\0','\0','${client_account-console}','\0','client-secret','${authBaseUrl}',NULL,NULL,'','\0','\0','\0'),
('d058fa38-9df4-4ee9-9bfa-902923b6ae32','','','intranet-back',0,'\0','1o2wU8DVLwWDEhft6b0r2VpNiETP07p2','','\0','','\0','e4e8cf3b-ef09-49ee-8d86-0c597a9af336','openid-connect',-1,'','\0','back end service','','client-secret','https://api.dapi-services.fr','',NULL,'\0','\0','',''),
('e6c96b50-21b5-4676-9567-9f12ff1684be','','\0','admin-cli',0,'',NULL,NULL,'\0',NULL,'\0','fd363fb6-a3fb-495f-b42c-d4a354f0ee78','openid-connect',0,'\0','\0','${client_admin-cli}','\0','client-secret',NULL,NULL,NULL,'\0','\0','','\0');
/*!40000 ALTER TABLE `CLIENT` ENABLE KEYS */;
UNLOCK TABLES;

--
-- Table structure for table `CLIENT_ATTRIBUTES`
--

DROP TABLE IF EXISTS `CLIENT_ATTRIBUTES`;
/*!40101 SET @saved_cs_client     = @@character_set_client */;
/*!40101 SET character_set_client = utf8 */;
CREATE TABLE `CLIENT_ATTRIBUTES` (
  `CLIENT_ID` varchar(36) NOT NULL,
  `NAME` varchar(255) NOT NULL,
  `VALUE` longtext CHARACTER SET utf8mb3 COLLATE utf8mb3_general_ci DEFAULT NULL,
  PRIMARY KEY (`CLIENT_ID`,`NAME`),
  KEY `IDX_CLIENT_ATT_BY_NAME_VALUE` (`NAME`),
  CONSTRAINT `FK3C47C64BEACCA966` FOREIGN KEY (`CLIENT_ID`) REFERENCES `CLIENT` (`ID`)
) ENGINE=InnoDB DEFAULT CHARSET=utf8mb4 COLLATE=utf8mb4_general_ci;
/*!40101 SET character_set_client = @saved_cs_client */;

--
-- Dumping data for table `CLIENT_ATTRIBUTES`
--

LOCK TABLES `CLIENT_ATTRIBUTES` WRITE;
/*!40000 ALTER TABLE `CLIENT_ATTRIBUTES` DISABLE KEYS */;
INSERT INTO `CLIENT_ATTRIBUTES` VALUES
('2ff56ff8-2a42-407a-849e-04ae436e49e6','pkce.code.challenge.method','S256'),
('2ff56ff8-2a42-407a-849e-04ae436e49e6','post.logout.redirect.uris','+'),
('32af28b8-0b36-492c-9e1a-7642db224b3b','post.logout.redirect.uris','+'),
('4bc080f8-df76-48e5-b00f-53c6c5d9ddbc','pkce.code.challenge.method','S256'),
('4bc080f8-df76-48e5-b00f-53c6c5d9ddbc','post.logout.redirect.uris','+'),
('719a514c-5c5c-4d3e-878f-d0ce92fbe3d1','acr.loa.map','{}'),
('719a514c-5c5c-4d3e-878f-d0ce92fbe3d1','backchannel.logout.revoke.offline.tokens','false'),
('719a514c-5c5c-4d3e-878f-d0ce92fbe3d1','backchannel.logout.session.required','true'),
('719a514c-5c5c-4d3e-878f-d0ce92fbe3d1','client.secret.creation.time','1698496793'),
('719a514c-5c5c-4d3e-878f-d0ce92fbe3d1','client_credentials.use_refresh_token','false'),
('719a514c-5c5c-4d3e-878f-d0ce92fbe3d1','display.on.consent.screen','false'),
('719a514c-5c5c-4d3e-878f-d0ce92fbe3d1','oauth2.device.authorization.grant.enabled','false'),
('719a514c-5c5c-4d3e-878f-d0ce92fbe3d1','oidc.ciba.grant.enabled','false'),
('719a514c-5c5c-4d3e-878f-d0ce92fbe3d1','post.logout.redirect.uris','+'),
('719a514c-5c5c-4d3e-878f-d0ce92fbe3d1','require.pushed.authorization.requests','false'),
('719a514c-5c5c-4d3e-878f-d0ce92fbe3d1','tls.client.certificate.bound.access.tokens','false'),
('719a514c-5c5c-4d3e-878f-d0ce92fbe3d1','token.response.type.bearer.lower-case','false'),
('719a514c-5c5c-4d3e-878f-d0ce92fbe3d1','use.refresh.tokens','true'),
('961da279-7d3a-4ac3-9f1a-8571df95991e','pkce.code.challenge.method','S256'),
('961da279-7d3a-4ac3-9f1a-8571df95991e','post.logout.redirect.uris','+'),
('c86da4fb-c3ed-4531-a542-46f4445505af','post.logout.redirect.uris','+'),
('ce1b677c-0648-44a2-916b-8b28e35ea7d2','pkce.code.challenge.method','S256'),
('ce1b677c-0648-44a2-916b-8b28e35ea7d2','post.logout.redirect.uris','+'),
('d058fa38-9df4-4ee9-9bfa-902923b6ae32','backchannel.logout.revoke.offline.tokens','false'),
('d058fa38-9df4-4ee9-9bfa-902923b6ae32','backchannel.logout.session.required','true'),
('d058fa38-9df4-4ee9-9bfa-902923b6ae32','client.secret.creation.time','1698418752'),
('d058fa38-9df4-4ee9-9bfa-902923b6ae32','display.on.consent.screen','false'),
('d058fa38-9df4-4ee9-9bfa-902923b6ae32','oauth2.device.authorization.grant.enabled','false'),
('d058fa38-9df4-4ee9-9bfa-902923b6ae32','oidc.ciba.grant.enabled','false'),
('d058fa38-9df4-4ee9-9bfa-902923b6ae32','post.logout.redirect.uris','+');
/*!40000 ALTER TABLE `CLIENT_ATTRIBUTES` ENABLE KEYS */;
UNLOCK TABLES;

--
-- Table structure for table `CLIENT_AUTH_FLOW_BINDINGS`
--

DROP TABLE IF EXISTS `CLIENT_AUTH_FLOW_BINDINGS`;
/*!40101 SET @saved_cs_client     = @@character_set_client */;
/*!40101 SET character_set_client = utf8 */;
CREATE TABLE `CLIENT_AUTH_FLOW_BINDINGS` (
  `CLIENT_ID` varchar(36) NOT NULL,
  `FLOW_ID` varchar(36) DEFAULT NULL,
  `BINDING_NAME` varchar(255) NOT NULL,
  PRIMARY KEY (`CLIENT_ID`,`BINDING_NAME`)
) ENGINE=InnoDB DEFAULT CHARSET=utf8mb4 COLLATE=utf8mb4_general_ci;
/*!40101 SET character_set_client = @saved_cs_client */;

--
-- Dumping data for table `CLIENT_AUTH_FLOW_BINDINGS`
--

LOCK TABLES `CLIENT_AUTH_FLOW_BINDINGS` WRITE;
/*!40000 ALTER TABLE `CLIENT_AUTH_FLOW_BINDINGS` DISABLE KEYS */;
/*!40000 ALTER TABLE `CLIENT_AUTH_FLOW_BINDINGS` ENABLE KEYS */;
UNLOCK TABLES;

--
-- Table structure for table `CLIENT_INITIAL_ACCESS`
--

DROP TABLE IF EXISTS `CLIENT_INITIAL_ACCESS`;
/*!40101 SET @saved_cs_client     = @@character_set_client */;
/*!40101 SET character_set_client = utf8 */;
CREATE TABLE `CLIENT_INITIAL_ACCESS` (
  `ID` varchar(36) NOT NULL,
  `REALM_ID` varchar(36) NOT NULL,
  `TIMESTAMP` int(11) DEFAULT NULL,
  `EXPIRATION` int(11) DEFAULT NULL,
  `COUNT` int(11) DEFAULT NULL,
  `REMAINING_COUNT` int(11) DEFAULT NULL,
  PRIMARY KEY (`ID`),
  KEY `IDX_CLIENT_INIT_ACC_REALM` (`REALM_ID`),
  CONSTRAINT `FK_CLIENT_INIT_ACC_REALM` FOREIGN KEY (`REALM_ID`) REFERENCES `REALM` (`ID`)
) ENGINE=InnoDB DEFAULT CHARSET=utf8mb4 COLLATE=utf8mb4_general_ci;
/*!40101 SET character_set_client = @saved_cs_client */;

--
-- Dumping data for table `CLIENT_INITIAL_ACCESS`
--

LOCK TABLES `CLIENT_INITIAL_ACCESS` WRITE;
/*!40000 ALTER TABLE `CLIENT_INITIAL_ACCESS` DISABLE KEYS */;
/*!40000 ALTER TABLE `CLIENT_INITIAL_ACCESS` ENABLE KEYS */;
UNLOCK TABLES;

--
-- Table structure for table `CLIENT_NODE_REGISTRATIONS`
--

DROP TABLE IF EXISTS `CLIENT_NODE_REGISTRATIONS`;
/*!40101 SET @saved_cs_client     = @@character_set_client */;
/*!40101 SET character_set_client = utf8 */;
CREATE TABLE `CLIENT_NODE_REGISTRATIONS` (
  `CLIENT_ID` varchar(36) NOT NULL,
  `VALUE` int(11) DEFAULT NULL,
  `NAME` varchar(255) NOT NULL,
  PRIMARY KEY (`CLIENT_ID`,`NAME`),
  CONSTRAINT `FK4129723BA992F594` FOREIGN KEY (`CLIENT_ID`) REFERENCES `CLIENT` (`ID`)
) ENGINE=InnoDB DEFAULT CHARSET=utf8mb4 COLLATE=utf8mb4_general_ci;
/*!40101 SET character_set_client = @saved_cs_client */;

--
-- Dumping data for table `CLIENT_NODE_REGISTRATIONS`
--

LOCK TABLES `CLIENT_NODE_REGISTRATIONS` WRITE;
/*!40000 ALTER TABLE `CLIENT_NODE_REGISTRATIONS` DISABLE KEYS */;
/*!40000 ALTER TABLE `CLIENT_NODE_REGISTRATIONS` ENABLE KEYS */;
UNLOCK TABLES;

--
-- Table structure for table `CLIENT_SCOPE`
--

DROP TABLE IF EXISTS `CLIENT_SCOPE`;
/*!40101 SET @saved_cs_client     = @@character_set_client */;
/*!40101 SET character_set_client = utf8 */;
CREATE TABLE `CLIENT_SCOPE` (
  `ID` varchar(36) NOT NULL,
  `NAME` varchar(255) DEFAULT NULL,
  `REALM_ID` varchar(36) DEFAULT NULL,
  `DESCRIPTION` varchar(255) CHARACTER SET utf8mb3 COLLATE utf8mb3_general_ci DEFAULT NULL,
  `PROTOCOL` varchar(255) DEFAULT NULL,
  PRIMARY KEY (`ID`),
  UNIQUE KEY `UK_CLI_SCOPE` (`REALM_ID`,`NAME`),
  KEY `IDX_REALM_CLSCOPE` (`REALM_ID`)
) ENGINE=InnoDB DEFAULT CHARSET=utf8mb4 COLLATE=utf8mb4_general_ci;
/*!40101 SET character_set_client = @saved_cs_client */;

--
-- Dumping data for table `CLIENT_SCOPE`
--

LOCK TABLES `CLIENT_SCOPE` WRITE;
/*!40000 ALTER TABLE `CLIENT_SCOPE` DISABLE KEYS */;
INSERT INTO `CLIENT_SCOPE` VALUES
('01736c2f-1d9f-4d50-86cd-6412c6763dfb','microprofile-jwt','e4e8cf3b-ef09-49ee-8d86-0c597a9af336','Microprofile - JWT built-in scope','openid-connect'),
('0c7b2fb3-14f9-4cf7-a129-afa40bca84af','acr','e4e8cf3b-ef09-49ee-8d86-0c597a9af336','OpenID Connect scope for add acr (authentication context class reference) to the token','openid-connect'),
('1f059711-8f73-43b7-835b-f1bbe2177999','roles','e4e8cf3b-ef09-49ee-8d86-0c597a9af336','OpenID Connect scope for add user roles to the access token','openid-connect'),
('24193d61-1d4f-4be6-840a-c1b547fe5734','email','e4e8cf3b-ef09-49ee-8d86-0c597a9af336','OpenID Connect built-in scope: email','openid-connect'),
('2d478691-8b5b-4856-8fd0-d09017fb14f1','roles','fd363fb6-a3fb-495f-b42c-d4a354f0ee78','OpenID Connect scope for add user roles to the access token','openid-connect'),
('3d11fe8c-7a86-4bfb-bc94-fab39cd1371d','offline_access','e4e8cf3b-ef09-49ee-8d86-0c597a9af336','OpenID Connect built-in scope: offline_access','openid-connect'),
('506b2c33-a865-495f-82fc-cfd4b42194bd','phone','e4e8cf3b-ef09-49ee-8d86-0c597a9af336','OpenID Connect built-in scope: phone','openid-connect'),
('596176ed-3d91-4528-82e6-a21db70dd4ba','acr','fd363fb6-a3fb-495f-b42c-d4a354f0ee78','OpenID Connect scope for add acr (authentication context class reference) to the token','openid-connect'),
('60a9d6eb-04f0-4a0d-881d-115aa66255d2','role_list','fd363fb6-a3fb-495f-b42c-d4a354f0ee78','SAML role list','saml'),
('79077b84-42ff-4a67-94a6-1704d8329b1c','email','fd363fb6-a3fb-495f-b42c-d4a354f0ee78','OpenID Connect built-in scope: email','openid-connect'),
('813b41a0-a539-45b5-b9c5-795586e8d6f2','microprofile-jwt','fd363fb6-a3fb-495f-b42c-d4a354f0ee78','Microprofile - JWT built-in scope','openid-connect'),
('8b2ebbbc-2777-4525-986f-d99e34c33d13','phone','fd363fb6-a3fb-495f-b42c-d4a354f0ee78','OpenID Connect built-in scope: phone','openid-connect'),
('a91a8967-0db0-4207-b80e-9056e42ea581','address','fd363fb6-a3fb-495f-b42c-d4a354f0ee78','OpenID Connect built-in scope: address','openid-connect'),
('b403a5ac-aa8f-4678-b17b-f88287830743','profile','e4e8cf3b-ef09-49ee-8d86-0c597a9af336','OpenID Connect built-in scope: profile','openid-connect'),
('ba2beb70-dd6b-40c6-bc61-2accfafa6539','web-origins','e4e8cf3b-ef09-49ee-8d86-0c597a9af336','OpenID Connect scope for add allowed web origins to the access token','openid-connect'),
('d595c710-661d-4f05-93c8-401005860030','offline_access','fd363fb6-a3fb-495f-b42c-d4a354f0ee78','OpenID Connect built-in scope: offline_access','openid-connect'),
('dbaad53d-c077-4ee1-8d9c-c89bf85eabb2','profile','fd363fb6-a3fb-495f-b42c-d4a354f0ee78','OpenID Connect built-in scope: profile','openid-connect'),
('e1ae110f-45f5-4390-9674-903b46a84a0c','web-origins','fd363fb6-a3fb-495f-b42c-d4a354f0ee78','OpenID Connect scope for add allowed web origins to the access token','openid-connect'),
('edf95164-ccad-475b-937e-ccb50969bc20','address','e4e8cf3b-ef09-49ee-8d86-0c597a9af336','OpenID Connect built-in scope: address','openid-connect'),
('f6f704ff-711a-470a-80f4-c44b91021d89','role_list','e4e8cf3b-ef09-49ee-8d86-0c597a9af336','SAML role list','saml');
/*!40000 ALTER TABLE `CLIENT_SCOPE` ENABLE KEYS */;
UNLOCK TABLES;

--
-- Table structure for table `CLIENT_SCOPE_ATTRIBUTES`
--

DROP TABLE IF EXISTS `CLIENT_SCOPE_ATTRIBUTES`;
/*!40101 SET @saved_cs_client     = @@character_set_client */;
/*!40101 SET character_set_client = utf8 */;
CREATE TABLE `CLIENT_SCOPE_ATTRIBUTES` (
  `SCOPE_ID` varchar(36) NOT NULL,
  `VALUE` text DEFAULT NULL,
  `NAME` varchar(255) NOT NULL,
  PRIMARY KEY (`SCOPE_ID`,`NAME`),
  KEY `IDX_CLSCOPE_ATTRS` (`SCOPE_ID`),
  CONSTRAINT `FK_CL_SCOPE_ATTR_SCOPE` FOREIGN KEY (`SCOPE_ID`) REFERENCES `CLIENT_SCOPE` (`ID`)
) ENGINE=InnoDB DEFAULT CHARSET=utf8mb4 COLLATE=utf8mb4_general_ci;
/*!40101 SET character_set_client = @saved_cs_client */;

--
-- Dumping data for table `CLIENT_SCOPE_ATTRIBUTES`
--

LOCK TABLES `CLIENT_SCOPE_ATTRIBUTES` WRITE;
/*!40000 ALTER TABLE `CLIENT_SCOPE_ATTRIBUTES` DISABLE KEYS */;
INSERT INTO `CLIENT_SCOPE_ATTRIBUTES` VALUES
('01736c2f-1d9f-4d50-86cd-6412c6763dfb','false','display.on.consent.screen'),
('01736c2f-1d9f-4d50-86cd-6412c6763dfb','true','include.in.token.scope'),
('0c7b2fb3-14f9-4cf7-a129-afa40bca84af','false','display.on.consent.screen'),
('0c7b2fb3-14f9-4cf7-a129-afa40bca84af','false','include.in.token.scope'),
('1f059711-8f73-43b7-835b-f1bbe2177999','${rolesScopeConsentText}','consent.screen.text'),
('1f059711-8f73-43b7-835b-f1bbe2177999','true','display.on.consent.screen'),
('1f059711-8f73-43b7-835b-f1bbe2177999','','gui.order'),
('1f059711-8f73-43b7-835b-f1bbe2177999','true','include.in.token.scope'),
('24193d61-1d4f-4be6-840a-c1b547fe5734','${emailScopeConsentText}','consent.screen.text'),
('24193d61-1d4f-4be6-840a-c1b547fe5734','true','display.on.consent.screen'),
('24193d61-1d4f-4be6-840a-c1b547fe5734','true','include.in.token.scope'),
('2d478691-8b5b-4856-8fd0-d09017fb14f1','${rolesScopeConsentText}','consent.screen.text'),
('2d478691-8b5b-4856-8fd0-d09017fb14f1','true','display.on.consent.screen'),
('2d478691-8b5b-4856-8fd0-d09017fb14f1','false','include.in.token.scope'),
('3d11fe8c-7a86-4bfb-bc94-fab39cd1371d','${offlineAccessScopeConsentText}','consent.screen.text'),
('3d11fe8c-7a86-4bfb-bc94-fab39cd1371d','true','display.on.consent.screen'),
('506b2c33-a865-495f-82fc-cfd4b42194bd','${phoneScopeConsentText}','consent.screen.text'),
('506b2c33-a865-495f-82fc-cfd4b42194bd','true','display.on.consent.screen'),
('506b2c33-a865-495f-82fc-cfd4b42194bd','true','include.in.token.scope'),
('596176ed-3d91-4528-82e6-a21db70dd4ba','false','display.on.consent.screen'),
('596176ed-3d91-4528-82e6-a21db70dd4ba','false','include.in.token.scope'),
('60a9d6eb-04f0-4a0d-881d-115aa66255d2','${samlRoleListScopeConsentText}','consent.screen.text'),
('60a9d6eb-04f0-4a0d-881d-115aa66255d2','true','display.on.consent.screen'),
('79077b84-42ff-4a67-94a6-1704d8329b1c','${emailScopeConsentText}','consent.screen.text'),
('79077b84-42ff-4a67-94a6-1704d8329b1c','true','display.on.consent.screen'),
('79077b84-42ff-4a67-94a6-1704d8329b1c','true','include.in.token.scope'),
('813b41a0-a539-45b5-b9c5-795586e8d6f2','false','display.on.consent.screen'),
('813b41a0-a539-45b5-b9c5-795586e8d6f2','true','include.in.token.scope'),
('8b2ebbbc-2777-4525-986f-d99e34c33d13','${phoneScopeConsentText}','consent.screen.text'),
('8b2ebbbc-2777-4525-986f-d99e34c33d13','true','display.on.consent.screen'),
('8b2ebbbc-2777-4525-986f-d99e34c33d13','true','include.in.token.scope'),
('a91a8967-0db0-4207-b80e-9056e42ea581','${addressScopeConsentText}','consent.screen.text'),
('a91a8967-0db0-4207-b80e-9056e42ea581','true','display.on.consent.screen'),
('a91a8967-0db0-4207-b80e-9056e42ea581','true','include.in.token.scope'),
('b403a5ac-aa8f-4678-b17b-f88287830743','${profileScopeConsentText}','consent.screen.text'),
('b403a5ac-aa8f-4678-b17b-f88287830743','true','display.on.consent.screen'),
('b403a5ac-aa8f-4678-b17b-f88287830743','true','include.in.token.scope'),
('ba2beb70-dd6b-40c6-bc61-2accfafa6539','','consent.screen.text'),
('ba2beb70-dd6b-40c6-bc61-2accfafa6539','false','display.on.consent.screen'),
('ba2beb70-dd6b-40c6-bc61-2accfafa6539','false','include.in.token.scope'),
('d595c710-661d-4f05-93c8-401005860030','${offlineAccessScopeConsentText}','consent.screen.text'),
('d595c710-661d-4f05-93c8-401005860030','true','display.on.consent.screen'),
('dbaad53d-c077-4ee1-8d9c-c89bf85eabb2','${profileScopeConsentText}','consent.screen.text'),
('dbaad53d-c077-4ee1-8d9c-c89bf85eabb2','true','display.on.consent.screen'),
('dbaad53d-c077-4ee1-8d9c-c89bf85eabb2','true','include.in.token.scope'),
('e1ae110f-45f5-4390-9674-903b46a84a0c','','consent.screen.text'),
('e1ae110f-45f5-4390-9674-903b46a84a0c','false','display.on.consent.screen'),
('e1ae110f-45f5-4390-9674-903b46a84a0c','false','include.in.token.scope'),
('edf95164-ccad-475b-937e-ccb50969bc20','${addressScopeConsentText}','consent.screen.text'),
('edf95164-ccad-475b-937e-ccb50969bc20','true','display.on.consent.screen'),
('edf95164-ccad-475b-937e-ccb50969bc20','true','include.in.token.scope'),
('f6f704ff-711a-470a-80f4-c44b91021d89','${samlRoleListScopeConsentText}','consent.screen.text'),
('f6f704ff-711a-470a-80f4-c44b91021d89','true','display.on.consent.screen'),
('f6f704ff-711a-470a-80f4-c44b91021d89','','gui.order'),
('f6f704ff-711a-470a-80f4-c44b91021d89','true','include.in.token.scope');
/*!40000 ALTER TABLE `CLIENT_SCOPE_ATTRIBUTES` ENABLE KEYS */;
UNLOCK TABLES;

--
-- Table structure for table `CLIENT_SCOPE_CLIENT`
--

DROP TABLE IF EXISTS `CLIENT_SCOPE_CLIENT`;
/*!40101 SET @saved_cs_client     = @@character_set_client */;
/*!40101 SET character_set_client = utf8 */;
CREATE TABLE `CLIENT_SCOPE_CLIENT` (
  `CLIENT_ID` varchar(255) NOT NULL,
  `SCOPE_ID` varchar(255) NOT NULL,
  `DEFAULT_SCOPE` bit(1) NOT NULL DEFAULT b'0',
  PRIMARY KEY (`CLIENT_ID`,`SCOPE_ID`),
  KEY `IDX_CLSCOPE_CL` (`CLIENT_ID`),
  KEY `IDX_CL_CLSCOPE` (`SCOPE_ID`)
) ENGINE=InnoDB DEFAULT CHARSET=utf8mb4 COLLATE=utf8mb4_general_ci;
/*!40101 SET character_set_client = @saved_cs_client */;

--
-- Dumping data for table `CLIENT_SCOPE_CLIENT`
--

LOCK TABLES `CLIENT_SCOPE_CLIENT` WRITE;
/*!40000 ALTER TABLE `CLIENT_SCOPE_CLIENT` DISABLE KEYS */;
INSERT INTO `CLIENT_SCOPE_CLIENT` VALUES
('2a000127-367e-4f1a-9763-aa1ece5bae6f','01736c2f-1d9f-4d50-86cd-6412c6763dfb','\0'),
('2a000127-367e-4f1a-9763-aa1ece5bae6f','0c7b2fb3-14f9-4cf7-a129-afa40bca84af',''),
('2a000127-367e-4f1a-9763-aa1ece5bae6f','1f059711-8f73-43b7-835b-f1bbe2177999',''),
('2a000127-367e-4f1a-9763-aa1ece5bae6f','24193d61-1d4f-4be6-840a-c1b547fe5734',''),
('2a000127-367e-4f1a-9763-aa1ece5bae6f','3d11fe8c-7a86-4bfb-bc94-fab39cd1371d','\0'),
('2a000127-367e-4f1a-9763-aa1ece5bae6f','506b2c33-a865-495f-82fc-cfd4b42194bd','\0'),
('2a000127-367e-4f1a-9763-aa1ece5bae6f','b403a5ac-aa8f-4678-b17b-f88287830743',''),
('2a000127-367e-4f1a-9763-aa1ece5bae6f','ba2beb70-dd6b-40c6-bc61-2accfafa6539',''),
('2a000127-367e-4f1a-9763-aa1ece5bae6f','edf95164-ccad-475b-937e-ccb50969bc20','\0'),
('2cae3ab4-12ce-4da4-81da-f319887f71ad','2d478691-8b5b-4856-8fd0-d09017fb14f1',''),
('2cae3ab4-12ce-4da4-81da-f319887f71ad','596176ed-3d91-4528-82e6-a21db70dd4ba',''),
('2cae3ab4-12ce-4da4-81da-f319887f71ad','79077b84-42ff-4a67-94a6-1704d8329b1c',''),
('2cae3ab4-12ce-4da4-81da-f319887f71ad','813b41a0-a539-45b5-b9c5-795586e8d6f2','\0'),
('2cae3ab4-12ce-4da4-81da-f319887f71ad','8b2ebbbc-2777-4525-986f-d99e34c33d13','\0'),
('2cae3ab4-12ce-4da4-81da-f319887f71ad','a91a8967-0db0-4207-b80e-9056e42ea581','\0'),
('2cae3ab4-12ce-4da4-81da-f319887f71ad','d595c710-661d-4f05-93c8-401005860030','\0'),
('2cae3ab4-12ce-4da4-81da-f319887f71ad','dbaad53d-c077-4ee1-8d9c-c89bf85eabb2',''),
('2cae3ab4-12ce-4da4-81da-f319887f71ad','e1ae110f-45f5-4390-9674-903b46a84a0c',''),
('2f0f7363-8df8-42e4-9c94-1dfeb6f692ab','01736c2f-1d9f-4d50-86cd-6412c6763dfb','\0'),
('2f0f7363-8df8-42e4-9c94-1dfeb6f692ab','0c7b2fb3-14f9-4cf7-a129-afa40bca84af',''),
('2f0f7363-8df8-42e4-9c94-1dfeb6f692ab','1f059711-8f73-43b7-835b-f1bbe2177999',''),
('2f0f7363-8df8-42e4-9c94-1dfeb6f692ab','24193d61-1d4f-4be6-840a-c1b547fe5734',''),
('2f0f7363-8df8-42e4-9c94-1dfeb6f692ab','3d11fe8c-7a86-4bfb-bc94-fab39cd1371d','\0'),
('2f0f7363-8df8-42e4-9c94-1dfeb6f692ab','506b2c33-a865-495f-82fc-cfd4b42194bd','\0'),
('2f0f7363-8df8-42e4-9c94-1dfeb6f692ab','b403a5ac-aa8f-4678-b17b-f88287830743',''),
('2f0f7363-8df8-42e4-9c94-1dfeb6f692ab','ba2beb70-dd6b-40c6-bc61-2accfafa6539',''),
('2f0f7363-8df8-42e4-9c94-1dfeb6f692ab','edf95164-ccad-475b-937e-ccb50969bc20','\0'),
('2ff56ff8-2a42-407a-849e-04ae436e49e6','01736c2f-1d9f-4d50-86cd-6412c6763dfb','\0'),
('2ff56ff8-2a42-407a-849e-04ae436e49e6','0c7b2fb3-14f9-4cf7-a129-afa40bca84af',''),
('2ff56ff8-2a42-407a-849e-04ae436e49e6','1f059711-8f73-43b7-835b-f1bbe2177999',''),
('2ff56ff8-2a42-407a-849e-04ae436e49e6','24193d61-1d4f-4be6-840a-c1b547fe5734',''),
('2ff56ff8-2a42-407a-849e-04ae436e49e6','3d11fe8c-7a86-4bfb-bc94-fab39cd1371d','\0'),
('2ff56ff8-2a42-407a-849e-04ae436e49e6','506b2c33-a865-495f-82fc-cfd4b42194bd','\0'),
('2ff56ff8-2a42-407a-849e-04ae436e49e6','b403a5ac-aa8f-4678-b17b-f88287830743',''),
('2ff56ff8-2a42-407a-849e-04ae436e49e6','ba2beb70-dd6b-40c6-bc61-2accfafa6539',''),
('2ff56ff8-2a42-407a-849e-04ae436e49e6','edf95164-ccad-475b-937e-ccb50969bc20','\0'),
('32af28b8-0b36-492c-9e1a-7642db224b3b','2d478691-8b5b-4856-8fd0-d09017fb14f1',''),
('32af28b8-0b36-492c-9e1a-7642db224b3b','596176ed-3d91-4528-82e6-a21db70dd4ba',''),
('32af28b8-0b36-492c-9e1a-7642db224b3b','79077b84-42ff-4a67-94a6-1704d8329b1c',''),
('32af28b8-0b36-492c-9e1a-7642db224b3b','813b41a0-a539-45b5-b9c5-795586e8d6f2','\0'),
('32af28b8-0b36-492c-9e1a-7642db224b3b','8b2ebbbc-2777-4525-986f-d99e34c33d13','\0'),
('32af28b8-0b36-492c-9e1a-7642db224b3b','a91a8967-0db0-4207-b80e-9056e42ea581','\0'),
('32af28b8-0b36-492c-9e1a-7642db224b3b','d595c710-661d-4f05-93c8-401005860030','\0'),
('32af28b8-0b36-492c-9e1a-7642db224b3b','dbaad53d-c077-4ee1-8d9c-c89bf85eabb2',''),
('32af28b8-0b36-492c-9e1a-7642db224b3b','e1ae110f-45f5-4390-9674-903b46a84a0c',''),
('4bc080f8-df76-48e5-b00f-53c6c5d9ddbc','01736c2f-1d9f-4d50-86cd-6412c6763dfb','\0'),
('4bc080f8-df76-48e5-b00f-53c6c5d9ddbc','0c7b2fb3-14f9-4cf7-a129-afa40bca84af',''),
('4bc080f8-df76-48e5-b00f-53c6c5d9ddbc','1f059711-8f73-43b7-835b-f1bbe2177999',''),
('4bc080f8-df76-48e5-b00f-53c6c5d9ddbc','24193d61-1d4f-4be6-840a-c1b547fe5734',''),
('4bc080f8-df76-48e5-b00f-53c6c5d9ddbc','3d11fe8c-7a86-4bfb-bc94-fab39cd1371d','\0'),
('4bc080f8-df76-48e5-b00f-53c6c5d9ddbc','506b2c33-a865-495f-82fc-cfd4b42194bd','\0'),
('4bc080f8-df76-48e5-b00f-53c6c5d9ddbc','b403a5ac-aa8f-4678-b17b-f88287830743',''),
('4bc080f8-df76-48e5-b00f-53c6c5d9ddbc','ba2beb70-dd6b-40c6-bc61-2accfafa6539',''),
('4bc080f8-df76-48e5-b00f-53c6c5d9ddbc','edf95164-ccad-475b-937e-ccb50969bc20','\0'),
('56ab801b-f5aa-4e2b-b78d-3308423abf7c','01736c2f-1d9f-4d50-86cd-6412c6763dfb','\0'),
('56ab801b-f5aa-4e2b-b78d-3308423abf7c','0c7b2fb3-14f9-4cf7-a129-afa40bca84af',''),
('56ab801b-f5aa-4e2b-b78d-3308423abf7c','1f059711-8f73-43b7-835b-f1bbe2177999',''),
('56ab801b-f5aa-4e2b-b78d-3308423abf7c','24193d61-1d4f-4be6-840a-c1b547fe5734',''),
('56ab801b-f5aa-4e2b-b78d-3308423abf7c','3d11fe8c-7a86-4bfb-bc94-fab39cd1371d','\0'),
('56ab801b-f5aa-4e2b-b78d-3308423abf7c','506b2c33-a865-495f-82fc-cfd4b42194bd','\0'),
('56ab801b-f5aa-4e2b-b78d-3308423abf7c','b403a5ac-aa8f-4678-b17b-f88287830743',''),
('56ab801b-f5aa-4e2b-b78d-3308423abf7c','ba2beb70-dd6b-40c6-bc61-2accfafa6539',''),
('56ab801b-f5aa-4e2b-b78d-3308423abf7c','edf95164-ccad-475b-937e-ccb50969bc20','\0'),
('719a514c-5c5c-4d3e-878f-d0ce92fbe3d1','01736c2f-1d9f-4d50-86cd-6412c6763dfb','\0'),
('719a514c-5c5c-4d3e-878f-d0ce92fbe3d1','0c7b2fb3-14f9-4cf7-a129-afa40bca84af',''),
('719a514c-5c5c-4d3e-878f-d0ce92fbe3d1','1f059711-8f73-43b7-835b-f1bbe2177999',''),
('719a514c-5c5c-4d3e-878f-d0ce92fbe3d1','24193d61-1d4f-4be6-840a-c1b547fe5734',''),
('719a514c-5c5c-4d3e-878f-d0ce92fbe3d1','3d11fe8c-7a86-4bfb-bc94-fab39cd1371d','\0'),
('719a514c-5c5c-4d3e-878f-d0ce92fbe3d1','506b2c33-a865-495f-82fc-cfd4b42194bd','\0'),
('719a514c-5c5c-4d3e-878f-d0ce92fbe3d1','b403a5ac-aa8f-4678-b17b-f88287830743',''),
('719a514c-5c5c-4d3e-878f-d0ce92fbe3d1','ba2beb70-dd6b-40c6-bc61-2accfafa6539',''),
('719a514c-5c5c-4d3e-878f-d0ce92fbe3d1','edf95164-ccad-475b-937e-ccb50969bc20','\0'),
('7baa8945-838c-4dd7-969b-8aaebc709d86','2d478691-8b5b-4856-8fd0-d09017fb14f1',''),
('7baa8945-838c-4dd7-969b-8aaebc709d86','596176ed-3d91-4528-82e6-a21db70dd4ba',''),
('7baa8945-838c-4dd7-969b-8aaebc709d86','79077b84-42ff-4a67-94a6-1704d8329b1c',''),
('7baa8945-838c-4dd7-969b-8aaebc709d86','813b41a0-a539-45b5-b9c5-795586e8d6f2','\0'),
('7baa8945-838c-4dd7-969b-8aaebc709d86','8b2ebbbc-2777-4525-986f-d99e34c33d13','\0'),
('7baa8945-838c-4dd7-969b-8aaebc709d86','a91a8967-0db0-4207-b80e-9056e42ea581','\0'),
('7baa8945-838c-4dd7-969b-8aaebc709d86','d595c710-661d-4f05-93c8-401005860030','\0'),
('7baa8945-838c-4dd7-969b-8aaebc709d86','dbaad53d-c077-4ee1-8d9c-c89bf85eabb2',''),
('7baa8945-838c-4dd7-969b-8aaebc709d86','e1ae110f-45f5-4390-9674-903b46a84a0c',''),
('961da279-7d3a-4ac3-9f1a-8571df95991e','2d478691-8b5b-4856-8fd0-d09017fb14f1',''),
('961da279-7d3a-4ac3-9f1a-8571df95991e','596176ed-3d91-4528-82e6-a21db70dd4ba',''),
('961da279-7d3a-4ac3-9f1a-8571df95991e','79077b84-42ff-4a67-94a6-1704d8329b1c',''),
('961da279-7d3a-4ac3-9f1a-8571df95991e','813b41a0-a539-45b5-b9c5-795586e8d6f2','\0'),
('961da279-7d3a-4ac3-9f1a-8571df95991e','8b2ebbbc-2777-4525-986f-d99e34c33d13','\0'),
('961da279-7d3a-4ac3-9f1a-8571df95991e','a91a8967-0db0-4207-b80e-9056e42ea581','\0'),
('961da279-7d3a-4ac3-9f1a-8571df95991e','d595c710-661d-4f05-93c8-401005860030','\0'),
('961da279-7d3a-4ac3-9f1a-8571df95991e','dbaad53d-c077-4ee1-8d9c-c89bf85eabb2',''),
('961da279-7d3a-4ac3-9f1a-8571df95991e','e1ae110f-45f5-4390-9674-903b46a84a0c',''),
('c86da4fb-c3ed-4531-a542-46f4445505af','01736c2f-1d9f-4d50-86cd-6412c6763dfb','\0'),
('c86da4fb-c3ed-4531-a542-46f4445505af','0c7b2fb3-14f9-4cf7-a129-afa40bca84af',''),
('c86da4fb-c3ed-4531-a542-46f4445505af','1f059711-8f73-43b7-835b-f1bbe2177999',''),
('c86da4fb-c3ed-4531-a542-46f4445505af','24193d61-1d4f-4be6-840a-c1b547fe5734',''),
('c86da4fb-c3ed-4531-a542-46f4445505af','3d11fe8c-7a86-4bfb-bc94-fab39cd1371d','\0'),
('c86da4fb-c3ed-4531-a542-46f4445505af','506b2c33-a865-495f-82fc-cfd4b42194bd','\0'),
('c86da4fb-c3ed-4531-a542-46f4445505af','b403a5ac-aa8f-4678-b17b-f88287830743',''),
('c86da4fb-c3ed-4531-a542-46f4445505af','ba2beb70-dd6b-40c6-bc61-2accfafa6539',''),
('c86da4fb-c3ed-4531-a542-46f4445505af','edf95164-ccad-475b-937e-ccb50969bc20','\0'),
('ce1b677c-0648-44a2-916b-8b28e35ea7d2','2d478691-8b5b-4856-8fd0-d09017fb14f1',''),
('ce1b677c-0648-44a2-916b-8b28e35ea7d2','596176ed-3d91-4528-82e6-a21db70dd4ba',''),
('ce1b677c-0648-44a2-916b-8b28e35ea7d2','79077b84-42ff-4a67-94a6-1704d8329b1c',''),
('ce1b677c-0648-44a2-916b-8b28e35ea7d2','813b41a0-a539-45b5-b9c5-795586e8d6f2','\0'),
('ce1b677c-0648-44a2-916b-8b28e35ea7d2','8b2ebbbc-2777-4525-986f-d99e34c33d13','\0'),
('ce1b677c-0648-44a2-916b-8b28e35ea7d2','a91a8967-0db0-4207-b80e-9056e42ea581','\0'),
('ce1b677c-0648-44a2-916b-8b28e35ea7d2','d595c710-661d-4f05-93c8-401005860030','\0'),
('ce1b677c-0648-44a2-916b-8b28e35ea7d2','dbaad53d-c077-4ee1-8d9c-c89bf85eabb2',''),
('ce1b677c-0648-44a2-916b-8b28e35ea7d2','e1ae110f-45f5-4390-9674-903b46a84a0c',''),
('d058fa38-9df4-4ee9-9bfa-902923b6ae32','01736c2f-1d9f-4d50-86cd-6412c6763dfb','\0'),
('d058fa38-9df4-4ee9-9bfa-902923b6ae32','0c7b2fb3-14f9-4cf7-a129-afa40bca84af',''),
('d058fa38-9df4-4ee9-9bfa-902923b6ae32','1f059711-8f73-43b7-835b-f1bbe2177999',''),
('d058fa38-9df4-4ee9-9bfa-902923b6ae32','24193d61-1d4f-4be6-840a-c1b547fe5734',''),
('d058fa38-9df4-4ee9-9bfa-902923b6ae32','3d11fe8c-7a86-4bfb-bc94-fab39cd1371d','\0'),
('d058fa38-9df4-4ee9-9bfa-902923b6ae32','506b2c33-a865-495f-82fc-cfd4b42194bd','\0'),
('d058fa38-9df4-4ee9-9bfa-902923b6ae32','b403a5ac-aa8f-4678-b17b-f88287830743',''),
('d058fa38-9df4-4ee9-9bfa-902923b6ae32','ba2beb70-dd6b-40c6-bc61-2accfafa6539',''),
('d058fa38-9df4-4ee9-9bfa-902923b6ae32','edf95164-ccad-475b-937e-ccb50969bc20','\0'),
('e6c96b50-21b5-4676-9567-9f12ff1684be','2d478691-8b5b-4856-8fd0-d09017fb14f1',''),
('e6c96b50-21b5-4676-9567-9f12ff1684be','596176ed-3d91-4528-82e6-a21db70dd4ba',''),
('e6c96b50-21b5-4676-9567-9f12ff1684be','79077b84-42ff-4a67-94a6-1704d8329b1c',''),
('e6c96b50-21b5-4676-9567-9f12ff1684be','813b41a0-a539-45b5-b9c5-795586e8d6f2','\0'),
('e6c96b50-21b5-4676-9567-9f12ff1684be','8b2ebbbc-2777-4525-986f-d99e34c33d13','\0'),
('e6c96b50-21b5-4676-9567-9f12ff1684be','a91a8967-0db0-4207-b80e-9056e42ea581','\0'),
('e6c96b50-21b5-4676-9567-9f12ff1684be','d595c710-661d-4f05-93c8-401005860030','\0'),
('e6c96b50-21b5-4676-9567-9f12ff1684be','dbaad53d-c077-4ee1-8d9c-c89bf85eabb2',''),
('e6c96b50-21b5-4676-9567-9f12ff1684be','e1ae110f-45f5-4390-9674-903b46a84a0c','');
/*!40000 ALTER TABLE `CLIENT_SCOPE_CLIENT` ENABLE KEYS */;
UNLOCK TABLES;

--
-- Table structure for table `CLIENT_SCOPE_ROLE_MAPPING`
--

DROP TABLE IF EXISTS `CLIENT_SCOPE_ROLE_MAPPING`;
/*!40101 SET @saved_cs_client     = @@character_set_client */;
/*!40101 SET character_set_client = utf8 */;
CREATE TABLE `CLIENT_SCOPE_ROLE_MAPPING` (
  `SCOPE_ID` varchar(36) NOT NULL,
  `ROLE_ID` varchar(36) NOT NULL,
  PRIMARY KEY (`SCOPE_ID`,`ROLE_ID`),
  KEY `IDX_CLSCOPE_ROLE` (`SCOPE_ID`),
  KEY `IDX_ROLE_CLSCOPE` (`ROLE_ID`),
  CONSTRAINT `FK_CL_SCOPE_RM_SCOPE` FOREIGN KEY (`SCOPE_ID`) REFERENCES `CLIENT_SCOPE` (`ID`)
) ENGINE=InnoDB DEFAULT CHARSET=utf8mb4 COLLATE=utf8mb4_general_ci;
/*!40101 SET character_set_client = @saved_cs_client */;

--
-- Dumping data for table `CLIENT_SCOPE_ROLE_MAPPING`
--

LOCK TABLES `CLIENT_SCOPE_ROLE_MAPPING` WRITE;
/*!40000 ALTER TABLE `CLIENT_SCOPE_ROLE_MAPPING` DISABLE KEYS */;
INSERT INTO `CLIENT_SCOPE_ROLE_MAPPING` VALUES
('3d11fe8c-7a86-4bfb-bc94-fab39cd1371d','4edbf9e6-bf78-4e2a-b8bb-4c9f79106d68'),
('d595c710-661d-4f05-93c8-401005860030','9dd2c629-9d94-44af-8187-c8ab5da89c8a');
/*!40000 ALTER TABLE `CLIENT_SCOPE_ROLE_MAPPING` ENABLE KEYS */;
UNLOCK TABLES;

--
-- Table structure for table `CLIENT_SESSION`
--

DROP TABLE IF EXISTS `CLIENT_SESSION`;
/*!40101 SET @saved_cs_client     = @@character_set_client */;
/*!40101 SET character_set_client = utf8 */;
CREATE TABLE `CLIENT_SESSION` (
  `ID` varchar(36) NOT NULL,
  `CLIENT_ID` varchar(36) DEFAULT NULL,
  `REDIRECT_URI` varchar(255) DEFAULT NULL,
  `STATE` varchar(255) DEFAULT NULL,
  `TIMESTAMP` int(11) DEFAULT NULL,
  `SESSION_ID` varchar(36) DEFAULT NULL,
  `AUTH_METHOD` varchar(255) DEFAULT NULL,
  `REALM_ID` varchar(255) DEFAULT NULL,
  `AUTH_USER_ID` varchar(36) DEFAULT NULL,
  `CURRENT_ACTION` varchar(36) DEFAULT NULL,
  PRIMARY KEY (`ID`),
  KEY `IDX_CLIENT_SESSION_SESSION` (`SESSION_ID`),
  CONSTRAINT `FK_B4AO2VCVAT6UKAU74WBWTFQO1` FOREIGN KEY (`SESSION_ID`) REFERENCES `USER_SESSION` (`ID`)
) ENGINE=InnoDB DEFAULT CHARSET=utf8mb4 COLLATE=utf8mb4_general_ci;
/*!40101 SET character_set_client = @saved_cs_client */;

--
-- Dumping data for table `CLIENT_SESSION`
--

LOCK TABLES `CLIENT_SESSION` WRITE;
/*!40000 ALTER TABLE `CLIENT_SESSION` DISABLE KEYS */;
/*!40000 ALTER TABLE `CLIENT_SESSION` ENABLE KEYS */;
UNLOCK TABLES;

--
-- Table structure for table `CLIENT_SESSION_AUTH_STATUS`
--

DROP TABLE IF EXISTS `CLIENT_SESSION_AUTH_STATUS`;
/*!40101 SET @saved_cs_client     = @@character_set_client */;
/*!40101 SET character_set_client = utf8 */;
CREATE TABLE `CLIENT_SESSION_AUTH_STATUS` (
  `AUTHENTICATOR` varchar(36) NOT NULL,
  `STATUS` int(11) DEFAULT NULL,
  `CLIENT_SESSION` varchar(36) NOT NULL,
  PRIMARY KEY (`CLIENT_SESSION`,`AUTHENTICATOR`),
  CONSTRAINT `AUTH_STATUS_CONSTRAINT` FOREIGN KEY (`CLIENT_SESSION`) REFERENCES `CLIENT_SESSION` (`ID`)
) ENGINE=InnoDB DEFAULT CHARSET=utf8mb4 COLLATE=utf8mb4_general_ci;
/*!40101 SET character_set_client = @saved_cs_client */;

--
-- Dumping data for table `CLIENT_SESSION_AUTH_STATUS`
--

LOCK TABLES `CLIENT_SESSION_AUTH_STATUS` WRITE;
/*!40000 ALTER TABLE `CLIENT_SESSION_AUTH_STATUS` DISABLE KEYS */;
/*!40000 ALTER TABLE `CLIENT_SESSION_AUTH_STATUS` ENABLE KEYS */;
UNLOCK TABLES;

--
-- Table structure for table `CLIENT_SESSION_NOTE`
--

DROP TABLE IF EXISTS `CLIENT_SESSION_NOTE`;
/*!40101 SET @saved_cs_client     = @@character_set_client */;
/*!40101 SET character_set_client = utf8 */;
CREATE TABLE `CLIENT_SESSION_NOTE` (
  `NAME` varchar(255) NOT NULL,
  `VALUE` varchar(255) DEFAULT NULL,
  `CLIENT_SESSION` varchar(36) NOT NULL,
  PRIMARY KEY (`CLIENT_SESSION`,`NAME`),
  CONSTRAINT `FK5EDFB00FF51C2736` FOREIGN KEY (`CLIENT_SESSION`) REFERENCES `CLIENT_SESSION` (`ID`)
) ENGINE=InnoDB DEFAULT CHARSET=utf8mb4 COLLATE=utf8mb4_general_ci;
/*!40101 SET character_set_client = @saved_cs_client */;

--
-- Dumping data for table `CLIENT_SESSION_NOTE`
--

LOCK TABLES `CLIENT_SESSION_NOTE` WRITE;
/*!40000 ALTER TABLE `CLIENT_SESSION_NOTE` DISABLE KEYS */;
/*!40000 ALTER TABLE `CLIENT_SESSION_NOTE` ENABLE KEYS */;
UNLOCK TABLES;

--
-- Table structure for table `CLIENT_SESSION_PROT_MAPPER`
--

DROP TABLE IF EXISTS `CLIENT_SESSION_PROT_MAPPER`;
/*!40101 SET @saved_cs_client     = @@character_set_client */;
/*!40101 SET character_set_client = utf8 */;
CREATE TABLE `CLIENT_SESSION_PROT_MAPPER` (
  `PROTOCOL_MAPPER_ID` varchar(36) NOT NULL,
  `CLIENT_SESSION` varchar(36) NOT NULL,
  PRIMARY KEY (`CLIENT_SESSION`,`PROTOCOL_MAPPER_ID`),
  CONSTRAINT `FK_33A8SGQW18I532811V7O2DK89` FOREIGN KEY (`CLIENT_SESSION`) REFERENCES `CLIENT_SESSION` (`ID`)
) ENGINE=InnoDB DEFAULT CHARSET=utf8mb4 COLLATE=utf8mb4_general_ci;
/*!40101 SET character_set_client = @saved_cs_client */;

--
-- Dumping data for table `CLIENT_SESSION_PROT_MAPPER`
--

LOCK TABLES `CLIENT_SESSION_PROT_MAPPER` WRITE;
/*!40000 ALTER TABLE `CLIENT_SESSION_PROT_MAPPER` DISABLE KEYS */;
/*!40000 ALTER TABLE `CLIENT_SESSION_PROT_MAPPER` ENABLE KEYS */;
UNLOCK TABLES;

--
-- Table structure for table `CLIENT_SESSION_ROLE`
--

DROP TABLE IF EXISTS `CLIENT_SESSION_ROLE`;
/*!40101 SET @saved_cs_client     = @@character_set_client */;
/*!40101 SET character_set_client = utf8 */;
CREATE TABLE `CLIENT_SESSION_ROLE` (
  `ROLE_ID` varchar(255) NOT NULL,
  `CLIENT_SESSION` varchar(36) NOT NULL,
  PRIMARY KEY (`CLIENT_SESSION`,`ROLE_ID`),
  CONSTRAINT `FK_11B7SGQW18I532811V7O2DV76` FOREIGN KEY (`CLIENT_SESSION`) REFERENCES `CLIENT_SESSION` (`ID`)
) ENGINE=InnoDB DEFAULT CHARSET=utf8mb4 COLLATE=utf8mb4_general_ci;
/*!40101 SET character_set_client = @saved_cs_client */;

--
-- Dumping data for table `CLIENT_SESSION_ROLE`
--

LOCK TABLES `CLIENT_SESSION_ROLE` WRITE;
/*!40000 ALTER TABLE `CLIENT_SESSION_ROLE` DISABLE KEYS */;
/*!40000 ALTER TABLE `CLIENT_SESSION_ROLE` ENABLE KEYS */;
UNLOCK TABLES;

--
-- Table structure for table `CLIENT_USER_SESSION_NOTE`
--

DROP TABLE IF EXISTS `CLIENT_USER_SESSION_NOTE`;
/*!40101 SET @saved_cs_client     = @@character_set_client */;
/*!40101 SET character_set_client = utf8 */;
CREATE TABLE `CLIENT_USER_SESSION_NOTE` (
  `NAME` varchar(255) NOT NULL,
  `VALUE` text DEFAULT NULL,
  `CLIENT_SESSION` varchar(36) NOT NULL,
  PRIMARY KEY (`CLIENT_SESSION`,`NAME`),
  CONSTRAINT `FK_CL_USR_SES_NOTE` FOREIGN KEY (`CLIENT_SESSION`) REFERENCES `CLIENT_SESSION` (`ID`)
) ENGINE=InnoDB DEFAULT CHARSET=utf8mb4 COLLATE=utf8mb4_general_ci;
/*!40101 SET character_set_client = @saved_cs_client */;

--
-- Dumping data for table `CLIENT_USER_SESSION_NOTE`
--

LOCK TABLES `CLIENT_USER_SESSION_NOTE` WRITE;
/*!40000 ALTER TABLE `CLIENT_USER_SESSION_NOTE` DISABLE KEYS */;
/*!40000 ALTER TABLE `CLIENT_USER_SESSION_NOTE` ENABLE KEYS */;
UNLOCK TABLES;

--
-- Table structure for table `COMPONENT`
--

DROP TABLE IF EXISTS `COMPONENT`;
/*!40101 SET @saved_cs_client     = @@character_set_client */;
/*!40101 SET character_set_client = utf8 */;
CREATE TABLE `COMPONENT` (
  `ID` varchar(36) NOT NULL,
  `NAME` varchar(255) DEFAULT NULL,
  `PARENT_ID` varchar(36) DEFAULT NULL,
  `PROVIDER_ID` varchar(36) DEFAULT NULL,
  `PROVIDER_TYPE` varchar(255) DEFAULT NULL,
  `REALM_ID` varchar(36) DEFAULT NULL,
  `SUB_TYPE` varchar(255) DEFAULT NULL,
  PRIMARY KEY (`ID`),
  KEY `IDX_COMPONENT_REALM` (`REALM_ID`),
  KEY `IDX_COMPONENT_PROVIDER_TYPE` (`PROVIDER_TYPE`),
  CONSTRAINT `FK_COMPONENT_REALM` FOREIGN KEY (`REALM_ID`) REFERENCES `REALM` (`ID`)
) ENGINE=InnoDB DEFAULT CHARSET=utf8mb4 COLLATE=utf8mb4_general_ci;
/*!40101 SET character_set_client = @saved_cs_client */;

--
-- Dumping data for table `COMPONENT`
--

LOCK TABLES `COMPONENT` WRITE;
/*!40000 ALTER TABLE `COMPONENT` DISABLE KEYS */;
INSERT INTO `COMPONENT` VALUES
('0a2ec0b8-34cb-4622-bdaa-8101079eae7a','Allowed Client Scopes','e4e8cf3b-ef09-49ee-8d86-0c597a9af336','allowed-client-templates','org.keycloak.services.clientregistration.policy.ClientRegistrationPolicy','e4e8cf3b-ef09-49ee-8d86-0c597a9af336','anonymous'),
('1a20c97c-59db-4cb6-96f4-80cf990c5320','Allowed Protocol Mapper Types','e4e8cf3b-ef09-49ee-8d86-0c597a9af336','allowed-protocol-mappers','org.keycloak.services.clientregistration.policy.ClientRegistrationPolicy','e4e8cf3b-ef09-49ee-8d86-0c597a9af336','anonymous'),
('29a806a5-4937-4e05-a2b2-ac0a1f69f0e4','Full Scope Disabled','fd363fb6-a3fb-495f-b42c-d4a354f0ee78','scope','org.keycloak.services.clientregistration.policy.ClientRegistrationPolicy','fd363fb6-a3fb-495f-b42c-d4a354f0ee78','anonymous'),
('2b7abb5e-8a01-489d-aa96-dd89357d3416','Allowed Protocol Mapper Types','e4e8cf3b-ef09-49ee-8d86-0c597a9af336','allowed-protocol-mappers','org.keycloak.services.clientregistration.policy.ClientRegistrationPolicy','e4e8cf3b-ef09-49ee-8d86-0c597a9af336','authenticated'),
('2fa291c9-271a-4ffb-8542-04706eec6369','Max Clients Limit','fd363fb6-a3fb-495f-b42c-d4a354f0ee78','max-clients','org.keycloak.services.clientregistration.policy.ClientRegistrationPolicy','fd363fb6-a3fb-495f-b42c-d4a354f0ee78','anonymous'),
('3688f717-efa8-442a-8858-74f4ae8e1475','Allowed Protocol Mapper Types','fd363fb6-a3fb-495f-b42c-d4a354f0ee78','allowed-protocol-mappers','org.keycloak.services.clientregistration.policy.ClientRegistrationPolicy','fd363fb6-a3fb-495f-b42c-d4a354f0ee78','authenticated'),
('40730a34-b6df-47fe-b603-033198789c66','hmac-generated','fd363fb6-a3fb-495f-b42c-d4a354f0ee78','hmac-generated','org.keycloak.keys.KeyProvider','fd363fb6-a3fb-495f-b42c-d4a354f0ee78',NULL),
('543d9c7e-9ca7-4f81-8875-ffe369f2ebf0','rsa-enc-generated','e4e8cf3b-ef09-49ee-8d86-0c597a9af336','rsa-enc-generated','org.keycloak.keys.KeyProvider','e4e8cf3b-ef09-49ee-8d86-0c597a9af336',NULL),
('76077c92-1c51-43aa-b506-aebb58a3a1cc','Consent Required','e4e8cf3b-ef09-49ee-8d86-0c597a9af336','consent-required','org.keycloak.services.clientregistration.policy.ClientRegistrationPolicy','e4e8cf3b-ef09-49ee-8d86-0c597a9af336','anonymous'),
('7c09632e-19a7-47cc-a34d-793a974f6799','aes-generated','e4e8cf3b-ef09-49ee-8d86-0c597a9af336','aes-generated','org.keycloak.keys.KeyProvider','e4e8cf3b-ef09-49ee-8d86-0c597a9af336',NULL),
('8d7a4598-fcdf-40b6-a353-d52f5d033f2e','Full Scope Disabled','e4e8cf3b-ef09-49ee-8d86-0c597a9af336','scope','org.keycloak.services.clientregistration.policy.ClientRegistrationPolicy','e4e8cf3b-ef09-49ee-8d86-0c597a9af336','anonymous'),
('958b39b2-2dbe-4f0e-9867-194a13fc3ee0','rsa-generated','e4e8cf3b-ef09-49ee-8d86-0c597a9af336','rsa-generated','org.keycloak.keys.KeyProvider','e4e8cf3b-ef09-49ee-8d86-0c597a9af336',NULL),
('a06c7be2-7195-48b8-b938-87056662cc0b','rsa-enc-generated','fd363fb6-a3fb-495f-b42c-d4a354f0ee78','rsa-enc-generated','org.keycloak.keys.KeyProvider','fd363fb6-a3fb-495f-b42c-d4a354f0ee78',NULL),
('a47bc1f7-946f-4cce-8b09-98aa7bdd76fe','Trusted Hosts','fd363fb6-a3fb-495f-b42c-d4a354f0ee78','trusted-hosts','org.keycloak.services.clientregistration.policy.ClientRegistrationPolicy','fd363fb6-a3fb-495f-b42c-d4a354f0ee78','anonymous'),
('afd10751-2c38-440a-a947-30ac24d0b40d','Max Clients Limit','e4e8cf3b-ef09-49ee-8d86-0c597a9af336','max-clients','org.keycloak.services.clientregistration.policy.ClientRegistrationPolicy','e4e8cf3b-ef09-49ee-8d86-0c597a9af336','anonymous'),
('bcf9af4b-ebde-4d47-9b36-71338ee2cc54','hmac-generated','e4e8cf3b-ef09-49ee-8d86-0c597a9af336','hmac-generated','org.keycloak.keys.KeyProvider','e4e8cf3b-ef09-49ee-8d86-0c597a9af336',NULL),
('e0f18e56-6cf3-4e0e-9424-891296a9654f','Allowed Protocol Mapper Types','fd363fb6-a3fb-495f-b42c-d4a354f0ee78','allowed-protocol-mappers','org.keycloak.services.clientregistration.policy.ClientRegistrationPolicy','fd363fb6-a3fb-495f-b42c-d4a354f0ee78','anonymous'),
('e30bc3df-3518-48e8-9dc5-0dea52de1b3a','Allowed Client Scopes','fd363fb6-a3fb-495f-b42c-d4a354f0ee78','allowed-client-templates','org.keycloak.services.clientregistration.policy.ClientRegistrationPolicy','fd363fb6-a3fb-495f-b42c-d4a354f0ee78','authenticated'),
('e647e795-95ff-4f4c-98c1-7ae59054eec8','Consent Required','fd363fb6-a3fb-495f-b42c-d4a354f0ee78','consent-required','org.keycloak.services.clientregistration.policy.ClientRegistrationPolicy','fd363fb6-a3fb-495f-b42c-d4a354f0ee78','anonymous'),
('eba49d5b-a699-4870-bfa0-5c639f4a28d0','aes-generated','fd363fb6-a3fb-495f-b42c-d4a354f0ee78','aes-generated','org.keycloak.keys.KeyProvider','fd363fb6-a3fb-495f-b42c-d4a354f0ee78',NULL),
('f0803ad9-0f66-4260-ae07-93fe23e7947b','Allowed Client Scopes','e4e8cf3b-ef09-49ee-8d86-0c597a9af336','allowed-client-templates','org.keycloak.services.clientregistration.policy.ClientRegistrationPolicy','e4e8cf3b-ef09-49ee-8d86-0c597a9af336','authenticated'),
('f1076029-0be5-449c-a5c9-c521a3c68c78','Trusted Hosts','e4e8cf3b-ef09-49ee-8d86-0c597a9af336','trusted-hosts','org.keycloak.services.clientregistration.policy.ClientRegistrationPolicy','e4e8cf3b-ef09-49ee-8d86-0c597a9af336','anonymous'),
('f2b4e30d-ec3c-4797-ad47-0fff0dab6b45','rsa-generated','fd363fb6-a3fb-495f-b42c-d4a354f0ee78','rsa-generated','org.keycloak.keys.KeyProvider','fd363fb6-a3fb-495f-b42c-d4a354f0ee78',NULL),
('fdd30138-5ca6-4de5-b42f-f6fea1648349','Allowed Client Scopes','fd363fb6-a3fb-495f-b42c-d4a354f0ee78','allowed-client-templates','org.keycloak.services.clientregistration.policy.ClientRegistrationPolicy','fd363fb6-a3fb-495f-b42c-d4a354f0ee78','anonymous');
/*!40000 ALTER TABLE `COMPONENT` ENABLE KEYS */;
UNLOCK TABLES;

--
-- Table structure for table `COMPONENT_CONFIG`
--

DROP TABLE IF EXISTS `COMPONENT_CONFIG`;
/*!40101 SET @saved_cs_client     = @@character_set_client */;
/*!40101 SET character_set_client = utf8 */;
CREATE TABLE `COMPONENT_CONFIG` (
  `ID` varchar(36) NOT NULL,
  `COMPONENT_ID` varchar(36) NOT NULL,
  `NAME` varchar(255) NOT NULL,
  `VALUE` varchar(4000) CHARACTER SET utf8mb3 COLLATE utf8mb3_general_ci DEFAULT NULL,
  PRIMARY KEY (`ID`),
  KEY `IDX_COMPO_CONFIG_COMPO` (`COMPONENT_ID`),
  CONSTRAINT `FK_COMPONENT_CONFIG` FOREIGN KEY (`COMPONENT_ID`) REFERENCES `COMPONENT` (`ID`)
) ENGINE=InnoDB DEFAULT CHARSET=utf8mb4 COLLATE=utf8mb4_general_ci;
/*!40101 SET character_set_client = @saved_cs_client */;

--
-- Dumping data for table `COMPONENT_CONFIG`
--

LOCK TABLES `COMPONENT_CONFIG` WRITE;
/*!40000 ALTER TABLE `COMPONENT_CONFIG` DISABLE KEYS */;
INSERT INTO `COMPONENT_CONFIG` VALUES
('0196ad6a-4196-4ebd-b8ab-22a8a86283bc','e0f18e56-6cf3-4e0e-9424-891296a9654f','allowed-protocol-mapper-types','oidc-address-mapper'),
('01a37bb4-e7a6-4a91-9323-510442f84f70','f2b4e30d-ec3c-4797-ad47-0fff0dab6b45','priority','100'),
('05b565c5-030d-462d-bfa5-06d3c35a7307','bcf9af4b-ebde-4d47-9b36-71338ee2cc54','secret','YVL46iUbWkrZEL-lDdvHMlLY5pl0OLNdBtoHsaDD4LHLQ7_e_EVb5w30eDOLFbDC953KGWIOcwWQgzwmY71qqA'),
('06e3d0c4-d359-4abf-ae61-8ecd61fec70f','7c09632e-19a7-47cc-a34d-793a974f6799','secret','jsydLzJFG-np0vgH0fyA-w'),
('0a99fed4-8419-4023-806f-5bcb5b4364f0','f0803ad9-0f66-4260-ae07-93fe23e7947b','allow-default-scopes','true'),
('0bf2e78a-e97a-4e5c-93ac-421561fca0e5','3688f717-efa8-442a-8858-74f4ae8e1475','allowed-protocol-mapper-types','saml-role-list-mapper'),
('0de0f723-32b5-42be-94c2-bc3e9dbb3528','958b39b2-2dbe-4f0e-9867-194a13fc3ee0','certificate','MIICnzCCAYcCBgGLZdY4ZTANBgkqhkiG9w0BAQsFADATMREwDwYDVQQDDAhpbnRyYW5ldDAeFw0yMzEwMjUwNzU1MTlaFw0zMzEwMjUwNzU2NTlaMBMxETAPBgNVBAMMCGludHJhbmV0MIIBIjANBgkqhkiG9w0BAQEFAAOCAQ8AMIIBCgKCAQEAnWk5zTU5VUOxQnphZgwnwbBh2KCO8Dndhezpsz2WEStwtKYWAw71I/JR0ZrJ+dtOHSYOxRwgu8U8o/6hTXh9gCICtq0+VyfpuYqyOvduIoZ5M9xgZ1sy7aNwM3CAO1xEQuM82iDnqM6+swSu98ggnho99W3JH9Vqirkk9Dbxcw18fyPr7ediVTsXh4J3Ay7KeLt/qyIYvxAJQxjTzQ43H5QEDmY1Lk/t8W33xW9rqgOiq71JGZyn4skmipyA9OkDrvTYf5sZCbgn1h9+EaN9IwHtTacDLkOF8izFekhfCKW1hMD2PSArO7szPtXTwoUTbpFm1y5sSd4hrtSgDjLcEwIDAQABMA0GCSqGSIb3DQEBCwUAA4IBAQAFv2Dj09frTS70KYXXCA46H9q8d1H2qqmAZcjztHGAiKKAwv5pNB2JFVRAqV2C3Lgn0lvHvILGTQMQiLE9+mrZWMoNaSqnTAkmIUBoRpxNflwyn39vhacLCyilZ40wu5tnceKQIZBSqE89U8kkxj1S9By7RenZyJEMoRFdCq0BNexVwmOASBMrlRypVBQHUhSpUmZBRvhvaXwG6IId/f4Do4+ELdrjaa3NbixX0TTrJxoZDqHwHpvbeU/FNBlD7HPh9t7xHPNq/WkUIpx54nsOh5xjrNtEsz7lIZQH76pBjOpUAFWD5ZcLaFg7ZaViZw3PgQBLAQ0d6qSvQ8FCWPO7'),
('0fa2119e-6d89-44e7-8b77-64a57633d5b2','a06c7be2-7195-48b8-b938-87056662cc0b','keyUse','ENC'),
('10ce4be3-807a-4dd7-ba5d-01f287a3fdae','0a2ec0b8-34cb-4622-bdaa-8101079eae7a','allow-default-scopes','true'),
('11702961-9284-404a-a630-db647188899a','543d9c7e-9ca7-4f81-8875-ffe369f2ebf0','certificate','MIICnzCCAYcCBgGLZdY41DANBgkqhkiG9w0BAQsFADATMREwDwYDVQQDDAhpbnRyYW5ldDAeFw0yMzEwMjUwNzU1MTlaFw0zMzEwMjUwNzU2NTlaMBMxETAPBgNVBAMMCGludHJhbmV0MIIBIjANBgkqhkiG9w0BAQEFAAOCAQ8AMIIBCgKCAQEAwONiUWymd9KDZb+5FubGoCy/8N3J0QouWoUMUIr1zAxHZML33YwSvBdoslDPvqawmt4jqwd2Msc07JY6V7Huk4GqEkEJSE7uDvcAo3F94yMD8jafoLfYyeWz4eD6gfyLgNFd7Uxn9HnAzi1i+z3jhT16vl85zHlEY0R6fNNtsyEiFIspsKOLlDuefh8dcJULDAKH2HN1Vh0/57E/skuJQE63jPPILExvIqctigvevwycrOSf9H6p86lEK42Ex8UzNqjo2t53Z/JDumHSbG/a6OEl26T8jVaJbUIILwtbb3+WKXpe3TpQdHpYRY/IbzKSd3hgQWiu0bhrkkpG40PJmQIDAQABMA0GCSqGSIb3DQEBCwUAA4IBAQAyDfqb+Bvionut9llSFLUxa56P6GAo2TyqtfFuqTZB2fKDpkV1uuhkktCxQqDuhxTZLebWvBWqo6LfXw0Aw3Rpcg+ZZ/4QF2ISNqge8rKyl++7IHjwe8dnRXy2CKiNTDWtHUJEwxlqzw2jiyERqT3ApjtAoUkWdHsIxcO3rL9FRzqNx4szI7liBFItsfveEQ/xyZLJAF4Mf2RWD8MADx8tlVPVlxmSxW7iFrUovjmtZfmytKX5UEOvC3sHtebJpWgrY9dkw3I1MQ6Ma9RM9bZ6vSHWRbNalWnytNZ79rYwA/oaBMyxWu6BCOh+ktYpyEtYolosjQn58wxFLF1Lc9XJ'),
('1236db81-2be8-43ab-a2ac-da4d2dd071d4','1a20c97c-59db-4cb6-96f4-80cf990c5320','allowed-protocol-mapper-types','saml-role-list-mapper'),
('139da62b-ff04-4902-bd65-6692d5d8b281','2b7abb5e-8a01-489d-aa96-dd89357d3416','allowed-protocol-mapper-types','saml-user-attribute-mapper'),
('1a4b11f2-50f2-4c30-b39a-e11df0f9161a','3688f717-efa8-442a-8858-74f4ae8e1475','allowed-protocol-mapper-types','oidc-address-mapper'),
('1c1b125c-5cd7-44e3-a1ee-f069c5346310','543d9c7e-9ca7-4f81-8875-ffe369f2ebf0','priority','100'),
('1d5c3fd8-46f3-40ad-b578-247209f20d41','f2b4e30d-ec3c-4797-ad47-0fff0dab6b45','privateKey','MIIEogIBAAKCAQEAiyKK6W99jFMfmvk2w9EMVNnLRs1cs8wXVwjXzPL0YI4kkZQjkiGB+3tAx1iv4HOuvxioUYKlh1gkHgw68+16VvV5MFoGIcdP8tmhRNiteCpxJHXRepxo/4rLh5HOV2E5LSrFcGcLsi5l1vG/Amz81APiANUgisHkLnOzQxWlnzwRFTjXJwJdkp+Yhc+KE55PIDqSjn4Kl5jnM7A6kwtnlBJEuXWtVkIncVS4WaLWIuYvNNKaUylSPFVOoLKvipW+XEbOyk6i2Q8h8MUw/yFmgeAJvifQjwpxlubPWIf0AMszM066fae0pMuW40hdWtFbyaJZFBczmkgb1cLnJdLAlwIDAQABAoIBACwU+aYUKNb4zx6urudDqICJsJnyHtjoZMyyhIzuvPaKkpN9N/foneIrns6KDs8yV7879Lg+iGtlRawve84lA4nhpE/pdd/l4jKzOSEy9WMJL2e53HDYdXvhYbLGQ3Xz28Wvs3Z1b4M4qBN97GK8XS5fPI++9tx/qef9yGIMzbixO7Ddmk5izjLNOgc/jc3Y0K5qz45EsF2Txo/NCGWOqflw7uhpp2GhUTUqyYJc4cYvb/B7mX1B5enSPc/ZE+I5r8KGD/9pjg9uzVZPLTjza9haiooOz0xuwrnIPQwfaMHH4dyF/ib6jbETU/fsVHCJ2XpsjOHxMDC8N3/yAM5dKsECgYEAvU3bOrTyrOYYpBEQEVk+PeQoBu2/irm40tYAyCVmesIOzpqWTWwBbiwZVQ1uBmxUiY48HtUNVOJlA+biiEayh6yjHeTDiXyT2lQ5uIER5bTYWmC7Bt/qIBdgDL/SW3bWatBr+7ybYnXmrmxf1S4qxVnzOANEVh+H7S3eXaryY1kCgYEAvCe2ow3WVAnXIfgOqQpiDuB/qF2r01S5tbvJFsRag0hWHGXhf2/Xcre+fIiKLQfgVFRVjt0ASMJWxnvJf781M6za8XuLOpaQuQZe8akbCIWKogrNxqLFlkmWW8SYVy4rxk9bu+G8a68nIHKQmMiCwl+hoAYlWEC/+2oUwkmidW8CgYBdfI6Qrn3N7xAqLhb+SlFXpU4zJcRbER76WB8ouHekliNT2rnxYC5Qp0yXWTuFxof1Kp38KAEec3OpeqNS438VS6d+gtQiGLi3sLKUsIETLL1P3MdgPMJVuNWBVlXfP4/iTi2Vs24VMN6MMw8cq2EJ90MK3WopEgdBlU5keaCceQKBgBkYXuaugMiiq1vvft0S8nMzhDNLkxBTu5U+n5p2w+/ApSOSfxoFK8I0OabYez14UHZO7T5pwZDywqokdoKgWRM0Wdtdc/tze4gCDoXC3UUssoncUQfOS/Y4iGJi/UKbeOExUnXjrMLcEKbmQNzv2WjdYmw6hZ6YvEJnKq+jLJTnAoGAVCXd8lHZimKzQybAQNFupuFm1w2Oa5/RdZeFxqEzkNECAWwytLHItGrcK40Ptdf0t8jwGWzpx55I3SXSLrbXdRSkRmasAFzj35S4Q4R1MqLTeMVgfYOfzs0Y8Vzi0lONTeEFoEN3uXdn0FzulNfO8SA8TRwQWVzDkE9s0B4GzZ4='),
('24d464ba-e855-4262-9825-dc9d3e68510a','eba49d5b-a699-4870-bfa0-5c639f4a28d0','priority','100'),
('258db516-c460-4df3-ba8c-494cfe3a3eaa','7c09632e-19a7-47cc-a34d-793a974f6799','priority','100'),
('2a963da6-635a-46b3-8f6d-2460b9ffa4ca','e30bc3df-3518-48e8-9dc5-0dea52de1b3a','allow-default-scopes','true'),
('2debbd53-071c-48ce-b510-611b488a5346','3688f717-efa8-442a-8858-74f4ae8e1475','allowed-protocol-mapper-types','oidc-usermodel-property-mapper'),
('2e3e4a94-2fe2-416a-9ff1-2574bf3b3480','40730a34-b6df-47fe-b603-033198789c66','secret','fXSWUlQHqVNrDCmx0uRo4T-wkMqBHwoUhc9soD96OHoamJFZ6bpKSHuhOq2atgxE3fHb5Q6SJTQrzc2HqFPv_Q'),
('31166ef8-e24e-4553-a2d2-8052a90b8773','eba49d5b-a699-4870-bfa0-5c639f4a28d0','kid','f61e8f1a-5816-4d19-b5f2-4c411d1aaac1'),
('32ce8291-623c-454c-bdf1-b31425f7839c','bcf9af4b-ebde-4d47-9b36-71338ee2cc54','algorithm','HS256'),
('34c1cb20-04e9-4da2-af85-ec61fad3f6e6','e0f18e56-6cf3-4e0e-9424-891296a9654f','allowed-protocol-mapper-types','oidc-full-name-mapper'),
('41868e35-dd88-41e3-9c18-31c9d0b33f71','1a20c97c-59db-4cb6-96f4-80cf990c5320','allowed-protocol-mapper-types','saml-user-property-mapper'),
('434eecfd-a904-485d-9e61-7c42ea127b49','3688f717-efa8-442a-8858-74f4ae8e1475','allowed-protocol-mapper-types','oidc-usermodel-attribute-mapper'),
('480f36d7-e273-4371-b507-5105696fea7a','2b7abb5e-8a01-489d-aa96-dd89357d3416','allowed-protocol-mapper-types','saml-user-property-mapper'),
('4b4f1daf-81c2-4c02-9f74-9d3ec67daf55','fdd30138-5ca6-4de5-b42f-f6fea1648349','allow-default-scopes','true'),
('4c6f7bd7-d457-4af0-8f3b-19fce453adf2','1a20c97c-59db-4cb6-96f4-80cf990c5320','allowed-protocol-mapper-types','oidc-address-mapper'),
('550ada9e-6045-4aa1-9fd8-406e02656d15','f2b4e30d-ec3c-4797-ad47-0fff0dab6b45','keyUse','SIG'),
('56fb4310-6262-4a45-9bdd-29fce994d258','eba49d5b-a699-4870-bfa0-5c639f4a28d0','secret','qn4akeKp0ah46N982U8eqw'),
('5fc8f8d1-8ff2-4851-a235-cf339d20b693','2b7abb5e-8a01-489d-aa96-dd89357d3416','allowed-protocol-mapper-types','oidc-sha256-pairwise-sub-mapper'),
('6196e984-cc17-4733-8970-f9e7c9269327','1a20c97c-59db-4cb6-96f4-80cf990c5320','allowed-protocol-mapper-types','oidc-sha256-pairwise-sub-mapper'),
('67bfb2d8-a76d-4076-b36a-c3921c9c6811','f2b4e30d-ec3c-4797-ad47-0fff0dab6b45','certificate','MIICmzCCAYMCBgGLXM6iuTANBgkqhkiG9w0BAQsFADARMQ8wDQYDVQQDDAZtYXN0ZXIwHhcNMjMxMDIzMTM1MDI3WhcNMzMxMDIzMTM1MjA3WjARMQ8wDQYDVQQDDAZtYXN0ZXIwggEiMA0GCSqGSIb3DQEBAQUAA4IBDwAwggEKAoIBAQCLIorpb32MUx+a+TbD0QxU2ctGzVyzzBdXCNfM8vRgjiSRlCOSIYH7e0DHWK/gc66/GKhRgqWHWCQeDDrz7XpW9XkwWgYhx0/y2aFE2K14KnEkddF6nGj/isuHkc5XYTktKsVwZwuyLmXW8b8CbPzUA+IA1SCKweQuc7NDFaWfPBEVONcnAl2Sn5iFz4oTnk8gOpKOfgqXmOczsDqTC2eUEkS5da1WQidxVLhZotYi5i800ppTKVI8VU6gsq+Klb5cRs7KTqLZDyHwxTD/IWaB4Am+J9CPCnGW5s9Yh/QAyzMzTrp9p7Sky5bjSF1a0VvJolkUFzOaSBvVwucl0sCXAgMBAAEwDQYJKoZIhvcNAQELBQADggEBAE7jyNLlmmpnIcaBxMDSn1hwwbZzLuLrIWQSRkeyumZrFERvDj0Y+cV+1utXAnIhxuMxA49lxC90xKXYyjPBwiGtMxN7bot2jxgZipG/6ZEk88oCu3u59rDh9sIThYNIjBKObJXTwm3O+39JV1IB8y+qDBlNk2G2+a5E0F+PWMN0kMNt8Zi/QCv3mzq6DkglM8/ilxoVAFBKqAvgwCEqg6+TbnsR9HxmmzM46nFf8ZdqUuAUCvKRYj1N3sf7s/vSoiYHFJQXJ+YWzru4n+4GgUDppig1qYrtJzBv1EB/jX6BgTgYkYy7Piw3xTZxQSs/eZaqyzr7cqK/QQRfbeJYytk='),
('6c19312b-59f1-4c69-9f75-c9e7596e9817','2b7abb5e-8a01-489d-aa96-dd89357d3416','allowed-protocol-mapper-types','oidc-usermodel-property-mapper'),
('6d5d5c92-3fe3-494a-81de-d4c25067d181','3688f717-efa8-442a-8858-74f4ae8e1475','allowed-protocol-mapper-types','saml-user-attribute-mapper'),
('6e897e56-7ff5-4260-89b6-022463b28b2b','e0f18e56-6cf3-4e0e-9424-891296a9654f','allowed-protocol-mapper-types','oidc-usermodel-attribute-mapper'),
('6eb4ff04-ba32-498a-9f6a-65d3180d89ad','e0f18e56-6cf3-4e0e-9424-891296a9654f','allowed-protocol-mapper-types','saml-user-attribute-mapper'),
('72e899f7-3fde-4965-a4ff-93aa483d7899','a06c7be2-7195-48b8-b938-87056662cc0b','certificate','MIICmzCCAYMCBgGLXM6jVzANBgkqhkiG9w0BAQsFADARMQ8wDQYDVQQDDAZtYXN0ZXIwHhcNMjMxMDIzMTM1MDI4WhcNMzMxMDIzMTM1MjA4WjARMQ8wDQYDVQQDDAZtYXN0ZXIwggEiMA0GCSqGSIb3DQEBAQUAA4IBDwAwggEKAoIBAQDTDOZen6GBsZUGwm61silNQTk7XtN9WzsWbPujbYrW2HeLuWoqi1Ioax0rf/gu3m4mZ8hfb/BXDunMqR/Lpk3AscGbtqmj7L0vi7SnhHRzaAassxgmO772N2JtheSdW2XnDtaP3585OT26Knq1lcSJOza2WSUK12jF79uFE1cZkxgmsC0Bfz3SZbtkFz6uc5gsKVHbAk9ZN4x7Ty7yL0aUYzv2h3jvpkARrYWm7TaKN6v9HLeCbqyJ7FPIS+6f/IZRi9BMq2Ett/ShX7ZDkl3m5EUhq/GZXqGJUO8RUpga2ms2baHawekp8lbryuqHNxsPeiWHlmX/j3uP3ZVX06uvAgMBAAEwDQYJKoZIhvcNAQELBQADggEBAL7ZUEQn8sbFAwUc7IAgJ5R5VwyPQjmdTx1TYpoAp0WYXdR0jZsFa7d5rrQcIt2v1bztd+hLoBKxFHRWcWjZ9FWebmQzhdiGRsLNUnddn/KpBuoq0oERhY8bxQ9oC0nJwxibIbbQ1rZ321BjsZDL5tqhdxfObf6SqVXlt0QuANRAJXrMsNfjWN0JyE7rB/z0JGfNv4kftCAdY3xriCX1rhy5sNn11Pdi8mgP3VxGFnDjMsk14WmwVtk5dPkXdnHVd9R0IzT6LHBRmM6Ve9Oo4GKPcURtDoU7KfdkLQMGRjn4TLI8bKX6LacLE9Nn4wQw91uF/GOZEnrefd17vsOXyYg='),
('72fa2a21-4348-4fc5-86f5-c9b88b5d1a62','543d9c7e-9ca7-4f81-8875-ffe369f2ebf0','algorithm','RSA-OAEP'),
('7876b4aa-107c-4a02-b3d4-25b53567fa17','958b39b2-2dbe-4f0e-9867-194a13fc3ee0','keyUse','SIG'),
('7ca57af7-89da-474a-8721-6c59adae3e2a','1a20c97c-59db-4cb6-96f4-80cf990c5320','allowed-protocol-mapper-types','oidc-usermodel-property-mapper'),
('7cc76304-08c0-4446-8721-0f3b11c81e1e','40730a34-b6df-47fe-b603-033198789c66','priority','100'),
('7e50adef-7ad4-4206-958d-1f80a5dc3f0f','f1076029-0be5-449c-a5c9-c521a3c68c78','host-sending-registration-request-must-match','true'),
('7e541596-29e8-4af1-b445-3af0e9c803dd','3688f717-efa8-442a-8858-74f4ae8e1475','allowed-protocol-mapper-types','oidc-sha256-pairwise-sub-mapper'),
('7faee61d-6637-4efa-b9a8-ae532e2616a5','40730a34-b6df-47fe-b603-033198789c66','kid','58654ade-2093-43a0-a7bf-49a701eacadd'),
('8371ca7a-0711-43e3-a596-ceb543457fca','40730a34-b6df-47fe-b603-033198789c66','algorithm','HS256'),
('8f351381-246c-43f3-b587-82f95ad9c107','bcf9af4b-ebde-4d47-9b36-71338ee2cc54','priority','100'),
('938cbe50-c6e4-4199-b83d-4a1f65f88164','543d9c7e-9ca7-4f81-8875-ffe369f2ebf0','privateKey','MIIEogIBAAKCAQEAwONiUWymd9KDZb+5FubGoCy/8N3J0QouWoUMUIr1zAxHZML33YwSvBdoslDPvqawmt4jqwd2Msc07JY6V7Huk4GqEkEJSE7uDvcAo3F94yMD8jafoLfYyeWz4eD6gfyLgNFd7Uxn9HnAzi1i+z3jhT16vl85zHlEY0R6fNNtsyEiFIspsKOLlDuefh8dcJULDAKH2HN1Vh0/57E/skuJQE63jPPILExvIqctigvevwycrOSf9H6p86lEK42Ex8UzNqjo2t53Z/JDumHSbG/a6OEl26T8jVaJbUIILwtbb3+WKXpe3TpQdHpYRY/IbzKSd3hgQWiu0bhrkkpG40PJmQIDAQABAoIBABQzE8IdZ9LzQJekk+ZgMUOHoCuiHE8H+wn3di5OmRY+4HCewsyIjVM1e901nYXUiLjVI8TWvZPsfOA8TLyPiYGYwfXSqf1Qp7k5OG/FVDa3vWNtgTq4WgttotB4Kh+38eeB9W1C8718TRrCUcPoC6YxxaN/TysYtXbUTmP5U7r/Afko6nQUMUo39/IWoH89ejjBAfMGciJOWk7KYgvqbV2wNeO4W7EYNIAIMdKWEbzquE6fuEDFB+0tnS+bGEuNzoqQ2yw2fgnUMP5A9Se0K7mfKO54gq8T75OQOWaQ0tfOgCX/oEwr8RYHQo9n3HflWYt7ZiMBCD2YddCPIPidowECgYEA7507/8sX3tEy8/xKT1+DUZUnMc3zKCiwvd5dMhoPnaHmAeVfO+SQ+MF6FRlgKnqnP4eU3QL4AHGTW/GBrH3rkdA88tv1GBSCB91svydONNpGv46gXwNu5eHf7+5aigHUY9PMCka2EL4V6LxnxEHeIVFpfp/NFxfwOhGEqaNueJkCgYEAzhQmMtEAXH08A4ctMzGvYLBoc48Ht0/mTNSxyDafn8z1IoUB1oGBdynUGLbM3J9bAlokeU6zvy+j1klDixbEfcmIpBg5LplfnRgmnmjzjCswa+G72YnTZbyxZJUmZMHK4qQ+rsnvpsyKbryoW+rnZ5eJ3yPxxr93sTmRG4udeQECgYAm2bWaudE6/WxnhuZ9jBz8o1RhjOT6A+70OhOeRf92LYPfltMkIOEolCY5OY4QFSb88/y9APg5CjE8XSILV7dUQxE+x08sAlc68znonHTfuOxzrqpt/V6Dw2XNvzXK3pUTQon4uJJYkJl4zON+PLfJayvRrhNQxT7cC28ZGjiVMQKBgBxVsubby9PruDu382QNmdKOjt4MtX/j8YNw3zzrHcmIEdB8P0NyLQ3oZ2w6fjJ7irTpFgjD5H0OHNXS3wGZ0MyG0E3Xss0Qc5ATCQRQ4+PK8G507DI9/B4J8s4kn9HMv4uoD6JSy6vAhewx7mgtBUI+GMvgklbEbr2kb6o86RsBAoGANLhV7MW1Cn4xZHMA29rt/8viCgKjSSElk306+Jh92/uK5t7oiWgyxi7TBMqapapcQjk4TOXWLJyc/hMZKASWvfXoeJln5kPVYcS3z/6Kkonjor2K9TnGEtOPiD9te8Lh3NjtQ5GteJA2DsoAV2Apf+c/CqT3hlQYzzTkFDyclVY='),
('9ab42e64-547f-4317-bfc6-c9046f1b0a96','1a20c97c-59db-4cb6-96f4-80cf990c5320','allowed-protocol-mapper-types','oidc-usermodel-attribute-mapper'),
('a0e62c05-9ae2-40a1-b169-e17d9c3f014c','a47bc1f7-946f-4cce-8b09-98aa7bdd76fe','client-uris-must-match','true'),
('a173a22b-911d-4706-b306-8c4b91704678','958b39b2-2dbe-4f0e-9867-194a13fc3ee0','priority','100'),
('a4e0710b-9d5e-401a-b263-80f7f834a032','1a20c97c-59db-4cb6-96f4-80cf990c5320','allowed-protocol-mapper-types','saml-user-attribute-mapper'),
('a525de32-7170-411d-b5cc-350158baacbb','2fa291c9-271a-4ffb-8542-04706eec6369','max-clients','200'),
('a5290433-e2fb-4594-bf13-3d326f8b66ea','f1076029-0be5-449c-a5c9-c521a3c68c78','client-uris-must-match','true'),
('a56255bc-64f7-4ba4-bc1b-6c20468fd2c4','2b7abb5e-8a01-489d-aa96-dd89357d3416','allowed-protocol-mapper-types','oidc-usermodel-attribute-mapper'),
('a6359c25-9ff9-406b-b3ef-924a91e5e07c','bcf9af4b-ebde-4d47-9b36-71338ee2cc54','kid','94ae9c33-011f-4462-9d41-a4ecbf708d45'),
('ab850e19-4bf6-40f4-99ef-0f74cdb1aeaa','a47bc1f7-946f-4cce-8b09-98aa7bdd76fe','host-sending-registration-request-must-match','true'),
('af4848d8-487d-4a9f-a8af-3b33864375f0','2b7abb5e-8a01-489d-aa96-dd89357d3416','allowed-protocol-mapper-types','oidc-full-name-mapper'),
('b266cba1-f91b-479d-982f-7df3339f1a53','e0f18e56-6cf3-4e0e-9424-891296a9654f','allowed-protocol-mapper-types','saml-user-property-mapper'),
('b6663102-6f6d-45e5-93b1-e454a26b9241','e0f18e56-6cf3-4e0e-9424-891296a9654f','allowed-protocol-mapper-types','saml-role-list-mapper'),
('b6724d71-753e-43a6-a3ad-1135a1fe7d99','a06c7be2-7195-48b8-b938-87056662cc0b','privateKey','MIIEogIBAAKCAQEA0wzmXp+hgbGVBsJutbIpTUE5O17TfVs7Fmz7o22K1th3i7lqKotSKGsdK3/4Lt5uJmfIX2/wVw7pzKkfy6ZNwLHBm7apo+y9L4u0p4R0c2gGrLMYJju+9jdibYXknVtl5w7Wj9+fOTk9uip6tZXEiTs2tlklCtdoxe/bhRNXGZMYJrAtAX890mW7ZBc+rnOYLClR2wJPWTeMe08u8i9GlGM79od476ZAEa2Fpu02ijer/Ry3gm6siexTyEvun/yGUYvQTKthLbf0oV+2Q5Jd5uRFIavxmV6hiVDvEVKYGtprNm2h2sHpKfJW68rqhzcbD3olh5Zl/497j92VV9OrrwIDAQABAoIBAADX/lvGe5jPIu9h+5tSWQPsDNSF7oaDxNq0GNVwbKurNd8jIJ+G6w8qTnWMD2vwi7Qvmgd3pRhUAO9GhdAEnC73BvUeZ9M18ROtlU1OJEEJ22z5UlFkz8CgPA6ACIfwg5nG32i31iUea3bBELiFHsIFsJROCu3eKpcP/Gqtxx1dDVFd9lPYdvhkr176lqH5srfnignsQiecFiSwYyP7iEfh5Wcxzpw15xIwvRRyxlMHUIrT7l5J3JXf8IcpR8DIhO54Gx7FeTATzIMq6C0QW2668n+Jm8Qa36ye/o7gWD8Q4CYOHip8j6EO6qywPpAv1fhIwC/G7Y5UMSEXimWj8sECgYEA85EDNP0TWfTR3fu2aieBRA/yrzYnYfNs2u0ulmozWcvj4mBW05qSGAZFK305KthtXI23YH/cbe1kjhgyUVKUciXczgwch6C4DbznctCtwu/AK0ZUNftnd8RirwrMDIAWu6WhwJG2oVyDeF/GvK2udSojoxwmCjfO7/1ufuwgmx8CgYEA3dL1kpY2VF7kN6EW8z5RaApfup6zxH0BpwbE6j8FcElNPSmG0kL9aHE2QY2Cb40DZr8OL7YiAFWqjeUM/vM/Ub08HMD0gg0DO+7O47i5IL4ZITMta8Zg59H06irF79gz17HB5Jpo+A1jZ7oE6QgLbRtZ9TOh3XvI5DXunBs9bXECgYBwnOKLtFsnI1+JMCFWEW/d5TXCttocmq0Ax9rbZrzZTsDNYNekPHpBq1x90AcHfUuLGGbpshRbqv/sBtn06aaC5Gijx8vFFZUjnOyyFDPSxoDmQT0cPGHJaT5rSiWvveVE2z7fRz/WeWy70iSUBgV8XIBfoNshrE38fgOBoXEt5wKBgDuxXWxJB+3Ea12c9/QVPQrmX8R0mKOzkBJGfA8dTnVdBHAFEMbcSB0m+hbB4evq4pNvrn2gYZ39b5wnm0uwYcW5SsfiFOo6XjhulzYoq4joHxMUFpD+HW3EzkeFoyZb4/eTWj4OX1kBIVL0eAXNqGWACsE1V8WmXfUrnj5cBjfBAoGAfcKr9u0fMHeNGplMReybutGTMsmAH4NzHvvDH3WDaugxeyUQmAOI058DRHBOthB7NTa4FxfXVR/e3G8co5xIFoB9ZK2B1G0ljYhbR3vLCnD3C5yaAYnKwkx0o+kiAFt5lZoM/QKOOCZAUgzveq+ZhxreVZq9V+v0/CEg5yxnLOA='),
('bc5d873b-a99d-485b-a993-a4c987e6dc17','3688f717-efa8-442a-8858-74f4ae8e1475','allowed-protocol-mapper-types','oidc-full-name-mapper'),
('bd74fd3d-b550-4f01-991f-90663ae5a9eb','1a20c97c-59db-4cb6-96f4-80cf990c5320','allowed-protocol-mapper-types','oidc-full-name-mapper'),
('c1fb8a16-68c4-4216-81a2-cf9deee557b6','afd10751-2c38-440a-a947-30ac24d0b40d','max-clients','200'),
('c20abb34-aec9-419b-b68f-3cd575ed86b0','a06c7be2-7195-48b8-b938-87056662cc0b','priority','100'),
('c4ec19bb-ea43-445c-96f5-c3b1bfca89ea','3688f717-efa8-442a-8858-74f4ae8e1475','allowed-protocol-mapper-types','saml-user-property-mapper'),
('dce7ab38-26f6-460b-8afe-654e45da3d60','7c09632e-19a7-47cc-a34d-793a974f6799','kid','bd3f11ad-9a89-43ee-91ea-8d732386fc63'),
('e69360a3-4ccf-4d64-9f87-77f8a28548ce','2b7abb5e-8a01-489d-aa96-dd89357d3416','allowed-protocol-mapper-types','oidc-address-mapper'),
('eb7c7acc-e283-475c-be67-af293244f9f4','2b7abb5e-8a01-489d-aa96-dd89357d3416','allowed-protocol-mapper-types','saml-role-list-mapper'),
('f31ecd91-f6ee-4477-960e-4c7d6daa654a','a06c7be2-7195-48b8-b938-87056662cc0b','algorithm','RSA-OAEP'),
('f4847669-a007-4d77-ae30-945ed027e579','e0f18e56-6cf3-4e0e-9424-891296a9654f','allowed-protocol-mapper-types','oidc-usermodel-property-mapper'),
('f750248a-676e-461f-882a-fbb44ad4fa38','958b39b2-2dbe-4f0e-9867-194a13fc3ee0','privateKey','MIIEowIBAAKCAQEAnWk5zTU5VUOxQnphZgwnwbBh2KCO8Dndhezpsz2WEStwtKYWAw71I/JR0ZrJ+dtOHSYOxRwgu8U8o/6hTXh9gCICtq0+VyfpuYqyOvduIoZ5M9xgZ1sy7aNwM3CAO1xEQuM82iDnqM6+swSu98ggnho99W3JH9Vqirkk9Dbxcw18fyPr7ediVTsXh4J3Ay7KeLt/qyIYvxAJQxjTzQ43H5QEDmY1Lk/t8W33xW9rqgOiq71JGZyn4skmipyA9OkDrvTYf5sZCbgn1h9+EaN9IwHtTacDLkOF8izFekhfCKW1hMD2PSArO7szPtXTwoUTbpFm1y5sSd4hrtSgDjLcEwIDAQABAoIBABQfItnl/1W0aQDX9wJd9GkQfHl+ELeJlhUsEzWr3jaEqIwXHQI4E8MME0Rpdn8fdw1H06SDs3V9QYKvJnxqNhS+hD1IyQrIGdrzbVQXU/dK3ExyU8pygICbH1kb/PBZm4o3VQyHH0XXY84rf5hB91VuglQQvCB7Hfrsrtoe+d9cex8tpsQMM3jwQ+mkjxp61ToJm7BbKvVXrLWQ2yWI8jQ3nt+aTFfkRii0arHc7F/+qLNlX0KRKo/4nQFp+FbR2rr0vsq/coKuB8rtCBJE+j6yobQV+BCtERp+VgF+UL2Viwrk5re9XsAGa47nR5cowXxK7SyZTQVq7sTE3SdLqNUCgYEAz6rLEcCQmmbuGQPlP+FpZPL2vt4bvC9asUDJRWAvqXrhpO6Eth69qawwohT7yWRbkaH2P05XMYFeT9vQCOeG5fdvZSBRbpK/CgfAeSSoEEdnc03+sNYmDpt3ALef8gDrt3wMka/2gOcQWf83U0m5kURzYu4IJI247pPPWn6CJycCgYEAwgwTnAQWLkANMYyB45HcJAZ77SgvEg9/f7olXU55/qhDG2LEZDW0Rrc76rZYhYjmAHGI/EI4hGMfi1dTufUFyI6yTWOHK9vf4FcIOB3T4fdWr8JGwq+4kfvFahG/YhQEeULfpO7S1cHFCMl0xmfiwjpcjaZ86JngOXSY8iIJ1zUCgYEAiugGbzhsQStKZicp6CHh+qleDOvKh4TxWBEq0CH3n5jXaBg3Yw6K9Px9h10b0mkzquU4Lr47Kp0LNcWlkN81Z4ur0mvcrGayLIZk42N2m3T3qLPqAeUsjabF4g/xh9G/2fq6+ZRHAZANavWAz1BINPghanIntjOqGMN79l8atg8CgYBRwXzRkvc1bU8hvS1MkDvMAd9cwD10worZabgsY9AKdyIu+6H7BpV55eGctk79k/wz26H3hn8BaDH2J0jjZFSXd2ewK2rcE7tzbbfMzORkpC0lyBjAFgERoJ5AXlHgJMbtwDsx5l12Kjm1xgspPMPRSX2NQMQHzC0oh/OYsLassQKBgAiAnhdnJ6sp/j56hJ1diCbUytyH8hpCWYVXbPvz9uQUtlEgTx1+Ikhq7XAINBwry3M/DWfnjvNmMRCafNbRV5S86YWKtH58ghDIqFrSfLhkvoaXbyc2+mKVEqNvBQxKbCrd3mWGFbW+vyC3RloccnjYH01lDwKkNh/1DugaqWM+'),
('f8f3b4f3-c77f-442b-b48b-5076ae144010','543d9c7e-9ca7-4f81-8875-ffe369f2ebf0','keyUse','ENC'),
('fd6a3b04-5224-4cf1-b3fd-1c3ee7fcd5ea','e0f18e56-6cf3-4e0e-9424-891296a9654f','allowed-protocol-mapper-types','oidc-sha256-pairwise-sub-mapper');
/*!40000 ALTER TABLE `COMPONENT_CONFIG` ENABLE KEYS */;
UNLOCK TABLES;

--
-- Table structure for table `COMPOSITE_ROLE`
--

DROP TABLE IF EXISTS `COMPOSITE_ROLE`;
/*!40101 SET @saved_cs_client     = @@character_set_client */;
/*!40101 SET character_set_client = utf8 */;
CREATE TABLE `COMPOSITE_ROLE` (
  `COMPOSITE` varchar(36) NOT NULL,
  `CHILD_ROLE` varchar(36) NOT NULL,
  PRIMARY KEY (`COMPOSITE`,`CHILD_ROLE`),
  KEY `IDX_COMPOSITE` (`COMPOSITE`),
  KEY `IDX_COMPOSITE_CHILD` (`CHILD_ROLE`),
  CONSTRAINT `FK_A63WVEKFTU8JO1PNJ81E7MCE2` FOREIGN KEY (`COMPOSITE`) REFERENCES `KEYCLOAK_ROLE` (`ID`),
  CONSTRAINT `FK_GR7THLLB9LU8Q4VQA4524JJY8` FOREIGN KEY (`CHILD_ROLE`) REFERENCES `KEYCLOAK_ROLE` (`ID`)
) ENGINE=InnoDB DEFAULT CHARSET=utf8mb4 COLLATE=utf8mb4_general_ci;
/*!40101 SET character_set_client = @saved_cs_client */;

--
-- Dumping data for table `COMPOSITE_ROLE`
--

LOCK TABLES `COMPOSITE_ROLE` WRITE;
/*!40000 ALTER TABLE `COMPOSITE_ROLE` DISABLE KEYS */;
INSERT INTO `COMPOSITE_ROLE` VALUES
('034be873-55c1-49ab-b31f-796e93306ce5','a824b66c-166d-43c9-88bc-14e6b46f0f63'),
('05134eb5-ca0b-49bd-9cdf-129dc4e895d7','96ccaf2f-fb3f-4044-a68b-f5da084b4d74'),
('1104e248-81f2-46c0-9144-0ab64848b88f','4edbf9e6-bf78-4e2a-b8bb-4c9f79106d68'),
('1104e248-81f2-46c0-9144-0ab64848b88f','87b1f366-7eaa-4dc1-9fc7-1edc256d0240'),
('1104e248-81f2-46c0-9144-0ab64848b88f','8c9ccd2c-0e24-493b-b62a-a1ecaf84438b'),
('1104e248-81f2-46c0-9144-0ab64848b88f','a85d0e83-5485-4fb1-952b-e5223226f77a'),
('3ee2ce01-a50b-4c1e-9a21-72f578b67040','6d6d0e42-a26a-4e66-8f37-12da92e352b4'),
('4a69d93d-98f4-4983-a71f-79f71328a2a9','87f7cd11-a73a-4b40-8145-1faa6a99ad27'),
('4b3bbe8a-f174-40d8-aba8-a946cceb079c','1ef445c0-9eb8-43df-a5b9-26a5766e43a6'),
('4b3bbe8a-f174-40d8-aba8-a946cceb079c','a19f5855-1f9b-4634-a934-d46554600f3a'),
('5a6555ab-692b-4868-a45c-96b0c70fb9ce','21afad9a-8059-4052-88ac-b8f91309828a'),
('5a6555ab-692b-4868-a45c-96b0c70fb9ce','a667765f-486e-4989-ab56-b163c770fae4'),
('74353a0f-3bee-41be-933c-96a70d1feddd','710b50e3-c763-4ccf-b741-b144804b33df'),
('8c01c9e4-fd79-45eb-b38b-0698b3d51641','1a719645-34bc-4b54-9471-a54e61fd7947'),
('8c01c9e4-fd79-45eb-b38b-0698b3d51641','b49b6028-28e8-4913-88d2-8db575e5f1cf'),
('9a618968-e06f-476f-a649-1a7436c30d84','4ff4eac4-95d1-407d-b4ac-3a1d10b6c010'),
('9a618968-e06f-476f-a649-1a7436c30d84','946f3263-2533-4704-b473-1a8de9a209e8'),
('9a618968-e06f-476f-a649-1a7436c30d84','9dd2c629-9d94-44af-8187-c8ab5da89c8a'),
('9a618968-e06f-476f-a649-1a7436c30d84','e69dffa8-b058-41a5-ac7f-293ba0b54afc'),
('a85d0e83-5485-4fb1-952b-e5223226f77a','13eb5d4b-ec78-4a66-9a4f-185c1e7be8da'),
('bf331dbb-1fb5-4c60-8673-2eb00efed0e4','0306c2d6-a2f8-427f-bd13-4705ae9ed2b6'),
('bf331dbb-1fb5-4c60-8673-2eb00efed0e4','21afad9a-8059-4052-88ac-b8f91309828a'),
('bf331dbb-1fb5-4c60-8673-2eb00efed0e4','27717925-5b42-4ffe-87d4-48f903fcf522'),
('bf331dbb-1fb5-4c60-8673-2eb00efed0e4','471ad722-96bd-44c8-9f2f-39a25f684750'),
('bf331dbb-1fb5-4c60-8673-2eb00efed0e4','4a69d93d-98f4-4983-a71f-79f71328a2a9'),
('bf331dbb-1fb5-4c60-8673-2eb00efed0e4','5a6555ab-692b-4868-a45c-96b0c70fb9ce'),
('bf331dbb-1fb5-4c60-8673-2eb00efed0e4','7e91fdce-a960-4e4c-8bd3-104870b3e2b3'),
('bf331dbb-1fb5-4c60-8673-2eb00efed0e4','87f7cd11-a73a-4b40-8145-1faa6a99ad27'),
('bf331dbb-1fb5-4c60-8673-2eb00efed0e4','88837618-5f7e-4210-977e-a1f504dc159e'),
('bf331dbb-1fb5-4c60-8673-2eb00efed0e4','8b894cf8-abae-4f9b-9d08-1321ff9a2359'),
('bf331dbb-1fb5-4c60-8673-2eb00efed0e4','95b2cfb8-f320-4e38-9d6b-1c1790721056'),
('bf331dbb-1fb5-4c60-8673-2eb00efed0e4','95b69813-65e3-4171-877b-244efc65a4b5'),
('bf331dbb-1fb5-4c60-8673-2eb00efed0e4','96175189-8573-4c31-aa7f-dd766de6c239'),
('bf331dbb-1fb5-4c60-8673-2eb00efed0e4','97a4c4b9-4180-41e4-91d0-a65db04c0bf2'),
('bf331dbb-1fb5-4c60-8673-2eb00efed0e4','a667765f-486e-4989-ab56-b163c770fae4'),
('bf331dbb-1fb5-4c60-8673-2eb00efed0e4','b1641724-47bb-4f7d-91ff-8e51b38a277c'),
('bf331dbb-1fb5-4c60-8673-2eb00efed0e4','d6b845b8-7314-4762-81c4-c25058f81566'),
('bf331dbb-1fb5-4c60-8673-2eb00efed0e4','f2b8d7d5-25a5-4207-94fe-b3f94cded2d7'),
('e0b7402d-0d15-40c0-aa1f-5c68a6e5ced2','034be873-55c1-49ab-b31f-796e93306ce5'),
('e0b7402d-0d15-40c0-aa1f-5c68a6e5ced2','05134eb5-ca0b-49bd-9cdf-129dc4e895d7'),
('e0b7402d-0d15-40c0-aa1f-5c68a6e5ced2','0686905a-f426-4836-bf4d-fa6b27613fe0'),
('e0b7402d-0d15-40c0-aa1f-5c68a6e5ced2','09582fb8-aceb-4312-80ba-89cd689ac177'),
('e0b7402d-0d15-40c0-aa1f-5c68a6e5ced2','124587e8-b97b-40d2-86b7-c7a2387f830c'),
('e0b7402d-0d15-40c0-aa1f-5c68a6e5ced2','1a719645-34bc-4b54-9471-a54e61fd7947'),
('e0b7402d-0d15-40c0-aa1f-5c68a6e5ced2','1d9ace7d-fb1b-4f2f-b319-d06e77c10ed4'),
('e0b7402d-0d15-40c0-aa1f-5c68a6e5ced2','1ef445c0-9eb8-43df-a5b9-26a5766e43a6'),
('e0b7402d-0d15-40c0-aa1f-5c68a6e5ced2','26994a38-ed08-4dc4-8571-b3af8920e501'),
('e0b7402d-0d15-40c0-aa1f-5c68a6e5ced2','28aca2b9-bceb-4c80-9664-8c750cc8be54'),
('e0b7402d-0d15-40c0-aa1f-5c68a6e5ced2','2e9fd3da-2813-4fa2-a301-04e71d6ccfc1'),
('e0b7402d-0d15-40c0-aa1f-5c68a6e5ced2','2f5b10bc-e16a-49a3-adf3-d731527c23ca'),
('e0b7402d-0d15-40c0-aa1f-5c68a6e5ced2','40c125fe-4b64-4ad9-aa09-90ab9c9d6e8f'),
('e0b7402d-0d15-40c0-aa1f-5c68a6e5ced2','447de0a3-2b1f-44cc-bb2f-9037dd525455'),
('e0b7402d-0d15-40c0-aa1f-5c68a6e5ced2','4b3bbe8a-f174-40d8-aba8-a946cceb079c'),
('e0b7402d-0d15-40c0-aa1f-5c68a6e5ced2','5903663f-d2e6-4ca6-a72a-33caf8d6fdc3'),
('e0b7402d-0d15-40c0-aa1f-5c68a6e5ced2','59ebb363-0a16-485a-88df-4acb74f92d32'),
('e0b7402d-0d15-40c0-aa1f-5c68a6e5ced2','5b2fb211-1778-4890-8456-d04675270566'),
('e0b7402d-0d15-40c0-aa1f-5c68a6e5ced2','5d1f569a-b736-44a1-bd0e-0c3e3b1cf920'),
('e0b7402d-0d15-40c0-aa1f-5c68a6e5ced2','5ef47564-242f-4aaa-a65d-5ccc6ce79127'),
('e0b7402d-0d15-40c0-aa1f-5c68a6e5ced2','61b49eba-660a-4f4d-9129-56e092d77918'),
('e0b7402d-0d15-40c0-aa1f-5c68a6e5ced2','64c7a3d4-c251-406d-b181-480626caa097'),
('e0b7402d-0d15-40c0-aa1f-5c68a6e5ced2','7daeba35-33d5-4de1-b40e-c15fe6bbb01c'),
('e0b7402d-0d15-40c0-aa1f-5c68a6e5ced2','8c01c9e4-fd79-45eb-b38b-0698b3d51641'),
('e0b7402d-0d15-40c0-aa1f-5c68a6e5ced2','90993594-f584-4879-a574-91fb1bc90339'),
('e0b7402d-0d15-40c0-aa1f-5c68a6e5ced2','96ccaf2f-fb3f-4044-a68b-f5da084b4d74'),
('e0b7402d-0d15-40c0-aa1f-5c68a6e5ced2','98953cc5-edc0-49be-9c1c-a5b0d6db5e43'),
('e0b7402d-0d15-40c0-aa1f-5c68a6e5ced2','a19f5855-1f9b-4634-a934-d46554600f3a'),
('e0b7402d-0d15-40c0-aa1f-5c68a6e5ced2','a47ff19a-845f-41f4-816c-604e9af49e43'),
('e0b7402d-0d15-40c0-aa1f-5c68a6e5ced2','a567ee87-87ab-4b28-bda0-b10c9b19eec2'),
('e0b7402d-0d15-40c0-aa1f-5c68a6e5ced2','a824b66c-166d-43c9-88bc-14e6b46f0f63'),
('e0b7402d-0d15-40c0-aa1f-5c68a6e5ced2','adf8b90e-90dd-4ec4-977b-d79b7e0c2f94'),
('e0b7402d-0d15-40c0-aa1f-5c68a6e5ced2','b49b6028-28e8-4913-88d2-8db575e5f1cf'),
('e0b7402d-0d15-40c0-aa1f-5c68a6e5ced2','c2f33380-dbd5-44a8-887e-d4d3083535cf'),
('e0b7402d-0d15-40c0-aa1f-5c68a6e5ced2','c7c891be-11c3-4be0-8055-3909f91f97a3'),
('e0b7402d-0d15-40c0-aa1f-5c68a6e5ced2','d425d3a4-2042-4ef2-9471-0ef75747f7fe'),
('e0b7402d-0d15-40c0-aa1f-5c68a6e5ced2','faf6d36e-17cc-4dc8-930d-588533eba03a'),
('e69dffa8-b058-41a5-ac7f-293ba0b54afc','17e9d702-cea7-4e94-843e-21929ea372fd');
/*!40000 ALTER TABLE `COMPOSITE_ROLE` ENABLE KEYS */;
UNLOCK TABLES;

--
-- Table structure for table `CREDENTIAL`
--

DROP TABLE IF EXISTS `CREDENTIAL`;
/*!40101 SET @saved_cs_client     = @@character_set_client */;
/*!40101 SET character_set_client = utf8 */;
CREATE TABLE `CREDENTIAL` (
  `ID` varchar(36) NOT NULL,
  `SALT` tinyblob DEFAULT NULL,
  `TYPE` varchar(255) DEFAULT NULL,
  `USER_ID` varchar(36) DEFAULT NULL,
  `CREATED_DATE` bigint(20) DEFAULT NULL,
  `USER_LABEL` varchar(255) DEFAULT NULL,
  `SECRET_DATA` longtext DEFAULT NULL,
  `CREDENTIAL_DATA` longtext DEFAULT NULL,
  `PRIORITY` int(11) DEFAULT NULL,
  PRIMARY KEY (`ID`),
  KEY `IDX_USER_CREDENTIAL` (`USER_ID`),
  CONSTRAINT `FK_PFYR0GLASQYL0DEI3KL69R6V0` FOREIGN KEY (`USER_ID`) REFERENCES `USER_ENTITY` (`ID`)
) ENGINE=InnoDB DEFAULT CHARSET=utf8mb4 COLLATE=utf8mb4_general_ci;
/*!40101 SET character_set_client = @saved_cs_client */;

--
-- Dumping data for table `CREDENTIAL`
--

LOCK TABLES `CREDENTIAL` WRITE;
/*!40000 ALTER TABLE `CREDENTIAL` DISABLE KEYS */;
INSERT INTO `CREDENTIAL` VALUES
('0ca813c7-dc46-4e7c-9ff2-de019360420d',NULL,'password','166bca2a-ff60-42b8-b2c1-fe6117e1bb98',1700212701302,'My password','{\"value\":\"/N5J6QPVGk0bc6x8argBNuM9VjZULBIajVpTP2603/Y=\",\"salt\":\"OCy8l183j58Jtldsn7LFBw==\",\"additionalParameters\":{}}','{\"hashIterations\":27500,\"algorithm\":\"pbkdf2-sha256\",\"additionalParameters\":{}}',10),
('25698695-ee1b-4b27-8ffa-9e35284a8acc',NULL,'password','fe90673a-f076-497d-b085-85ca87ef07ae',1700212897909,'My password','{\"value\":\"lfkP2slhXRF4OK5WcUabBzVFC4P4D/y+FPQTnOhcqno=\",\"salt\":\"K6ApJP6WUQ5Zlfk9dv6oNw==\",\"additionalParameters\":{}}','{\"hashIterations\":27500,\"algorithm\":\"pbkdf2-sha256\",\"additionalParameters\":{}}',10),
('39ca9ca4-3496-446c-8dad-6400ab59fb58',NULL,'password','b6c3d84b-37ce-43cc-9dc2-ce66231ea8e9',1698220999153,'My password','{\"value\":\"t44fvRgvpN3Qw3MJBzBDzjhXGM68T3kpPbo/FYgtFys=\",\"salt\":\"e/+V0kTdKQwsSShFZFkH6g==\",\"additionalParameters\":{}}','{\"hashIterations\":27500,\"algorithm\":\"pbkdf2-sha256\",\"additionalParameters\":{}}',10),
('3bb232a0-5d3a-4ff4-9b2e-d9b1c573a274',NULL,'password','7fa64509-566b-4a67-bb5e-05f78508cb65',1700212681542,'My password','{\"value\":\"P01Ydgr5gosH0wxY5As77ZT59N8zyyll36adusZsaJE=\",\"salt\":\"VEvutUStfKiqjl/9QdofPQ==\",\"additionalParameters\":{}}','{\"hashIterations\":27500,\"algorithm\":\"pbkdf2-sha256\",\"additionalParameters\":{}}',10),
('619d4c95-fa6c-4fc4-a624-a9157f5e0e4d',NULL,'password','b9aa99a7-244a-4ed7-a419-9f1640f2e011',1699882767466,'My password','{\"value\":\"mdZ/39c9t6kwsxhYT79GLSNIe/rtSaEWCa4s+4WhpE4=\",\"salt\":\"KFvBWRaiYFDm1YtAqjnGLg==\",\"additionalParameters\":{}}','{\"hashIterations\":27500,\"algorithm\":\"pbkdf2-sha256\",\"additionalParameters\":{}}',10),
('bca958cf-6124-47d7-bdbc-111e9c862664',NULL,'password','442b3914-b945-40e7-9b22-086bdf6fd9b2',1699950889007,'My password','{\"value\":\"G9yeMlY0tmf3fWISuCdJcJChbsX0QDOOkLlG0Q5ok3U=\",\"salt\":\"52YM1DixYiFIHcBh+DZs3Q==\",\"additionalParameters\":{}}','{\"hashIterations\":27500,\"algorithm\":\"pbkdf2-sha256\",\"additionalParameters\":{}}',10),
('c3b7128f-d0a8-4e70-b1bc-bd9588e16929',NULL,'password','46623042-cc53-4539-86f7-affbfc750831',1698421222170,'My password','{\"value\":\"JjE5CcvAeJHp5rBFIdIXzuUOE8J/r36fGYQa8Pqj7Lc=\",\"salt\":\"5ZxXwAV2mNS57sHr0fsvpg==\",\"additionalParameters\":{}}','{\"hashIterations\":27500,\"algorithm\":\"pbkdf2-sha256\",\"additionalParameters\":{}}',10),
('cd3b12d5-cfa2-4fe4-bae9-fab065312a69',NULL,'password','b16f53ed-6570-4222-9ea3-4d3109e05c83',1698762278359,'My password','{\"value\":\"RFpDSpH7DNymsAHZmjQ8+QAic7d0/rvVncWZkfApGc8=\",\"salt\":\"SdlugAlGIpC9rLKN3AmZPg==\",\"additionalParameters\":{}}','{\"hashIterations\":27500,\"algorithm\":\"pbkdf2-sha256\",\"additionalParameters\":{}}',10),
('cf2f0894-ba2d-4dab-8a17-f58ce67cbcfd',NULL,'password','78ffa712-de81-4f8b-b699-5071ba6a303e',1698151412953,NULL,'{\"value\":\"KrEmgV1RwY0oXb5a9YE1wBv626zyst5CY4UeajVcA5Y=\",\"salt\":\"XIt2MgRv3guUAhMHZJ3nSA==\",\"additionalParameters\":{}}','{\"hashIterations\":27500,\"algorithm\":\"pbkdf2-sha256\",\"additionalParameters\":{}}',10);
/*!40000 ALTER TABLE `CREDENTIAL` ENABLE KEYS */;
UNLOCK TABLES;

--
-- Table structure for table `DATABASECHANGELOG`
--

DROP TABLE IF EXISTS `DATABASECHANGELOG`;
/*!40101 SET @saved_cs_client     = @@character_set_client */;
/*!40101 SET character_set_client = utf8 */;
CREATE TABLE `DATABASECHANGELOG` (
  `ID` varchar(255) NOT NULL,
  `AUTHOR` varchar(255) NOT NULL,
  `FILENAME` varchar(255) NOT NULL,
  `DATEEXECUTED` datetime NOT NULL,
  `ORDEREXECUTED` int(11) NOT NULL,
  `EXECTYPE` varchar(10) NOT NULL,
  `MD5SUM` varchar(35) DEFAULT NULL,
  `DESCRIPTION` varchar(255) DEFAULT NULL,
  `COMMENTS` varchar(255) DEFAULT NULL,
  `TAG` varchar(255) DEFAULT NULL,
  `LIQUIBASE` varchar(20) DEFAULT NULL,
  `CONTEXTS` varchar(255) DEFAULT NULL,
  `LABELS` varchar(255) DEFAULT NULL,
  `DEPLOYMENT_ID` varchar(10) DEFAULT NULL
) ENGINE=InnoDB DEFAULT CHARSET=utf8mb4 COLLATE=utf8mb4_general_ci;
/*!40101 SET character_set_client = @saved_cs_client */;

--
-- Dumping data for table `DATABASECHANGELOG`
--

LOCK TABLES `DATABASECHANGELOG` WRITE;
/*!40000 ALTER TABLE `DATABASECHANGELOG` DISABLE KEYS */;
INSERT INTO `DATABASECHANGELOG` VALUES
('1.0.0.Final-KEYCLOAK-5461','sthorger@redhat.com','META-INF/jpa-changelog-1.0.0.Final.xml','2023-10-23 13:45:05',1,'EXECUTED','9:6f1016664e21e16d26517a4418f5e3df','createTable tableName=APPLICATION_DEFAULT_ROLES; createTable tableName=CLIENT; createTable tableName=CLIENT_SESSION; createTable tableName=CLIENT_SESSION_ROLE; createTable tableName=COMPOSITE_ROLE; createTable tableName=CREDENTIAL; createTable tab...','',NULL,'4.20.0',NULL,NULL,'8068683147'),
('1.0.0.Final-KEYCLOAK-5461','sthorger@redhat.com','META-INF/db2-jpa-changelog-1.0.0.Final.xml','2023-10-23 13:45:05',2,'MARK_RAN','9:828775b1596a07d1200ba1d49e5e3941','createTable tableName=APPLICATION_DEFAULT_ROLES; createTable tableName=CLIENT; createTable tableName=CLIENT_SESSION; createTable tableName=CLIENT_SESSION_ROLE; createTable tableName=COMPOSITE_ROLE; createTable tableName=CREDENTIAL; createTable tab...','',NULL,'4.20.0',NULL,NULL,'8068683147'),
('1.1.0.Beta1','sthorger@redhat.com','META-INF/jpa-changelog-1.1.0.Beta1.xml','2023-10-23 13:45:10',3,'EXECUTED','9:5f090e44a7d595883c1fb61f4b41fd38','delete tableName=CLIENT_SESSION_ROLE; delete tableName=CLIENT_SESSION; delete tableName=USER_SESSION; createTable tableName=CLIENT_ATTRIBUTES; createTable tableName=CLIENT_SESSION_NOTE; createTable tableName=APP_NODE_REGISTRATIONS; addColumn table...','',NULL,'4.20.0',NULL,NULL,'8068683147'),
('1.1.0.Final','sthorger@redhat.com','META-INF/jpa-changelog-1.1.0.Final.xml','2023-10-23 13:45:11',4,'EXECUTED','9:c07e577387a3d2c04d1adc9aaad8730e','renameColumn newColumnName=EVENT_TIME, oldColumnName=TIME, tableName=EVENT_ENTITY','',NULL,'4.20.0',NULL,NULL,'8068683147'),
('1.2.0.Beta1','psilva@redhat.com','META-INF/jpa-changelog-1.2.0.Beta1.xml','2023-10-23 13:45:23',5,'EXECUTED','9:b68ce996c655922dbcd2fe6b6ae72686','delete tableName=CLIENT_SESSION_ROLE; delete tableName=CLIENT_SESSION_NOTE; delete tableName=CLIENT_SESSION; delete tableName=USER_SESSION; createTable tableName=PROTOCOL_MAPPER; createTable tableName=PROTOCOL_MAPPER_CONFIG; createTable tableName=...','',NULL,'4.20.0',NULL,NULL,'8068683147'),
('1.2.0.Beta1','psilva@redhat.com','META-INF/db2-jpa-changelog-1.2.0.Beta1.xml','2023-10-23 13:45:24',6,'MARK_RAN','9:543b5c9989f024fe35c6f6c5a97de88e','delete tableName=CLIENT_SESSION_ROLE; delete tableName=CLIENT_SESSION_NOTE; delete tableName=CLIENT_SESSION; delete tableName=USER_SESSION; createTable tableName=PROTOCOL_MAPPER; createTable tableName=PROTOCOL_MAPPER_CONFIG; createTable tableName=...','',NULL,'4.20.0',NULL,NULL,'8068683147'),
('1.2.0.RC1','bburke@redhat.com','META-INF/jpa-changelog-1.2.0.CR1.xml','2023-10-23 13:45:39',7,'EXECUTED','9:765afebbe21cf5bbca048e632df38336','delete tableName=CLIENT_SESSION_ROLE; delete tableName=CLIENT_SESSION_NOTE; delete tableName=CLIENT_SESSION; delete tableName=USER_SESSION_NOTE; delete tableName=USER_SESSION; createTable tableName=MIGRATION_MODEL; createTable tableName=IDENTITY_P...','',NULL,'4.20.0',NULL,NULL,'8068683147'),
('1.2.0.RC1','bburke@redhat.com','META-INF/db2-jpa-changelog-1.2.0.CR1.xml','2023-10-23 13:45:39',8,'MARK_RAN','9:db4a145ba11a6fdaefb397f6dbf829a1','delete tableName=CLIENT_SESSION_ROLE; delete tableName=CLIENT_SESSION_NOTE; delete tableName=CLIENT_SESSION; delete tableName=USER_SESSION_NOTE; delete tableName=USER_SESSION; createTable tableName=MIGRATION_MODEL; createTable tableName=IDENTITY_P...','',NULL,'4.20.0',NULL,NULL,'8068683147'),
('1.2.0.Final','keycloak','META-INF/jpa-changelog-1.2.0.Final.xml','2023-10-23 13:45:41',9,'EXECUTED','9:9d05c7be10cdb873f8bcb41bc3a8ab23','update tableName=CLIENT; update tableName=CLIENT; update tableName=CLIENT','',NULL,'4.20.0',NULL,NULL,'8068683147'),
('1.3.0','bburke@redhat.com','META-INF/jpa-changelog-1.3.0.xml','2023-10-23 13:45:53',10,'EXECUTED','9:18593702353128d53111f9b1ff0b82b8','delete tableName=CLIENT_SESSION_ROLE; delete tableName=CLIENT_SESSION_PROT_MAPPER; delete tableName=CLIENT_SESSION_NOTE; delete tableName=CLIENT_SESSION; delete tableName=USER_SESSION_NOTE; delete tableName=USER_SESSION; createTable tableName=ADMI...','',NULL,'4.20.0',NULL,NULL,'8068683147'),
('1.4.0','bburke@redhat.com','META-INF/jpa-changelog-1.4.0.xml','2023-10-23 13:46:02',11,'EXECUTED','9:6122efe5f090e41a85c0f1c9e52cbb62','delete tableName=CLIENT_SESSION_AUTH_STATUS; delete tableName=CLIENT_SESSION_ROLE; delete tableName=CLIENT_SESSION_PROT_MAPPER; delete tableName=CLIENT_SESSION_NOTE; delete tableName=CLIENT_SESSION; delete tableName=USER_SESSION_NOTE; delete table...','',NULL,'4.20.0',NULL,NULL,'8068683147'),
('1.4.0','bburke@redhat.com','META-INF/db2-jpa-changelog-1.4.0.xml','2023-10-23 13:46:03',12,'MARK_RAN','9:e1ff28bf7568451453f844c5d54bb0b5','delete tableName=CLIENT_SESSION_AUTH_STATUS; delete tableName=CLIENT_SESSION_ROLE; delete tableName=CLIENT_SESSION_PROT_MAPPER; delete tableName=CLIENT_SESSION_NOTE; delete tableName=CLIENT_SESSION; delete tableName=USER_SESSION_NOTE; delete table...','',NULL,'4.20.0',NULL,NULL,'8068683147'),
('1.5.0','bburke@redhat.com','META-INF/jpa-changelog-1.5.0.xml','2023-10-23 13:46:07',13,'EXECUTED','9:7af32cd8957fbc069f796b61217483fd','delete tableName=CLIENT_SESSION_AUTH_STATUS; delete tableName=CLIENT_SESSION_ROLE; delete tableName=CLIENT_SESSION_PROT_MAPPER; delete tableName=CLIENT_SESSION_NOTE; delete tableName=CLIENT_SESSION; delete tableName=USER_SESSION_NOTE; delete table...','',NULL,'4.20.0',NULL,NULL,'8068683147'),
('1.6.1_from15','mposolda@redhat.com','META-INF/jpa-changelog-1.6.1.xml','2023-10-23 13:46:09',14,'EXECUTED','9:6005e15e84714cd83226bf7879f54190','addColumn tableName=REALM; addColumn tableName=KEYCLOAK_ROLE; addColumn tableName=CLIENT; createTable tableName=OFFLINE_USER_SESSION; createTable tableName=OFFLINE_CLIENT_SESSION; addPrimaryKey constraintName=CONSTRAINT_OFFL_US_SES_PK2, tableName=...','',NULL,'4.20.0',NULL,NULL,'8068683147'),
('1.6.1_from16-pre','mposolda@redhat.com','META-INF/jpa-changelog-1.6.1.xml','2023-10-23 13:46:09',15,'MARK_RAN','9:bf656f5a2b055d07f314431cae76f06c','delete tableName=OFFLINE_CLIENT_SESSION; delete tableName=OFFLINE_USER_SESSION','',NULL,'4.20.0',NULL,NULL,'8068683147'),
('1.6.1_from16','mposolda@redhat.com','META-INF/jpa-changelog-1.6.1.xml','2023-10-23 13:46:10',16,'MARK_RAN','9:f8dadc9284440469dcf71e25ca6ab99b','dropPrimaryKey constraintName=CONSTRAINT_OFFLINE_US_SES_PK, tableName=OFFLINE_USER_SESSION; dropPrimaryKey constraintName=CONSTRAINT_OFFLINE_CL_SES_PK, tableName=OFFLINE_CLIENT_SESSION; addColumn tableName=OFFLINE_USER_SESSION; update tableName=OF...','',NULL,'4.20.0',NULL,NULL,'8068683147'),
('1.6.1','mposolda@redhat.com','META-INF/jpa-changelog-1.6.1.xml','2023-10-23 13:46:10',17,'EXECUTED','9:d41d8cd98f00b204e9800998ecf8427e','empty','',NULL,'4.20.0',NULL,NULL,'8068683147'),
('1.7.0','bburke@redhat.com','META-INF/jpa-changelog-1.7.0.xml','2023-10-23 13:46:17',18,'EXECUTED','9:3368ff0be4c2855ee2dd9ca813b38d8e','createTable tableName=KEYCLOAK_GROUP; createTable tableName=GROUP_ROLE_MAPPING; createTable tableName=GROUP_ATTRIBUTE; createTable tableName=USER_GROUP_MEMBERSHIP; createTable tableName=REALM_DEFAULT_GROUPS; addColumn tableName=IDENTITY_PROVIDER; ...','',NULL,'4.20.0',NULL,NULL,'8068683147'),
('1.8.0','mposolda@redhat.com','META-INF/jpa-changelog-1.8.0.xml','2023-10-23 13:46:21',19,'EXECUTED','9:8ac2fb5dd030b24c0570a763ed75ed20','addColumn tableName=IDENTITY_PROVIDER; createTable tableName=CLIENT_TEMPLATE; createTable tableName=CLIENT_TEMPLATE_ATTRIBUTES; createTable tableName=TEMPLATE_SCOPE_MAPPING; dropNotNullConstraint columnName=CLIENT_ID, tableName=PROTOCOL_MAPPER; ad...','',NULL,'4.20.0',NULL,NULL,'8068683147'),
('1.8.0-2','keycloak','META-INF/jpa-changelog-1.8.0.xml','2023-10-23 13:46:22',20,'EXECUTED','9:f91ddca9b19743db60e3057679810e6c','dropDefaultValue columnName=ALGORITHM, tableName=CREDENTIAL; update tableName=CREDENTIAL','',NULL,'4.20.0',NULL,NULL,'8068683147'),
('1.8.0','mposolda@redhat.com','META-INF/db2-jpa-changelog-1.8.0.xml','2023-10-23 13:46:23',21,'MARK_RAN','9:831e82914316dc8a57dc09d755f23c51','addColumn tableName=IDENTITY_PROVIDER; createTable tableName=CLIENT_TEMPLATE; createTable tableName=CLIENT_TEMPLATE_ATTRIBUTES; createTable tableName=TEMPLATE_SCOPE_MAPPING; dropNotNullConstraint columnName=CLIENT_ID, tableName=PROTOCOL_MAPPER; ad...','',NULL,'4.20.0',NULL,NULL,'8068683147'),
('1.8.0-2','keycloak','META-INF/db2-jpa-changelog-1.8.0.xml','2023-10-23 13:46:23',22,'MARK_RAN','9:f91ddca9b19743db60e3057679810e6c','dropDefaultValue columnName=ALGORITHM, tableName=CREDENTIAL; update tableName=CREDENTIAL','',NULL,'4.20.0',NULL,NULL,'8068683147'),
('1.9.0','mposolda@redhat.com','META-INF/jpa-changelog-1.9.0.xml','2023-10-23 13:46:29',23,'EXECUTED','9:bc3d0f9e823a69dc21e23e94c7a94bb1','update tableName=REALM; update tableName=REALM; update tableName=REALM; update tableName=REALM; update tableName=CREDENTIAL; update tableName=CREDENTIAL; update tableName=CREDENTIAL; update tableName=REALM; update tableName=REALM; customChange; dr...','',NULL,'4.20.0',NULL,NULL,'8068683147'),
('1.9.1','keycloak','META-INF/jpa-changelog-1.9.1.xml','2023-10-23 13:46:30',24,'EXECUTED','9:c9999da42f543575ab790e76439a2679','modifyDataType columnName=PRIVATE_KEY, tableName=REALM; modifyDataType columnName=PUBLIC_KEY, tableName=REALM; modifyDataType columnName=CERTIFICATE, tableName=REALM','',NULL,'4.20.0',NULL,NULL,'8068683147'),
('1.9.1','keycloak','META-INF/db2-jpa-changelog-1.9.1.xml','2023-10-23 13:46:30',25,'MARK_RAN','9:0d6c65c6f58732d81569e77b10ba301d','modifyDataType columnName=PRIVATE_KEY, tableName=REALM; modifyDataType columnName=CERTIFICATE, tableName=REALM','',NULL,'4.20.0',NULL,NULL,'8068683147'),
('1.9.2','keycloak','META-INF/jpa-changelog-1.9.2.xml','2023-10-23 13:46:33',26,'EXECUTED','9:fc576660fc016ae53d2d4778d84d86d0','createIndex indexName=IDX_USER_EMAIL, tableName=USER_ENTITY; createIndex indexName=IDX_USER_ROLE_MAPPING, tableName=USER_ROLE_MAPPING; createIndex indexName=IDX_USER_GROUP_MAPPING, tableName=USER_GROUP_MEMBERSHIP; createIndex indexName=IDX_USER_CO...','',NULL,'4.20.0',NULL,NULL,'8068683147'),
('authz-2.0.0','psilva@redhat.com','META-INF/jpa-changelog-authz-2.0.0.xml','2023-10-23 13:46:42',27,'EXECUTED','9:43ed6b0da89ff77206289e87eaa9c024','createTable tableName=RESOURCE_SERVER; addPrimaryKey constraintName=CONSTRAINT_FARS, tableName=RESOURCE_SERVER; addUniqueConstraint constraintName=UK_AU8TT6T700S9V50BU18WS5HA6, tableName=RESOURCE_SERVER; createTable tableName=RESOURCE_SERVER_RESOU...','',NULL,'4.20.0',NULL,NULL,'8068683147'),
('authz-2.5.1','psilva@redhat.com','META-INF/jpa-changelog-authz-2.5.1.xml','2023-10-23 13:46:43',28,'EXECUTED','9:44bae577f551b3738740281eceb4ea70','update tableName=RESOURCE_SERVER_POLICY','',NULL,'4.20.0',NULL,NULL,'8068683147'),
('2.1.0-KEYCLOAK-5461','bburke@redhat.com','META-INF/jpa-changelog-2.1.0.xml','2023-10-23 13:46:49',29,'EXECUTED','9:bd88e1f833df0420b01e114533aee5e8','createTable tableName=BROKER_LINK; createTable tableName=FED_USER_ATTRIBUTE; createTable tableName=FED_USER_CONSENT; createTable tableName=FED_USER_CONSENT_ROLE; createTable tableName=FED_USER_CONSENT_PROT_MAPPER; createTable tableName=FED_USER_CR...','',NULL,'4.20.0',NULL,NULL,'8068683147'),
('2.2.0','bburke@redhat.com','META-INF/jpa-changelog-2.2.0.xml','2023-10-23 13:46:51',30,'EXECUTED','9:a7022af5267f019d020edfe316ef4371','addColumn tableName=ADMIN_EVENT_ENTITY; createTable tableName=CREDENTIAL_ATTRIBUTE; createTable tableName=FED_CREDENTIAL_ATTRIBUTE; modifyDataType columnName=VALUE, tableName=CREDENTIAL; addForeignKeyConstraint baseTableName=FED_CREDENTIAL_ATTRIBU...','',NULL,'4.20.0',NULL,NULL,'8068683147'),
('2.3.0','bburke@redhat.com','META-INF/jpa-changelog-2.3.0.xml','2023-10-23 13:46:55',31,'EXECUTED','9:fc155c394040654d6a79227e56f5e25a','createTable tableName=FEDERATED_USER; addPrimaryKey constraintName=CONSTR_FEDERATED_USER, tableName=FEDERATED_USER; dropDefaultValue columnName=TOTP, tableName=USER_ENTITY; dropColumn columnName=TOTP, tableName=USER_ENTITY; addColumn tableName=IDE...','',NULL,'4.20.0',NULL,NULL,'8068683147'),
('2.4.0','bburke@redhat.com','META-INF/jpa-changelog-2.4.0.xml','2023-10-23 13:46:57',32,'EXECUTED','9:eac4ffb2a14795e5dc7b426063e54d88','customChange','',NULL,'4.20.0',NULL,NULL,'8068683147'),
('2.5.0','bburke@redhat.com','META-INF/jpa-changelog-2.5.0.xml','2023-10-23 13:46:58',33,'EXECUTED','9:54937c05672568c4c64fc9524c1e9462','customChange; modifyDataType columnName=USER_ID, tableName=OFFLINE_USER_SESSION','',NULL,'4.20.0',NULL,NULL,'8068683147'),
('2.5.0-unicode-oracle','hmlnarik@redhat.com','META-INF/jpa-changelog-2.5.0.xml','2023-10-23 13:46:59',34,'MARK_RAN','9:3a32bace77c84d7678d035a7f5a8084e','modifyDataType columnName=DESCRIPTION, tableName=AUTHENTICATION_FLOW; modifyDataType columnName=DESCRIPTION, tableName=CLIENT_TEMPLATE; modifyDataType columnName=DESCRIPTION, tableName=RESOURCE_SERVER_POLICY; modifyDataType columnName=DESCRIPTION,...','',NULL,'4.20.0',NULL,NULL,'8068683147'),
('2.5.0-unicode-other-dbs','hmlnarik@redhat.com','META-INF/jpa-changelog-2.5.0.xml','2023-10-23 13:47:05',35,'EXECUTED','9:33d72168746f81f98ae3a1e8e0ca3554','modifyDataType columnName=DESCRIPTION, tableName=AUTHENTICATION_FLOW; modifyDataType columnName=DESCRIPTION, tableName=CLIENT_TEMPLATE; modifyDataType columnName=DESCRIPTION, tableName=RESOURCE_SERVER_POLICY; modifyDataType columnName=DESCRIPTION,...','',NULL,'4.20.0',NULL,NULL,'8068683147'),
('2.5.0-duplicate-email-support','slawomir@dabek.name','META-INF/jpa-changelog-2.5.0.xml','2023-10-23 13:47:06',36,'EXECUTED','9:61b6d3d7a4c0e0024b0c839da283da0c','addColumn tableName=REALM','',NULL,'4.20.0',NULL,NULL,'8068683147'),
('2.5.0-unique-group-names','hmlnarik@redhat.com','META-INF/jpa-changelog-2.5.0.xml','2023-10-23 13:47:07',37,'EXECUTED','9:8dcac7bdf7378e7d823cdfddebf72fda','addUniqueConstraint constraintName=SIBLING_NAMES, tableName=KEYCLOAK_GROUP','',NULL,'4.20.0',NULL,NULL,'8068683147'),
('2.5.1','bburke@redhat.com','META-INF/jpa-changelog-2.5.1.xml','2023-10-23 13:47:07',38,'EXECUTED','9:a2b870802540cb3faa72098db5388af3','addColumn tableName=FED_USER_CONSENT','',NULL,'4.20.0',NULL,NULL,'8068683147'),
('3.0.0','bburke@redhat.com','META-INF/jpa-changelog-3.0.0.xml','2023-10-23 13:47:08',39,'EXECUTED','9:132a67499ba24bcc54fb5cbdcfe7e4c0','addColumn tableName=IDENTITY_PROVIDER','',NULL,'4.20.0',NULL,NULL,'8068683147'),
('3.2.0-fix','keycloak','META-INF/jpa-changelog-3.2.0.xml','2023-10-23 13:47:08',40,'MARK_RAN','9:938f894c032f5430f2b0fafb1a243462','addNotNullConstraint columnName=REALM_ID, tableName=CLIENT_INITIAL_ACCESS','',NULL,'4.20.0',NULL,NULL,'8068683147'),
('3.2.0-fix-with-keycloak-5416','keycloak','META-INF/jpa-changelog-3.2.0.xml','2023-10-23 13:47:09',41,'MARK_RAN','9:845c332ff1874dc5d35974b0babf3006','dropIndex indexName=IDX_CLIENT_INIT_ACC_REALM, tableName=CLIENT_INITIAL_ACCESS; addNotNullConstraint columnName=REALM_ID, tableName=CLIENT_INITIAL_ACCESS; createIndex indexName=IDX_CLIENT_INIT_ACC_REALM, tableName=CLIENT_INITIAL_ACCESS','',NULL,'4.20.0',NULL,NULL,'8068683147'),
('3.2.0-fix-offline-sessions','hmlnarik','META-INF/jpa-changelog-3.2.0.xml','2023-10-23 13:47:10',42,'EXECUTED','9:fc86359c079781adc577c5a217e4d04c','customChange','',NULL,'4.20.0',NULL,NULL,'8068683147'),
('3.2.0-fixed','keycloak','META-INF/jpa-changelog-3.2.0.xml','2023-10-23 13:47:23',43,'EXECUTED','9:59a64800e3c0d09b825f8a3b444fa8f4','addColumn tableName=REALM; dropPrimaryKey constraintName=CONSTRAINT_OFFL_CL_SES_PK2, tableName=OFFLINE_CLIENT_SESSION; dropColumn columnName=CLIENT_SESSION_ID, tableName=OFFLINE_CLIENT_SESSION; addPrimaryKey constraintName=CONSTRAINT_OFFL_CL_SES_P...','',NULL,'4.20.0',NULL,NULL,'8068683147'),
('3.3.0','keycloak','META-INF/jpa-changelog-3.3.0.xml','2023-10-23 13:47:24',44,'EXECUTED','9:d48d6da5c6ccf667807f633fe489ce88','addColumn tableName=USER_ENTITY','',NULL,'4.20.0',NULL,NULL,'8068683147'),
('authz-3.4.0.CR1-resource-server-pk-change-part1','glavoie@gmail.com','META-INF/jpa-changelog-authz-3.4.0.CR1.xml','2023-10-23 13:47:25',45,'EXECUTED','9:dde36f7973e80d71fceee683bc5d2951','addColumn tableName=RESOURCE_SERVER_POLICY; addColumn tableName=RESOURCE_SERVER_RESOURCE; addColumn tableName=RESOURCE_SERVER_SCOPE','',NULL,'4.20.0',NULL,NULL,'8068683147'),
('authz-3.4.0.CR1-resource-server-pk-change-part2-KEYCLOAK-6095','hmlnarik@redhat.com','META-INF/jpa-changelog-authz-3.4.0.CR1.xml','2023-10-23 13:47:27',46,'EXECUTED','9:b855e9b0a406b34fa323235a0cf4f640','customChange','',NULL,'4.20.0',NULL,NULL,'8068683147'),
('authz-3.4.0.CR1-resource-server-pk-change-part3-fixed','glavoie@gmail.com','META-INF/jpa-changelog-authz-3.4.0.CR1.xml','2023-10-23 13:47:27',47,'MARK_RAN','9:51abbacd7b416c50c4421a8cabf7927e','dropIndex indexName=IDX_RES_SERV_POL_RES_SERV, tableName=RESOURCE_SERVER_POLICY; dropIndex indexName=IDX_RES_SRV_RES_RES_SRV, tableName=RESOURCE_SERVER_RESOURCE; dropIndex indexName=IDX_RES_SRV_SCOPE_RES_SRV, tableName=RESOURCE_SERVER_SCOPE','',NULL,'4.20.0',NULL,NULL,'8068683147'),
('authz-3.4.0.CR1-resource-server-pk-change-part3-fixed-nodropindex','glavoie@gmail.com','META-INF/jpa-changelog-authz-3.4.0.CR1.xml','2023-10-23 13:47:35',48,'EXECUTED','9:bdc99e567b3398bac83263d375aad143','addNotNullConstraint columnName=RESOURCE_SERVER_CLIENT_ID, tableName=RESOURCE_SERVER_POLICY; addNotNullConstraint columnName=RESOURCE_SERVER_CLIENT_ID, tableName=RESOURCE_SERVER_RESOURCE; addNotNullConstraint columnName=RESOURCE_SERVER_CLIENT_ID, ...','',NULL,'4.20.0',NULL,NULL,'8068683147'),
('authn-3.4.0.CR1-refresh-token-max-reuse','glavoie@gmail.com','META-INF/jpa-changelog-authz-3.4.0.CR1.xml','2023-10-23 13:47:36',49,'EXECUTED','9:d198654156881c46bfba39abd7769e69','addColumn tableName=REALM','',NULL,'4.20.0',NULL,NULL,'8068683147'),
('3.4.0','keycloak','META-INF/jpa-changelog-3.4.0.xml','2023-10-23 13:47:42',50,'EXECUTED','9:cfdd8736332ccdd72c5256ccb42335db','addPrimaryKey constraintName=CONSTRAINT_REALM_DEFAULT_ROLES, tableName=REALM_DEFAULT_ROLES; addPrimaryKey constraintName=CONSTRAINT_COMPOSITE_ROLE, tableName=COMPOSITE_ROLE; addPrimaryKey constraintName=CONSTR_REALM_DEFAULT_GROUPS, tableName=REALM...','',NULL,'4.20.0',NULL,NULL,'8068683147'),
('3.4.0-KEYCLOAK-5230','hmlnarik@redhat.com','META-INF/jpa-changelog-3.4.0.xml','2023-10-23 13:47:45',51,'EXECUTED','9:7c84de3d9bd84d7f077607c1a4dcb714','createIndex indexName=IDX_FU_ATTRIBUTE, tableName=FED_USER_ATTRIBUTE; createIndex indexName=IDX_FU_CONSENT, tableName=FED_USER_CONSENT; createIndex indexName=IDX_FU_CONSENT_RU, tableName=FED_USER_CONSENT; createIndex indexName=IDX_FU_CREDENTIAL, t...','',NULL,'4.20.0',NULL,NULL,'8068683147'),
('3.4.1','psilva@redhat.com','META-INF/jpa-changelog-3.4.1.xml','2023-10-23 13:47:46',52,'EXECUTED','9:5a6bb36cbefb6a9d6928452c0852af2d','modifyDataType columnName=VALUE, tableName=CLIENT_ATTRIBUTES','',NULL,'4.20.0',NULL,NULL,'8068683147'),
('3.4.2','keycloak','META-INF/jpa-changelog-3.4.2.xml','2023-10-23 13:47:47',53,'EXECUTED','9:8f23e334dbc59f82e0a328373ca6ced0','update tableName=REALM','',NULL,'4.20.0',NULL,NULL,'8068683147'),
('3.4.2-KEYCLOAK-5172','mkanis@redhat.com','META-INF/jpa-changelog-3.4.2.xml','2023-10-23 13:47:48',54,'EXECUTED','9:9156214268f09d970cdf0e1564d866af','update tableName=CLIENT','',NULL,'4.20.0',NULL,NULL,'8068683147'),
('4.0.0-KEYCLOAK-6335','bburke@redhat.com','META-INF/jpa-changelog-4.0.0.xml','2023-10-23 13:47:49',55,'EXECUTED','9:db806613b1ed154826c02610b7dbdf74','createTable tableName=CLIENT_AUTH_FLOW_BINDINGS; addPrimaryKey constraintName=C_CLI_FLOW_BIND, tableName=CLIENT_AUTH_FLOW_BINDINGS','',NULL,'4.20.0',NULL,NULL,'8068683147'),
('4.0.0-CLEANUP-UNUSED-TABLE','bburke@redhat.com','META-INF/jpa-changelog-4.0.0.xml','2023-10-23 13:47:50',56,'EXECUTED','9:229a041fb72d5beac76bb94a5fa709de','dropTable tableName=CLIENT_IDENTITY_PROV_MAPPING','',NULL,'4.20.0',NULL,NULL,'8068683147'),
('4.0.0-KEYCLOAK-6228','bburke@redhat.com','META-INF/jpa-changelog-4.0.0.xml','2023-10-23 13:47:53',57,'EXECUTED','9:079899dade9c1e683f26b2aa9ca6ff04','dropUniqueConstraint constraintName=UK_JKUWUVD56ONTGSUHOGM8UEWRT, tableName=USER_CONSENT; dropNotNullConstraint columnName=CLIENT_ID, tableName=USER_CONSENT; addColumn tableName=USER_CONSENT; addUniqueConstraint constraintName=UK_JKUWUVD56ONTGSUHO...','',NULL,'4.20.0',NULL,NULL,'8068683147'),
('4.0.0-KEYCLOAK-5579-fixed','mposolda@redhat.com','META-INF/jpa-changelog-4.0.0.xml','2023-10-23 13:48:14',58,'EXECUTED','9:139b79bcbbfe903bb1c2d2a4dbf001d9','dropForeignKeyConstraint baseTableName=CLIENT_TEMPLATE_ATTRIBUTES, constraintName=FK_CL_TEMPL_ATTR_TEMPL; renameTable newTableName=CLIENT_SCOPE_ATTRIBUTES, oldTableName=CLIENT_TEMPLATE_ATTRIBUTES; renameColumn newColumnName=SCOPE_ID, oldColumnName...','',NULL,'4.20.0',NULL,NULL,'8068683147'),
('authz-4.0.0.CR1','psilva@redhat.com','META-INF/jpa-changelog-authz-4.0.0.CR1.xml','2023-10-23 13:48:18',59,'EXECUTED','9:b55738ad889860c625ba2bf483495a04','createTable tableName=RESOURCE_SERVER_PERM_TICKET; addPrimaryKey constraintName=CONSTRAINT_FAPMT, tableName=RESOURCE_SERVER_PERM_TICKET; addForeignKeyConstraint baseTableName=RESOURCE_SERVER_PERM_TICKET, constraintName=FK_FRSRHO213XCX4WNKOG82SSPMT...','',NULL,'4.20.0',NULL,NULL,'8068683147'),
('authz-4.0.0.Beta3','psilva@redhat.com','META-INF/jpa-changelog-authz-4.0.0.Beta3.xml','2023-10-23 13:48:19',60,'EXECUTED','9:e0057eac39aa8fc8e09ac6cfa4ae15fe','addColumn tableName=RESOURCE_SERVER_POLICY; addColumn tableName=RESOURCE_SERVER_PERM_TICKET; addForeignKeyConstraint baseTableName=RESOURCE_SERVER_PERM_TICKET, constraintName=FK_FRSRPO2128CX4WNKOG82SSRFY, referencedTableName=RESOURCE_SERVER_POLICY','',NULL,'4.20.0',NULL,NULL,'8068683147'),
('authz-4.2.0.Final','mhajas@redhat.com','META-INF/jpa-changelog-authz-4.2.0.Final.xml','2023-10-23 13:48:20',61,'EXECUTED','9:42a33806f3a0443fe0e7feeec821326c','createTable tableName=RESOURCE_URIS; addForeignKeyConstraint baseTableName=RESOURCE_URIS, constraintName=FK_RESOURCE_SERVER_URIS, referencedTableName=RESOURCE_SERVER_RESOURCE; customChange; dropColumn columnName=URI, tableName=RESOURCE_SERVER_RESO...','',NULL,'4.20.0',NULL,NULL,'8068683147'),
('authz-4.2.0.Final-KEYCLOAK-9944','hmlnarik@redhat.com','META-INF/jpa-changelog-authz-4.2.0.Final.xml','2023-10-23 13:48:21',62,'EXECUTED','9:9968206fca46eecc1f51db9c024bfe56','addPrimaryKey constraintName=CONSTRAINT_RESOUR_URIS_PK, tableName=RESOURCE_URIS','',NULL,'4.20.0',NULL,NULL,'8068683147'),
('4.2.0-KEYCLOAK-6313','wadahiro@gmail.com','META-INF/jpa-changelog-4.2.0.xml','2023-10-23 13:48:22',63,'EXECUTED','9:92143a6daea0a3f3b8f598c97ce55c3d','addColumn tableName=REQUIRED_ACTION_PROVIDER','',NULL,'4.20.0',NULL,NULL,'8068683147'),
('4.3.0-KEYCLOAK-7984','wadahiro@gmail.com','META-INF/jpa-changelog-4.3.0.xml','2023-10-23 13:48:23',64,'EXECUTED','9:82bab26a27195d889fb0429003b18f40','update tableName=REQUIRED_ACTION_PROVIDER','',NULL,'4.20.0',NULL,NULL,'8068683147'),
('4.6.0-KEYCLOAK-7950','psilva@redhat.com','META-INF/jpa-changelog-4.6.0.xml','2023-10-23 13:48:24',65,'EXECUTED','9:e590c88ddc0b38b0ae4249bbfcb5abc3','update tableName=RESOURCE_SERVER_RESOURCE','',NULL,'4.20.0',NULL,NULL,'8068683147'),
('4.6.0-KEYCLOAK-8377','keycloak','META-INF/jpa-changelog-4.6.0.xml','2023-10-23 13:48:25',66,'EXECUTED','9:5c1f475536118dbdc38d5d7977950cc0','createTable tableName=ROLE_ATTRIBUTE; addPrimaryKey constraintName=CONSTRAINT_ROLE_ATTRIBUTE_PK, tableName=ROLE_ATTRIBUTE; addForeignKeyConstraint baseTableName=ROLE_ATTRIBUTE, constraintName=FK_ROLE_ATTRIBUTE_ID, referencedTableName=KEYCLOAK_ROLE...','',NULL,'4.20.0',NULL,NULL,'8068683147'),
('4.6.0-KEYCLOAK-8555','gideonray@gmail.com','META-INF/jpa-changelog-4.6.0.xml','2023-10-23 13:48:26',67,'EXECUTED','9:e7c9f5f9c4d67ccbbcc215440c718a17','createIndex indexName=IDX_COMPONENT_PROVIDER_TYPE, tableName=COMPONENT','',NULL,'4.20.0',NULL,NULL,'8068683147'),
('4.7.0-KEYCLOAK-1267','sguilhen@redhat.com','META-INF/jpa-changelog-4.7.0.xml','2023-10-23 13:48:26',68,'EXECUTED','9:88e0bfdda924690d6f4e430c53447dd5','addColumn tableName=REALM','',NULL,'4.20.0',NULL,NULL,'8068683147'),
('4.7.0-KEYCLOAK-7275','keycloak','META-INF/jpa-changelog-4.7.0.xml','2023-10-23 13:48:29',69,'EXECUTED','9:f53177f137e1c46b6a88c59ec1cb5218','renameColumn newColumnName=CREATED_ON, oldColumnName=LAST_SESSION_REFRESH, tableName=OFFLINE_USER_SESSION; addNotNullConstraint columnName=CREATED_ON, tableName=OFFLINE_USER_SESSION; addColumn tableName=OFFLINE_USER_SESSION; customChange; createIn...','',NULL,'4.20.0',NULL,NULL,'8068683147'),
('4.8.0-KEYCLOAK-8835','sguilhen@redhat.com','META-INF/jpa-changelog-4.8.0.xml','2023-10-23 13:48:30',70,'EXECUTED','9:a74d33da4dc42a37ec27121580d1459f','addNotNullConstraint columnName=SSO_MAX_LIFESPAN_REMEMBER_ME, tableName=REALM; addNotNullConstraint columnName=SSO_IDLE_TIMEOUT_REMEMBER_ME, tableName=REALM','',NULL,'4.20.0',NULL,NULL,'8068683147'),
('authz-7.0.0-KEYCLOAK-10443','psilva@redhat.com','META-INF/jpa-changelog-authz-7.0.0.xml','2023-10-23 13:48:31',71,'EXECUTED','9:fd4ade7b90c3b67fae0bfcfcb42dfb5f','addColumn tableName=RESOURCE_SERVER','',NULL,'4.20.0',NULL,NULL,'8068683147'),
('8.0.0-adding-credential-columns','keycloak','META-INF/jpa-changelog-8.0.0.xml','2023-10-23 13:48:32',72,'EXECUTED','9:aa072ad090bbba210d8f18781b8cebf4','addColumn tableName=CREDENTIAL; addColumn tableName=FED_USER_CREDENTIAL','',NULL,'4.20.0',NULL,NULL,'8068683147'),
('8.0.0-updating-credential-data-not-oracle-fixed','keycloak','META-INF/jpa-changelog-8.0.0.xml','2023-10-23 13:48:34',73,'EXECUTED','9:1ae6be29bab7c2aa376f6983b932be37','update tableName=CREDENTIAL; update tableName=CREDENTIAL; update tableName=CREDENTIAL; update tableName=FED_USER_CREDENTIAL; update tableName=FED_USER_CREDENTIAL; update tableName=FED_USER_CREDENTIAL','',NULL,'4.20.0',NULL,NULL,'8068683147'),
('8.0.0-updating-credential-data-oracle-fixed','keycloak','META-INF/jpa-changelog-8.0.0.xml','2023-10-23 13:48:34',74,'MARK_RAN','9:14706f286953fc9a25286dbd8fb30d97','update tableName=CREDENTIAL; update tableName=CREDENTIAL; update tableName=CREDENTIAL; update tableName=FED_USER_CREDENTIAL; update tableName=FED_USER_CREDENTIAL; update tableName=FED_USER_CREDENTIAL','',NULL,'4.20.0',NULL,NULL,'8068683147'),
('8.0.0-credential-cleanup-fixed','keycloak','META-INF/jpa-changelog-8.0.0.xml','2023-10-23 13:48:40',75,'EXECUTED','9:2b9cc12779be32c5b40e2e67711a218b','dropDefaultValue columnName=COUNTER, tableName=CREDENTIAL; dropDefaultValue columnName=DIGITS, tableName=CREDENTIAL; dropDefaultValue columnName=PERIOD, tableName=CREDENTIAL; dropDefaultValue columnName=ALGORITHM, tableName=CREDENTIAL; dropColumn ...','',NULL,'4.20.0',NULL,NULL,'8068683147'),
('8.0.0-resource-tag-support','keycloak','META-INF/jpa-changelog-8.0.0.xml','2023-10-23 13:48:41',76,'EXECUTED','9:91fa186ce7a5af127a2d7a91ee083cc5','addColumn tableName=MIGRATION_MODEL; createIndex indexName=IDX_UPDATE_TIME, tableName=MIGRATION_MODEL','',NULL,'4.20.0',NULL,NULL,'8068683147'),
('9.0.0-always-display-client','keycloak','META-INF/jpa-changelog-9.0.0.xml','2023-10-23 13:48:42',77,'EXECUTED','9:6335e5c94e83a2639ccd68dd24e2e5ad','addColumn tableName=CLIENT','',NULL,'4.20.0',NULL,NULL,'8068683147'),
('9.0.0-drop-constraints-for-column-increase','keycloak','META-INF/jpa-changelog-9.0.0.xml','2023-10-23 13:48:42',78,'MARK_RAN','9:6bdb5658951e028bfe16fa0a8228b530','dropUniqueConstraint constraintName=UK_FRSR6T700S9V50BU18WS5PMT, tableName=RESOURCE_SERVER_PERM_TICKET; dropUniqueConstraint constraintName=UK_FRSR6T700S9V50BU18WS5HA6, tableName=RESOURCE_SERVER_RESOURCE; dropPrimaryKey constraintName=CONSTRAINT_O...','',NULL,'4.20.0',NULL,NULL,'8068683147'),
('9.0.0-increase-column-size-federated-fk','keycloak','META-INF/jpa-changelog-9.0.0.xml','2023-10-23 13:48:45',79,'EXECUTED','9:d5bc15a64117ccad481ce8792d4c608f','modifyDataType columnName=CLIENT_ID, tableName=FED_USER_CONSENT; modifyDataType columnName=CLIENT_REALM_CONSTRAINT, tableName=KEYCLOAK_ROLE; modifyDataType columnName=OWNER, tableName=RESOURCE_SERVER_POLICY; modifyDataType columnName=CLIENT_ID, ta...','',NULL,'4.20.0',NULL,NULL,'8068683147'),
('9.0.0-recreate-constraints-after-column-increase','keycloak','META-INF/jpa-changelog-9.0.0.xml','2023-10-23 13:48:45',80,'MARK_RAN','9:077cba51999515f4d3e7ad5619ab592c','addNotNullConstraint columnName=CLIENT_ID, tableName=OFFLINE_CLIENT_SESSION; addNotNullConstraint columnName=OWNER, tableName=RESOURCE_SERVER_PERM_TICKET; addNotNullConstraint columnName=REQUESTER, tableName=RESOURCE_SERVER_PERM_TICKET; addNotNull...','',NULL,'4.20.0',NULL,NULL,'8068683147'),
('9.0.1-add-index-to-client.client_id','keycloak','META-INF/jpa-changelog-9.0.1.xml','2023-10-23 13:48:46',81,'EXECUTED','9:be969f08a163bf47c6b9e9ead8ac2afb','createIndex indexName=IDX_CLIENT_ID, tableName=CLIENT','',NULL,'4.20.0',NULL,NULL,'8068683147'),
('9.0.1-KEYCLOAK-12579-drop-constraints','keycloak','META-INF/jpa-changelog-9.0.1.xml','2023-10-23 13:48:47',82,'MARK_RAN','9:6d3bb4408ba5a72f39bd8a0b301ec6e3','dropUniqueConstraint constraintName=SIBLING_NAMES, tableName=KEYCLOAK_GROUP','',NULL,'4.20.0',NULL,NULL,'8068683147'),
('9.0.1-KEYCLOAK-12579-add-not-null-constraint','keycloak','META-INF/jpa-changelog-9.0.1.xml','2023-10-23 13:48:47',83,'EXECUTED','9:966bda61e46bebf3cc39518fbed52fa7','addNotNullConstraint columnName=PARENT_GROUP, tableName=KEYCLOAK_GROUP','',NULL,'4.20.0',NULL,NULL,'8068683147'),
('9.0.1-KEYCLOAK-12579-recreate-constraints','keycloak','META-INF/jpa-changelog-9.0.1.xml','2023-10-23 13:48:48',84,'MARK_RAN','9:8dcac7bdf7378e7d823cdfddebf72fda','addUniqueConstraint constraintName=SIBLING_NAMES, tableName=KEYCLOAK_GROUP','',NULL,'4.20.0',NULL,NULL,'8068683147'),
('9.0.1-add-index-to-events','keycloak','META-INF/jpa-changelog-9.0.1.xml','2023-10-23 13:48:48',85,'EXECUTED','9:7d93d602352a30c0c317e6a609b56599','createIndex indexName=IDX_EVENT_TIME, tableName=EVENT_ENTITY','',NULL,'4.20.0',NULL,NULL,'8068683147'),
('map-remove-ri','keycloak','META-INF/jpa-changelog-11.0.0.xml','2023-10-23 13:48:49',86,'EXECUTED','9:71c5969e6cdd8d7b6f47cebc86d37627','dropForeignKeyConstraint baseTableName=REALM, constraintName=FK_TRAF444KK6QRKMS7N56AIWQ5Y; dropForeignKeyConstraint baseTableName=KEYCLOAK_ROLE, constraintName=FK_KJHO5LE2C0RAL09FL8CM9WFW9','',NULL,'4.20.0',NULL,NULL,'8068683147'),
('map-remove-ri','keycloak','META-INF/jpa-changelog-12.0.0.xml','2023-10-23 13:48:51',87,'EXECUTED','9:a9ba7d47f065f041b7da856a81762021','dropForeignKeyConstraint baseTableName=REALM_DEFAULT_GROUPS, constraintName=FK_DEF_GROUPS_GROUP; dropForeignKeyConstraint baseTableName=REALM_DEFAULT_ROLES, constraintName=FK_H4WPD7W4HSOOLNI3H0SW7BTJE; dropForeignKeyConstraint baseTableName=CLIENT...','',NULL,'4.20.0',NULL,NULL,'8068683147'),
('12.1.0-add-realm-localization-table','keycloak','META-INF/jpa-changelog-12.0.0.xml','2023-10-23 13:48:52',88,'EXECUTED','9:fffabce2bc01e1a8f5110d5278500065','createTable tableName=REALM_LOCALIZATIONS; addPrimaryKey tableName=REALM_LOCALIZATIONS','',NULL,'4.20.0',NULL,NULL,'8068683147'),
('default-roles','keycloak','META-INF/jpa-changelog-13.0.0.xml','2023-10-23 13:48:53',89,'EXECUTED','9:fa8a5b5445e3857f4b010bafb5009957','addColumn tableName=REALM; customChange','',NULL,'4.20.0',NULL,NULL,'8068683147'),
('default-roles-cleanup','keycloak','META-INF/jpa-changelog-13.0.0.xml','2023-10-23 13:48:54',90,'EXECUTED','9:67ac3241df9a8582d591c5ed87125f39','dropTable tableName=REALM_DEFAULT_ROLES; dropTable tableName=CLIENT_DEFAULT_ROLES','',NULL,'4.20.0',NULL,NULL,'8068683147'),
('13.0.0-KEYCLOAK-16844','keycloak','META-INF/jpa-changelog-13.0.0.xml','2023-10-23 13:48:55',91,'EXECUTED','9:ad1194d66c937e3ffc82386c050ba089','createIndex indexName=IDX_OFFLINE_USS_PRELOAD, tableName=OFFLINE_USER_SESSION','',NULL,'4.20.0',NULL,NULL,'8068683147'),
('map-remove-ri-13.0.0','keycloak','META-INF/jpa-changelog-13.0.0.xml','2023-10-23 13:48:57',92,'EXECUTED','9:d9be619d94af5a2f5d07b9f003543b91','dropForeignKeyConstraint baseTableName=DEFAULT_CLIENT_SCOPE, constraintName=FK_R_DEF_CLI_SCOPE_SCOPE; dropForeignKeyConstraint baseTableName=CLIENT_SCOPE_CLIENT, constraintName=FK_C_CLI_SCOPE_SCOPE; dropForeignKeyConstraint baseTableName=CLIENT_SC...','',NULL,'4.20.0',NULL,NULL,'8068683147'),
('13.0.0-KEYCLOAK-17992-drop-constraints','keycloak','META-INF/jpa-changelog-13.0.0.xml','2023-10-23 13:49:56',93,'MARK_RAN','9:544d201116a0fcc5a5da0925fbbc3bde','dropPrimaryKey constraintName=C_CLI_SCOPE_BIND, tableName=CLIENT_SCOPE_CLIENT; dropIndex indexName=IDX_CLSCOPE_CL, tableName=CLIENT_SCOPE_CLIENT; dropIndex indexName=IDX_CL_CLSCOPE, tableName=CLIENT_SCOPE_CLIENT','',NULL,'4.20.0',NULL,NULL,'8068995566'),
('13.0.0-increase-column-size-federated','keycloak','META-INF/jpa-changelog-13.0.0.xml','2023-10-23 13:49:57',94,'EXECUTED','9:43c0c1055b6761b4b3e89de76d612ccf','modifyDataType columnName=CLIENT_ID, tableName=CLIENT_SCOPE_CLIENT; modifyDataType columnName=SCOPE_ID, tableName=CLIENT_SCOPE_CLIENT','',NULL,'4.20.0',NULL,NULL,'8068995566'),
('13.0.0-KEYCLOAK-17992-recreate-constraints','keycloak','META-INF/jpa-changelog-13.0.0.xml','2023-10-23 13:49:58',95,'MARK_RAN','9:8bd711fd0330f4fe980494ca43ab1139','addNotNullConstraint columnName=CLIENT_ID, tableName=CLIENT_SCOPE_CLIENT; addNotNullConstraint columnName=SCOPE_ID, tableName=CLIENT_SCOPE_CLIENT; addPrimaryKey constraintName=C_CLI_SCOPE_BIND, tableName=CLIENT_SCOPE_CLIENT; createIndex indexName=...','',NULL,'4.20.0',NULL,NULL,'8068995566'),
('json-string-accomodation-fixed','keycloak','META-INF/jpa-changelog-13.0.0.xml','2023-10-23 13:49:59',96,'EXECUTED','9:e07d2bc0970c348bb06fb63b1f82ddbf','addColumn tableName=REALM_ATTRIBUTE; update tableName=REALM_ATTRIBUTE; dropColumn columnName=VALUE, tableName=REALM_ATTRIBUTE; renameColumn newColumnName=VALUE, oldColumnName=VALUE_NEW, tableName=REALM_ATTRIBUTE','',NULL,'4.20.0',NULL,NULL,'8068995566'),
('14.0.0-KEYCLOAK-11019','keycloak','META-INF/jpa-changelog-14.0.0.xml','2023-10-23 13:50:00',97,'EXECUTED','9:24fb8611e97f29989bea412aa38d12b7','createIndex indexName=IDX_OFFLINE_CSS_PRELOAD, tableName=OFFLINE_CLIENT_SESSION; createIndex indexName=IDX_OFFLINE_USS_BY_USER, tableName=OFFLINE_USER_SESSION; createIndex indexName=IDX_OFFLINE_USS_BY_USERSESS, tableName=OFFLINE_USER_SESSION','',NULL,'4.20.0',NULL,NULL,'8068995566'),
('14.0.0-KEYCLOAK-18286','keycloak','META-INF/jpa-changelog-14.0.0.xml','2023-10-23 13:50:00',98,'MARK_RAN','9:259f89014ce2506ee84740cbf7163aa7','createIndex indexName=IDX_CLIENT_ATT_BY_NAME_VALUE, tableName=CLIENT_ATTRIBUTES','',NULL,'4.20.0',NULL,NULL,'8068995566'),
('14.0.0-KEYCLOAK-18286-revert','keycloak','META-INF/jpa-changelog-14.0.0.xml','2023-10-23 13:50:02',99,'MARK_RAN','9:04baaf56c116ed19951cbc2cca584022','dropIndex indexName=IDX_CLIENT_ATT_BY_NAME_VALUE, tableName=CLIENT_ATTRIBUTES','',NULL,'4.20.0',NULL,NULL,'8068995566'),
('14.0.0-KEYCLOAK-18286-supported-dbs','keycloak','META-INF/jpa-changelog-14.0.0.xml','2023-10-23 13:50:02',100,'EXECUTED','9:bd2bd0fc7768cf0845ac96a8786fa735','createIndex indexName=IDX_CLIENT_ATT_BY_NAME_VALUE, tableName=CLIENT_ATTRIBUTES','',NULL,'4.20.0',NULL,NULL,'8068995566'),
('14.0.0-KEYCLOAK-18286-unsupported-dbs','keycloak','META-INF/jpa-changelog-14.0.0.xml','2023-10-23 13:50:03',101,'MARK_RAN','9:d3d977031d431db16e2c181ce49d73e9','createIndex indexName=IDX_CLIENT_ATT_BY_NAME_VALUE, tableName=CLIENT_ATTRIBUTES','',NULL,'4.20.0',NULL,NULL,'8068995566'),
('KEYCLOAK-17267-add-index-to-user-attributes','keycloak','META-INF/jpa-changelog-14.0.0.xml','2023-10-23 13:50:04',102,'EXECUTED','9:0b305d8d1277f3a89a0a53a659ad274c','createIndex indexName=IDX_USER_ATTRIBUTE_NAME, tableName=USER_ATTRIBUTE','',NULL,'4.20.0',NULL,NULL,'8068995566'),
('KEYCLOAK-18146-add-saml-art-binding-identifier','keycloak','META-INF/jpa-changelog-14.0.0.xml','2023-10-23 13:50:05',103,'EXECUTED','9:2c374ad2cdfe20e2905a84c8fac48460','customChange','',NULL,'4.20.0',NULL,NULL,'8068995566'),
('15.0.0-KEYCLOAK-18467','keycloak','META-INF/jpa-changelog-15.0.0.xml','2023-10-23 13:50:07',104,'EXECUTED','9:47a760639ac597360a8219f5b768b4de','addColumn tableName=REALM_LOCALIZATIONS; update tableName=REALM_LOCALIZATIONS; dropColumn columnName=TEXTS, tableName=REALM_LOCALIZATIONS; renameColumn newColumnName=TEXTS, oldColumnName=TEXTS_NEW, tableName=REALM_LOCALIZATIONS; addNotNullConstrai...','',NULL,'4.20.0',NULL,NULL,'8068995566'),
('17.0.0-9562','keycloak','META-INF/jpa-changelog-17.0.0.xml','2023-10-23 13:50:07',105,'EXECUTED','9:a6272f0576727dd8cad2522335f5d99e','createIndex indexName=IDX_USER_SERVICE_ACCOUNT, tableName=USER_ENTITY','',NULL,'4.20.0',NULL,NULL,'8068995566'),
('18.0.0-10625-IDX_ADMIN_EVENT_TIME','keycloak','META-INF/jpa-changelog-18.0.0.xml','2023-10-23 13:50:08',106,'EXECUTED','9:015479dbd691d9cc8669282f4828c41d','createIndex indexName=IDX_ADMIN_EVENT_TIME, tableName=ADMIN_EVENT_ENTITY','',NULL,'4.20.0',NULL,NULL,'8068995566'),
('19.0.0-10135','keycloak','META-INF/jpa-changelog-19.0.0.xml','2023-10-23 13:50:09',107,'EXECUTED','9:9518e495fdd22f78ad6425cc30630221','customChange','',NULL,'4.20.0',NULL,NULL,'8068995566'),
('20.0.0-12964-supported-dbs','keycloak','META-INF/jpa-changelog-20.0.0.xml','2023-10-23 13:50:10',108,'EXECUTED','9:f2e1331a71e0aa85e5608fe42f7f681c','createIndex indexName=IDX_GROUP_ATT_BY_NAME_VALUE, tableName=GROUP_ATTRIBUTE','',NULL,'4.20.0',NULL,NULL,'8068995566'),
('20.0.0-12964-unsupported-dbs','keycloak','META-INF/jpa-changelog-20.0.0.xml','2023-10-23 13:50:10',109,'MARK_RAN','9:1a6fcaa85e20bdeae0a9ce49b41946a5','createIndex indexName=IDX_GROUP_ATT_BY_NAME_VALUE, tableName=GROUP_ATTRIBUTE','',NULL,'4.20.0',NULL,NULL,'8068995566'),
('client-attributes-string-accomodation-fixed','keycloak','META-INF/jpa-changelog-20.0.0.xml','2023-10-23 13:50:12',110,'EXECUTED','9:3f332e13e90739ed0c35b0b25b7822ca','addColumn tableName=CLIENT_ATTRIBUTES; update tableName=CLIENT_ATTRIBUTES; dropColumn columnName=VALUE, tableName=CLIENT_ATTRIBUTES; renameColumn newColumnName=VALUE, oldColumnName=VALUE_NEW, tableName=CLIENT_ATTRIBUTES','',NULL,'4.20.0',NULL,NULL,'8068995566'),
('21.0.2-17277','keycloak','META-INF/jpa-changelog-21.0.2.xml','2023-10-23 13:50:13',111,'EXECUTED','9:7ee1f7a3fb8f5588f171fb9a6ab623c0','customChange','',NULL,'4.20.0',NULL,NULL,'8068995566'),
('21.1.0-19404','keycloak','META-INF/jpa-changelog-21.1.0.xml','2023-10-23 13:50:15',112,'EXECUTED','9:3d7e830b52f33676b9d64f7f2b2ea634','modifyDataType columnName=DECISION_STRATEGY, tableName=RESOURCE_SERVER_POLICY; modifyDataType columnName=LOGIC, tableName=RESOURCE_SERVER_POLICY; modifyDataType columnName=POLICY_ENFORCE_MODE, tableName=RESOURCE_SERVER','',NULL,'4.20.0',NULL,NULL,'8068995566'),
('21.1.0-19404-2','keycloak','META-INF/jpa-changelog-21.1.0.xml','2023-10-23 13:50:15',113,'MARK_RAN','9:627d032e3ef2c06c0e1f73d2ae25c26c','addColumn tableName=RESOURCE_SERVER_POLICY; update tableName=RESOURCE_SERVER_POLICY; dropColumn columnName=DECISION_STRATEGY, tableName=RESOURCE_SERVER_POLICY; renameColumn newColumnName=DECISION_STRATEGY, oldColumnName=DECISION_STRATEGY_NEW, tabl...','',NULL,'4.20.0',NULL,NULL,'8068995566'),
('22.0.0-17484','keycloak','META-INF/jpa-changelog-22.0.0.xml','2023-10-23 13:50:17',114,'EXECUTED','8:4c3d4e8b142a66fcdf21b89a4dd33301','customChange','',NULL,'4.20.0',NULL,NULL,'8068995566'),
('22.0.0-17484-updated','keycloak','META-INF/jpa-changelog-22.0.0.xml','2023-10-24 12:32:46',115,'MARK_RAN','9:90af0bfd30cafc17b9f4d6eccd92b8b3','customChange','',NULL,'4.23.2',NULL,NULL,'8150737316'),
('22.0.5-24031','keycloak','META-INF/jpa-changelog-22.0.0.xml','2023-10-24 12:32:47',116,'EXECUTED','9:a60d2d7b315ec2d3eba9e2f145f9df28','customChange','',NULL,'4.23.2',NULL,NULL,'8150737316');
/*!40000 ALTER TABLE `DATABASECHANGELOG` ENABLE KEYS */;
UNLOCK TABLES;

--
-- Table structure for table `DATABASECHANGELOGLOCK`
--

DROP TABLE IF EXISTS `DATABASECHANGELOGLOCK`;
/*!40101 SET @saved_cs_client     = @@character_set_client */;
/*!40101 SET character_set_client = utf8 */;
CREATE TABLE `DATABASECHANGELOGLOCK` (
  `ID` int(11) NOT NULL,
  `LOCKED` bit(1) NOT NULL,
  `LOCKGRANTED` datetime DEFAULT NULL,
  `LOCKEDBY` varchar(255) DEFAULT NULL,
  PRIMARY KEY (`ID`)
) ENGINE=InnoDB DEFAULT CHARSET=utf8mb4 COLLATE=utf8mb4_general_ci;
/*!40101 SET character_set_client = @saved_cs_client */;

--
-- Dumping data for table `DATABASECHANGELOGLOCK`
--

LOCK TABLES `DATABASECHANGELOGLOCK` WRITE;
/*!40000 ALTER TABLE `DATABASECHANGELOGLOCK` DISABLE KEYS */;
INSERT INTO `DATABASECHANGELOGLOCK` VALUES
(1,'\0',NULL,NULL),
(1000,'\0',NULL,NULL),
(1001,'\0',NULL,NULL);
/*!40000 ALTER TABLE `DATABASECHANGELOGLOCK` ENABLE KEYS */;
UNLOCK TABLES;

--
-- Table structure for table `DEFAULT_CLIENT_SCOPE`
--

DROP TABLE IF EXISTS `DEFAULT_CLIENT_SCOPE`;
/*!40101 SET @saved_cs_client     = @@character_set_client */;
/*!40101 SET character_set_client = utf8 */;
CREATE TABLE `DEFAULT_CLIENT_SCOPE` (
  `REALM_ID` varchar(36) NOT NULL,
  `SCOPE_ID` varchar(36) NOT NULL,
  `DEFAULT_SCOPE` bit(1) NOT NULL DEFAULT b'0',
  PRIMARY KEY (`REALM_ID`,`SCOPE_ID`),
  KEY `IDX_DEFCLS_REALM` (`REALM_ID`),
  KEY `IDX_DEFCLS_SCOPE` (`SCOPE_ID`),
  CONSTRAINT `FK_R_DEF_CLI_SCOPE_REALM` FOREIGN KEY (`REALM_ID`) REFERENCES `REALM` (`ID`)
) ENGINE=InnoDB DEFAULT CHARSET=utf8mb4 COLLATE=utf8mb4_general_ci;
/*!40101 SET character_set_client = @saved_cs_client */;

--
-- Dumping data for table `DEFAULT_CLIENT_SCOPE`
--

LOCK TABLES `DEFAULT_CLIENT_SCOPE` WRITE;
/*!40000 ALTER TABLE `DEFAULT_CLIENT_SCOPE` DISABLE KEYS */;
INSERT INTO `DEFAULT_CLIENT_SCOPE` VALUES
('e4e8cf3b-ef09-49ee-8d86-0c597a9af336','01736c2f-1d9f-4d50-86cd-6412c6763dfb','\0'),
('e4e8cf3b-ef09-49ee-8d86-0c597a9af336','0c7b2fb3-14f9-4cf7-a129-afa40bca84af',''),
('e4e8cf3b-ef09-49ee-8d86-0c597a9af336','1f059711-8f73-43b7-835b-f1bbe2177999',''),
('e4e8cf3b-ef09-49ee-8d86-0c597a9af336','24193d61-1d4f-4be6-840a-c1b547fe5734',''),
('e4e8cf3b-ef09-49ee-8d86-0c597a9af336','3d11fe8c-7a86-4bfb-bc94-fab39cd1371d','\0'),
('e4e8cf3b-ef09-49ee-8d86-0c597a9af336','506b2c33-a865-495f-82fc-cfd4b42194bd','\0'),
('e4e8cf3b-ef09-49ee-8d86-0c597a9af336','b403a5ac-aa8f-4678-b17b-f88287830743',''),
('e4e8cf3b-ef09-49ee-8d86-0c597a9af336','ba2beb70-dd6b-40c6-bc61-2accfafa6539',''),
('e4e8cf3b-ef09-49ee-8d86-0c597a9af336','edf95164-ccad-475b-937e-ccb50969bc20','\0'),
('e4e8cf3b-ef09-49ee-8d86-0c597a9af336','f6f704ff-711a-470a-80f4-c44b91021d89',''),
('fd363fb6-a3fb-495f-b42c-d4a354f0ee78','2d478691-8b5b-4856-8fd0-d09017fb14f1',''),
('fd363fb6-a3fb-495f-b42c-d4a354f0ee78','596176ed-3d91-4528-82e6-a21db70dd4ba',''),
('fd363fb6-a3fb-495f-b42c-d4a354f0ee78','60a9d6eb-04f0-4a0d-881d-115aa66255d2',''),
('fd363fb6-a3fb-495f-b42c-d4a354f0ee78','79077b84-42ff-4a67-94a6-1704d8329b1c',''),
('fd363fb6-a3fb-495f-b42c-d4a354f0ee78','813b41a0-a539-45b5-b9c5-795586e8d6f2','\0'),
('fd363fb6-a3fb-495f-b42c-d4a354f0ee78','8b2ebbbc-2777-4525-986f-d99e34c33d13','\0'),
('fd363fb6-a3fb-495f-b42c-d4a354f0ee78','a91a8967-0db0-4207-b80e-9056e42ea581','\0'),
('fd363fb6-a3fb-495f-b42c-d4a354f0ee78','d595c710-661d-4f05-93c8-401005860030','\0'),
('fd363fb6-a3fb-495f-b42c-d4a354f0ee78','dbaad53d-c077-4ee1-8d9c-c89bf85eabb2',''),
('fd363fb6-a3fb-495f-b42c-d4a354f0ee78','e1ae110f-45f5-4390-9674-903b46a84a0c','');
/*!40000 ALTER TABLE `DEFAULT_CLIENT_SCOPE` ENABLE KEYS */;
UNLOCK TABLES;

--
-- Table structure for table `EVENT_ENTITY`
--

DROP TABLE IF EXISTS `EVENT_ENTITY`;
/*!40101 SET @saved_cs_client     = @@character_set_client */;
/*!40101 SET character_set_client = utf8 */;
CREATE TABLE `EVENT_ENTITY` (
  `ID` varchar(36) NOT NULL,
  `CLIENT_ID` varchar(255) DEFAULT NULL,
  `DETAILS_JSON` text DEFAULT NULL,
  `ERROR` varchar(255) DEFAULT NULL,
  `IP_ADDRESS` varchar(255) DEFAULT NULL,
  `REALM_ID` varchar(255) DEFAULT NULL,
  `SESSION_ID` varchar(255) DEFAULT NULL,
  `EVENT_TIME` bigint(20) DEFAULT NULL,
  `TYPE` varchar(255) DEFAULT NULL,
  `USER_ID` varchar(255) DEFAULT NULL,
  PRIMARY KEY (`ID`),
  KEY `IDX_EVENT_TIME` (`REALM_ID`,`EVENT_TIME`)
) ENGINE=InnoDB DEFAULT CHARSET=utf8mb4 COLLATE=utf8mb4_general_ci;
/*!40101 SET character_set_client = @saved_cs_client */;

--
-- Dumping data for table `EVENT_ENTITY`
--

LOCK TABLES `EVENT_ENTITY` WRITE;
/*!40000 ALTER TABLE `EVENT_ENTITY` DISABLE KEYS */;
/*!40000 ALTER TABLE `EVENT_ENTITY` ENABLE KEYS */;
UNLOCK TABLES;

--
-- Table structure for table `FEDERATED_IDENTITY`
--

DROP TABLE IF EXISTS `FEDERATED_IDENTITY`;
/*!40101 SET @saved_cs_client     = @@character_set_client */;
/*!40101 SET character_set_client = utf8 */;
CREATE TABLE `FEDERATED_IDENTITY` (
  `IDENTITY_PROVIDER` varchar(255) NOT NULL,
  `REALM_ID` varchar(36) DEFAULT NULL,
  `FEDERATED_USER_ID` varchar(255) DEFAULT NULL,
  `FEDERATED_USERNAME` varchar(255) DEFAULT NULL,
  `TOKEN` text DEFAULT NULL,
  `USER_ID` varchar(36) NOT NULL,
  PRIMARY KEY (`IDENTITY_PROVIDER`,`USER_ID`),
  KEY `IDX_FEDIDENTITY_USER` (`USER_ID`),
  KEY `IDX_FEDIDENTITY_FEDUSER` (`FEDERATED_USER_ID`),
  CONSTRAINT `FK404288B92EF007A6` FOREIGN KEY (`USER_ID`) REFERENCES `USER_ENTITY` (`ID`)
) ENGINE=InnoDB DEFAULT CHARSET=utf8mb4 COLLATE=utf8mb4_general_ci;
/*!40101 SET character_set_client = @saved_cs_client */;

--
-- Dumping data for table `FEDERATED_IDENTITY`
--

LOCK TABLES `FEDERATED_IDENTITY` WRITE;
/*!40000 ALTER TABLE `FEDERATED_IDENTITY` DISABLE KEYS */;
/*!40000 ALTER TABLE `FEDERATED_IDENTITY` ENABLE KEYS */;
UNLOCK TABLES;

--
-- Table structure for table `FEDERATED_USER`
--

DROP TABLE IF EXISTS `FEDERATED_USER`;
/*!40101 SET @saved_cs_client     = @@character_set_client */;
/*!40101 SET character_set_client = utf8 */;
CREATE TABLE `FEDERATED_USER` (
  `ID` varchar(255) NOT NULL,
  `STORAGE_PROVIDER_ID` varchar(255) DEFAULT NULL,
  `REALM_ID` varchar(36) NOT NULL,
  PRIMARY KEY (`ID`)
) ENGINE=InnoDB DEFAULT CHARSET=utf8mb4 COLLATE=utf8mb4_general_ci;
/*!40101 SET character_set_client = @saved_cs_client */;

--
-- Dumping data for table `FEDERATED_USER`
--

LOCK TABLES `FEDERATED_USER` WRITE;
/*!40000 ALTER TABLE `FEDERATED_USER` DISABLE KEYS */;
/*!40000 ALTER TABLE `FEDERATED_USER` ENABLE KEYS */;
UNLOCK TABLES;

--
-- Table structure for table `FED_USER_ATTRIBUTE`
--

DROP TABLE IF EXISTS `FED_USER_ATTRIBUTE`;
/*!40101 SET @saved_cs_client     = @@character_set_client */;
/*!40101 SET character_set_client = utf8 */;
CREATE TABLE `FED_USER_ATTRIBUTE` (
  `ID` varchar(36) NOT NULL,
  `NAME` varchar(255) NOT NULL,
  `USER_ID` varchar(255) NOT NULL,
  `REALM_ID` varchar(36) NOT NULL,
  `STORAGE_PROVIDER_ID` varchar(36) DEFAULT NULL,
  `VALUE` text DEFAULT NULL,
  PRIMARY KEY (`ID`),
  KEY `IDX_FU_ATTRIBUTE` (`USER_ID`,`REALM_ID`,`NAME`)
) ENGINE=InnoDB DEFAULT CHARSET=utf8mb4 COLLATE=utf8mb4_general_ci;
/*!40101 SET character_set_client = @saved_cs_client */;

--
-- Dumping data for table `FED_USER_ATTRIBUTE`
--

LOCK TABLES `FED_USER_ATTRIBUTE` WRITE;
/*!40000 ALTER TABLE `FED_USER_ATTRIBUTE` DISABLE KEYS */;
/*!40000 ALTER TABLE `FED_USER_ATTRIBUTE` ENABLE KEYS */;
UNLOCK TABLES;

--
-- Table structure for table `FED_USER_CONSENT`
--

DROP TABLE IF EXISTS `FED_USER_CONSENT`;
/*!40101 SET @saved_cs_client     = @@character_set_client */;
/*!40101 SET character_set_client = utf8 */;
CREATE TABLE `FED_USER_CONSENT` (
  `ID` varchar(36) NOT NULL,
  `CLIENT_ID` varchar(255) DEFAULT NULL,
  `USER_ID` varchar(255) NOT NULL,
  `REALM_ID` varchar(36) NOT NULL,
  `STORAGE_PROVIDER_ID` varchar(36) DEFAULT NULL,
  `CREATED_DATE` bigint(20) DEFAULT NULL,
  `LAST_UPDATED_DATE` bigint(20) DEFAULT NULL,
  `CLIENT_STORAGE_PROVIDER` varchar(36) DEFAULT NULL,
  `EXTERNAL_CLIENT_ID` varchar(255) DEFAULT NULL,
  PRIMARY KEY (`ID`),
  KEY `IDX_FU_CONSENT` (`USER_ID`,`CLIENT_ID`),
  KEY `IDX_FU_CONSENT_RU` (`REALM_ID`,`USER_ID`),
  KEY `IDX_FU_CNSNT_EXT` (`USER_ID`,`CLIENT_STORAGE_PROVIDER`,`EXTERNAL_CLIENT_ID`)
) ENGINE=InnoDB DEFAULT CHARSET=utf8mb4 COLLATE=utf8mb4_general_ci;
/*!40101 SET character_set_client = @saved_cs_client */;

--
-- Dumping data for table `FED_USER_CONSENT`
--

LOCK TABLES `FED_USER_CONSENT` WRITE;
/*!40000 ALTER TABLE `FED_USER_CONSENT` DISABLE KEYS */;
/*!40000 ALTER TABLE `FED_USER_CONSENT` ENABLE KEYS */;
UNLOCK TABLES;

--
-- Table structure for table `FED_USER_CONSENT_CL_SCOPE`
--

DROP TABLE IF EXISTS `FED_USER_CONSENT_CL_SCOPE`;
/*!40101 SET @saved_cs_client     = @@character_set_client */;
/*!40101 SET character_set_client = utf8 */;
CREATE TABLE `FED_USER_CONSENT_CL_SCOPE` (
  `USER_CONSENT_ID` varchar(36) NOT NULL,
  `SCOPE_ID` varchar(36) NOT NULL,
  PRIMARY KEY (`USER_CONSENT_ID`,`SCOPE_ID`)
) ENGINE=InnoDB DEFAULT CHARSET=utf8mb4 COLLATE=utf8mb4_general_ci;
/*!40101 SET character_set_client = @saved_cs_client */;

--
-- Dumping data for table `FED_USER_CONSENT_CL_SCOPE`
--

LOCK TABLES `FED_USER_CONSENT_CL_SCOPE` WRITE;
/*!40000 ALTER TABLE `FED_USER_CONSENT_CL_SCOPE` DISABLE KEYS */;
/*!40000 ALTER TABLE `FED_USER_CONSENT_CL_SCOPE` ENABLE KEYS */;
UNLOCK TABLES;

--
-- Table structure for table `FED_USER_CREDENTIAL`
--

DROP TABLE IF EXISTS `FED_USER_CREDENTIAL`;
/*!40101 SET @saved_cs_client     = @@character_set_client */;
/*!40101 SET character_set_client = utf8 */;
CREATE TABLE `FED_USER_CREDENTIAL` (
  `ID` varchar(36) NOT NULL,
  `SALT` tinyblob DEFAULT NULL,
  `TYPE` varchar(255) DEFAULT NULL,
  `CREATED_DATE` bigint(20) DEFAULT NULL,
  `USER_ID` varchar(255) NOT NULL,
  `REALM_ID` varchar(36) NOT NULL,
  `STORAGE_PROVIDER_ID` varchar(36) DEFAULT NULL,
  `USER_LABEL` varchar(255) DEFAULT NULL,
  `SECRET_DATA` longtext DEFAULT NULL,
  `CREDENTIAL_DATA` longtext DEFAULT NULL,
  `PRIORITY` int(11) DEFAULT NULL,
  PRIMARY KEY (`ID`),
  KEY `IDX_FU_CREDENTIAL` (`USER_ID`,`TYPE`),
  KEY `IDX_FU_CREDENTIAL_RU` (`REALM_ID`,`USER_ID`)
) ENGINE=InnoDB DEFAULT CHARSET=utf8mb4 COLLATE=utf8mb4_general_ci;
/*!40101 SET character_set_client = @saved_cs_client */;

--
-- Dumping data for table `FED_USER_CREDENTIAL`
--

LOCK TABLES `FED_USER_CREDENTIAL` WRITE;
/*!40000 ALTER TABLE `FED_USER_CREDENTIAL` DISABLE KEYS */;
/*!40000 ALTER TABLE `FED_USER_CREDENTIAL` ENABLE KEYS */;
UNLOCK TABLES;

--
-- Table structure for table `FED_USER_GROUP_MEMBERSHIP`
--

DROP TABLE IF EXISTS `FED_USER_GROUP_MEMBERSHIP`;
/*!40101 SET @saved_cs_client     = @@character_set_client */;
/*!40101 SET character_set_client = utf8 */;
CREATE TABLE `FED_USER_GROUP_MEMBERSHIP` (
  `GROUP_ID` varchar(36) NOT NULL,
  `USER_ID` varchar(255) NOT NULL,
  `REALM_ID` varchar(36) NOT NULL,
  `STORAGE_PROVIDER_ID` varchar(36) DEFAULT NULL,
  PRIMARY KEY (`GROUP_ID`,`USER_ID`),
  KEY `IDX_FU_GROUP_MEMBERSHIP` (`USER_ID`,`GROUP_ID`),
  KEY `IDX_FU_GROUP_MEMBERSHIP_RU` (`REALM_ID`,`USER_ID`)
) ENGINE=InnoDB DEFAULT CHARSET=utf8mb4 COLLATE=utf8mb4_general_ci;
/*!40101 SET character_set_client = @saved_cs_client */;

--
-- Dumping data for table `FED_USER_GROUP_MEMBERSHIP`
--

LOCK TABLES `FED_USER_GROUP_MEMBERSHIP` WRITE;
/*!40000 ALTER TABLE `FED_USER_GROUP_MEMBERSHIP` DISABLE KEYS */;
/*!40000 ALTER TABLE `FED_USER_GROUP_MEMBERSHIP` ENABLE KEYS */;
UNLOCK TABLES;

--
-- Table structure for table `FED_USER_REQUIRED_ACTION`
--

DROP TABLE IF EXISTS `FED_USER_REQUIRED_ACTION`;
/*!40101 SET @saved_cs_client     = @@character_set_client */;
/*!40101 SET character_set_client = utf8 */;
CREATE TABLE `FED_USER_REQUIRED_ACTION` (
  `REQUIRED_ACTION` varchar(255) NOT NULL DEFAULT ' ',
  `USER_ID` varchar(255) NOT NULL,
  `REALM_ID` varchar(36) NOT NULL,
  `STORAGE_PROVIDER_ID` varchar(36) DEFAULT NULL,
  PRIMARY KEY (`REQUIRED_ACTION`,`USER_ID`),
  KEY `IDX_FU_REQUIRED_ACTION` (`USER_ID`,`REQUIRED_ACTION`),
  KEY `IDX_FU_REQUIRED_ACTION_RU` (`REALM_ID`,`USER_ID`)
) ENGINE=InnoDB DEFAULT CHARSET=utf8mb4 COLLATE=utf8mb4_general_ci;
/*!40101 SET character_set_client = @saved_cs_client */;

--
-- Dumping data for table `FED_USER_REQUIRED_ACTION`
--

LOCK TABLES `FED_USER_REQUIRED_ACTION` WRITE;
/*!40000 ALTER TABLE `FED_USER_REQUIRED_ACTION` DISABLE KEYS */;
/*!40000 ALTER TABLE `FED_USER_REQUIRED_ACTION` ENABLE KEYS */;
UNLOCK TABLES;

--
-- Table structure for table `FED_USER_ROLE_MAPPING`
--

DROP TABLE IF EXISTS `FED_USER_ROLE_MAPPING`;
/*!40101 SET @saved_cs_client     = @@character_set_client */;
/*!40101 SET character_set_client = utf8 */;
CREATE TABLE `FED_USER_ROLE_MAPPING` (
  `ROLE_ID` varchar(36) NOT NULL,
  `USER_ID` varchar(255) NOT NULL,
  `REALM_ID` varchar(36) NOT NULL,
  `STORAGE_PROVIDER_ID` varchar(36) DEFAULT NULL,
  PRIMARY KEY (`ROLE_ID`,`USER_ID`),
  KEY `IDX_FU_ROLE_MAPPING` (`USER_ID`,`ROLE_ID`),
  KEY `IDX_FU_ROLE_MAPPING_RU` (`REALM_ID`,`USER_ID`)
) ENGINE=InnoDB DEFAULT CHARSET=utf8mb4 COLLATE=utf8mb4_general_ci;
/*!40101 SET character_set_client = @saved_cs_client */;

--
-- Dumping data for table `FED_USER_ROLE_MAPPING`
--

LOCK TABLES `FED_USER_ROLE_MAPPING` WRITE;
/*!40000 ALTER TABLE `FED_USER_ROLE_MAPPING` DISABLE KEYS */;
/*!40000 ALTER TABLE `FED_USER_ROLE_MAPPING` ENABLE KEYS */;
UNLOCK TABLES;

--
-- Table structure for table `GROUP_ATTRIBUTE`
--

DROP TABLE IF EXISTS `GROUP_ATTRIBUTE`;
/*!40101 SET @saved_cs_client     = @@character_set_client */;
/*!40101 SET character_set_client = utf8 */;
CREATE TABLE `GROUP_ATTRIBUTE` (
  `ID` varchar(36) NOT NULL DEFAULT 'sybase-needs-something-here',
  `NAME` varchar(255) NOT NULL,
  `VALUE` varchar(255) CHARACTER SET utf8mb3 COLLATE utf8mb3_general_ci DEFAULT NULL,
  `GROUP_ID` varchar(36) NOT NULL,
  PRIMARY KEY (`ID`),
  KEY `IDX_GROUP_ATTR_GROUP` (`GROUP_ID`),
  KEY `IDX_GROUP_ATT_BY_NAME_VALUE` (`NAME`,`VALUE`),
  CONSTRAINT `FK_GROUP_ATTRIBUTE_GROUP` FOREIGN KEY (`GROUP_ID`) REFERENCES `KEYCLOAK_GROUP` (`ID`)
) ENGINE=InnoDB DEFAULT CHARSET=utf8mb4 COLLATE=utf8mb4_general_ci;
/*!40101 SET character_set_client = @saved_cs_client */;

--
-- Dumping data for table `GROUP_ATTRIBUTE`
--

LOCK TABLES `GROUP_ATTRIBUTE` WRITE;
/*!40000 ALTER TABLE `GROUP_ATTRIBUTE` DISABLE KEYS */;
/*!40000 ALTER TABLE `GROUP_ATTRIBUTE` ENABLE KEYS */;
UNLOCK TABLES;

--
-- Table structure for table `GROUP_ROLE_MAPPING`
--

DROP TABLE IF EXISTS `GROUP_ROLE_MAPPING`;
/*!40101 SET @saved_cs_client     = @@character_set_client */;
/*!40101 SET character_set_client = utf8 */;
CREATE TABLE `GROUP_ROLE_MAPPING` (
  `ROLE_ID` varchar(36) NOT NULL,
  `GROUP_ID` varchar(36) NOT NULL,
  PRIMARY KEY (`ROLE_ID`,`GROUP_ID`),
  KEY `IDX_GROUP_ROLE_MAPP_GROUP` (`GROUP_ID`),
  CONSTRAINT `FK_GROUP_ROLE_GROUP` FOREIGN KEY (`GROUP_ID`) REFERENCES `KEYCLOAK_GROUP` (`ID`)
) ENGINE=InnoDB DEFAULT CHARSET=utf8mb4 COLLATE=utf8mb4_general_ci;
/*!40101 SET character_set_client = @saved_cs_client */;

--
-- Dumping data for table `GROUP_ROLE_MAPPING`
--

LOCK TABLES `GROUP_ROLE_MAPPING` WRITE;
/*!40000 ALTER TABLE `GROUP_ROLE_MAPPING` DISABLE KEYS */;
INSERT INTO `GROUP_ROLE_MAPPING` VALUES
('67612f05-7cd8-4ee2-93ad-0ac01cb3564c','7bbe885d-49c7-48a5-8439-64e6eee4de49'),
('08c8dffb-ef11-40a6-b0c0-97e45d410609','cda34b1d-456d-47c1-9e7d-742c61a95f2c');
/*!40000 ALTER TABLE `GROUP_ROLE_MAPPING` ENABLE KEYS */;
UNLOCK TABLES;

--
-- Table structure for table `IDENTITY_PROVIDER`
--

DROP TABLE IF EXISTS `IDENTITY_PROVIDER`;
/*!40101 SET @saved_cs_client     = @@character_set_client */;
/*!40101 SET character_set_client = utf8 */;
CREATE TABLE `IDENTITY_PROVIDER` (
  `INTERNAL_ID` varchar(36) NOT NULL,
  `ENABLED` bit(1) NOT NULL DEFAULT b'0',
  `PROVIDER_ALIAS` varchar(255) DEFAULT NULL,
  `PROVIDER_ID` varchar(255) DEFAULT NULL,
  `STORE_TOKEN` bit(1) NOT NULL DEFAULT b'0',
  `AUTHENTICATE_BY_DEFAULT` bit(1) NOT NULL DEFAULT b'0',
  `REALM_ID` varchar(36) DEFAULT NULL,
  `ADD_TOKEN_ROLE` bit(1) NOT NULL DEFAULT b'1',
  `TRUST_EMAIL` bit(1) NOT NULL DEFAULT b'0',
  `FIRST_BROKER_LOGIN_FLOW_ID` varchar(36) DEFAULT NULL,
  `POST_BROKER_LOGIN_FLOW_ID` varchar(36) DEFAULT NULL,
  `PROVIDER_DISPLAY_NAME` varchar(255) DEFAULT NULL,
  `LINK_ONLY` bit(1) NOT NULL DEFAULT b'0',
  PRIMARY KEY (`INTERNAL_ID`),
  UNIQUE KEY `UK_2DAELWNIBJI49AVXSRTUF6XJ33` (`PROVIDER_ALIAS`,`REALM_ID`),
  KEY `IDX_IDENT_PROV_REALM` (`REALM_ID`),
  CONSTRAINT `FK2B4EBC52AE5C3B34` FOREIGN KEY (`REALM_ID`) REFERENCES `REALM` (`ID`)
) ENGINE=InnoDB DEFAULT CHARSET=utf8mb4 COLLATE=utf8mb4_general_ci;
/*!40101 SET character_set_client = @saved_cs_client */;

--
-- Dumping data for table `IDENTITY_PROVIDER`
--

LOCK TABLES `IDENTITY_PROVIDER` WRITE;
/*!40000 ALTER TABLE `IDENTITY_PROVIDER` DISABLE KEYS */;
/*!40000 ALTER TABLE `IDENTITY_PROVIDER` ENABLE KEYS */;
UNLOCK TABLES;

--
-- Table structure for table `IDENTITY_PROVIDER_CONFIG`
--

DROP TABLE IF EXISTS `IDENTITY_PROVIDER_CONFIG`;
/*!40101 SET @saved_cs_client     = @@character_set_client */;
/*!40101 SET character_set_client = utf8 */;
CREATE TABLE `IDENTITY_PROVIDER_CONFIG` (
  `IDENTITY_PROVIDER_ID` varchar(36) NOT NULL,
  `VALUE` longtext DEFAULT NULL,
  `NAME` varchar(255) NOT NULL,
  PRIMARY KEY (`IDENTITY_PROVIDER_ID`,`NAME`),
  CONSTRAINT `FKDC4897CF864C4E43` FOREIGN KEY (`IDENTITY_PROVIDER_ID`) REFERENCES `IDENTITY_PROVIDER` (`INTERNAL_ID`)
) ENGINE=InnoDB DEFAULT CHARSET=utf8mb4 COLLATE=utf8mb4_general_ci;
/*!40101 SET character_set_client = @saved_cs_client */;

--
-- Dumping data for table `IDENTITY_PROVIDER_CONFIG`
--

LOCK TABLES `IDENTITY_PROVIDER_CONFIG` WRITE;
/*!40000 ALTER TABLE `IDENTITY_PROVIDER_CONFIG` DISABLE KEYS */;
/*!40000 ALTER TABLE `IDENTITY_PROVIDER_CONFIG` ENABLE KEYS */;
UNLOCK TABLES;

--
-- Table structure for table `IDENTITY_PROVIDER_MAPPER`
--

DROP TABLE IF EXISTS `IDENTITY_PROVIDER_MAPPER`;
/*!40101 SET @saved_cs_client     = @@character_set_client */;
/*!40101 SET character_set_client = utf8 */;
CREATE TABLE `IDENTITY_PROVIDER_MAPPER` (
  `ID` varchar(36) NOT NULL,
  `NAME` varchar(255) NOT NULL,
  `IDP_ALIAS` varchar(255) NOT NULL,
  `IDP_MAPPER_NAME` varchar(255) NOT NULL,
  `REALM_ID` varchar(36) NOT NULL,
  PRIMARY KEY (`ID`),
  KEY `IDX_ID_PROV_MAPP_REALM` (`REALM_ID`),
  CONSTRAINT `FK_IDPM_REALM` FOREIGN KEY (`REALM_ID`) REFERENCES `REALM` (`ID`)
) ENGINE=InnoDB DEFAULT CHARSET=utf8mb4 COLLATE=utf8mb4_general_ci;
/*!40101 SET character_set_client = @saved_cs_client */;

--
-- Dumping data for table `IDENTITY_PROVIDER_MAPPER`
--

LOCK TABLES `IDENTITY_PROVIDER_MAPPER` WRITE;
/*!40000 ALTER TABLE `IDENTITY_PROVIDER_MAPPER` DISABLE KEYS */;
/*!40000 ALTER TABLE `IDENTITY_PROVIDER_MAPPER` ENABLE KEYS */;
UNLOCK TABLES;

--
-- Table structure for table `IDP_MAPPER_CONFIG`
--

DROP TABLE IF EXISTS `IDP_MAPPER_CONFIG`;
/*!40101 SET @saved_cs_client     = @@character_set_client */;
/*!40101 SET character_set_client = utf8 */;
CREATE TABLE `IDP_MAPPER_CONFIG` (
  `IDP_MAPPER_ID` varchar(36) NOT NULL,
  `VALUE` longtext DEFAULT NULL,
  `NAME` varchar(255) NOT NULL,
  PRIMARY KEY (`IDP_MAPPER_ID`,`NAME`),
  CONSTRAINT `FK_IDPMCONFIG` FOREIGN KEY (`IDP_MAPPER_ID`) REFERENCES `IDENTITY_PROVIDER_MAPPER` (`ID`)
) ENGINE=InnoDB DEFAULT CHARSET=utf8mb4 COLLATE=utf8mb4_general_ci;
/*!40101 SET character_set_client = @saved_cs_client */;

--
-- Dumping data for table `IDP_MAPPER_CONFIG`
--

LOCK TABLES `IDP_MAPPER_CONFIG` WRITE;
/*!40000 ALTER TABLE `IDP_MAPPER_CONFIG` DISABLE KEYS */;
/*!40000 ALTER TABLE `IDP_MAPPER_CONFIG` ENABLE KEYS */;
UNLOCK TABLES;

--
-- Table structure for table `KEYCLOAK_GROUP`
--

DROP TABLE IF EXISTS `KEYCLOAK_GROUP`;
/*!40101 SET @saved_cs_client     = @@character_set_client */;
/*!40101 SET character_set_client = utf8 */;
CREATE TABLE `KEYCLOAK_GROUP` (
  `ID` varchar(36) NOT NULL,
  `NAME` varchar(255) CHARACTER SET utf8mb3 COLLATE utf8mb3_general_ci DEFAULT NULL,
  `PARENT_GROUP` varchar(36) NOT NULL,
  `REALM_ID` varchar(36) DEFAULT NULL,
  PRIMARY KEY (`ID`),
  UNIQUE KEY `SIBLING_NAMES` (`REALM_ID`,`PARENT_GROUP`,`NAME`)
) ENGINE=InnoDB DEFAULT CHARSET=utf8mb4 COLLATE=utf8mb4_general_ci;
/*!40101 SET character_set_client = @saved_cs_client */;

--
-- Dumping data for table `KEYCLOAK_GROUP`
--

LOCK TABLES `KEYCLOAK_GROUP` WRITE;
/*!40000 ALTER TABLE `KEYCLOAK_GROUP` DISABLE KEYS */;
INSERT INTO `KEYCLOAK_GROUP` VALUES
('a725b699-bd98-4953-894c-7559743c9a5d','external',' ','e4e8cf3b-ef09-49ee-8d86-0c597a9af336'),
('02fc612a-9e01-4385-985a-cd7bc7c0df04','staff',' ','e4e8cf3b-ef09-49ee-8d86-0c597a9af336'),
('7bbe885d-49c7-48a5-8439-64e6eee4de49','student',' ','e4e8cf3b-ef09-49ee-8d86-0c597a9af336'),
('8d328a61-9787-4ab1-88a2-0e3606e6a080','teacher',' ','e4e8cf3b-ef09-49ee-8d86-0c597a9af336'),
('e6a9d734-b155-4c4c-91a2-377143b3bcd1','computer_sciences','7bbe885d-49c7-48a5-8439-64e6eee4de49','e4e8cf3b-ef09-49ee-8d86-0c597a9af336'),
('5080131d-863c-4e1e-9709-bb091c317716','digital_system','7bbe885d-49c7-48a5-8439-64e6eee4de49','e4e8cf3b-ef09-49ee-8d86-0c597a9af336'),
('cda34b1d-456d-47c1-9e7d-742c61a95f2c','IAI3','7bbe885d-49c7-48a5-8439-64e6eee4de49','e4e8cf3b-ef09-49ee-8d86-0c597a9af336'),
('a8339bc3-c75c-474a-a544-5dd28e93052e','photonic','7bbe885d-49c7-48a5-8439-64e6eee4de49','e4e8cf3b-ef09-49ee-8d86-0c597a9af336'),
('19e7c767-5d8a-490f-825b-8ea17010c361','apprenticeship_first_year','e6a9d734-b155-4c4c-91a2-377143b3bcd1','e4e8cf3b-ef09-49ee-8d86-0c597a9af336'),
('207aff06-3178-4ef9-9193-5658064e2205','apprenticeship_last_year','e6a9d734-b155-4c4c-91a2-377143b3bcd1','e4e8cf3b-ef09-49ee-8d86-0c597a9af336'),
('eb91c56a-dc55-457f-ab1c-3b58d0f94395','apprenticeship_second_year','e6a9d734-b155-4c4c-91a2-377143b3bcd1','e4e8cf3b-ef09-49ee-8d86-0c597a9af336'),
('5fecc613-5219-456d-a40f-64ec70f1ae87','classic_first_year','e6a9d734-b155-4c4c-91a2-377143b3bcd1','e4e8cf3b-ef09-49ee-8d86-0c597a9af336'),
('632bf67d-08d0-4a00-a282-f45664d3ea00','classic_last_year','e6a9d734-b155-4c4c-91a2-377143b3bcd1','e4e8cf3b-ef09-49ee-8d86-0c597a9af336'),
('e5800d3e-f3bb-4a0c-a755-4b2b5a0cb340','classic_second_year','e6a9d734-b155-4c4c-91a2-377143b3bcd1','e4e8cf3b-ef09-49ee-8d86-0c597a9af336');
/*!40000 ALTER TABLE `KEYCLOAK_GROUP` ENABLE KEYS */;
UNLOCK TABLES;

--
-- Table structure for table `KEYCLOAK_ROLE`
--

DROP TABLE IF EXISTS `KEYCLOAK_ROLE`;
/*!40101 SET @saved_cs_client     = @@character_set_client */;
/*!40101 SET character_set_client = utf8 */;
CREATE TABLE `KEYCLOAK_ROLE` (
  `ID` varchar(36) NOT NULL,
  `CLIENT_REALM_CONSTRAINT` varchar(255) DEFAULT NULL,
  `CLIENT_ROLE` bit(1) DEFAULT NULL,
  `DESCRIPTION` varchar(255) CHARACTER SET utf8mb3 COLLATE utf8mb3_general_ci DEFAULT NULL,
  `NAME` varchar(255) CHARACTER SET utf8mb3 COLLATE utf8mb3_general_ci DEFAULT NULL,
  `REALM_ID` varchar(255) DEFAULT NULL,
  `CLIENT` varchar(36) DEFAULT NULL,
  `REALM` varchar(36) DEFAULT NULL,
  PRIMARY KEY (`ID`),
  UNIQUE KEY `UK_J3RWUVD56ONTGSUHOGM184WW2-2` (`NAME`,`CLIENT_REALM_CONSTRAINT`),
  KEY `IDX_KEYCLOAK_ROLE_CLIENT` (`CLIENT`),
  KEY `IDX_KEYCLOAK_ROLE_REALM` (`REALM`),
  CONSTRAINT `FK_6VYQFE4CN4WLQ8R6KT5VDSJ5C` FOREIGN KEY (`REALM`) REFERENCES `REALM` (`ID`)
) ENGINE=InnoDB DEFAULT CHARSET=utf8mb4 COLLATE=utf8mb4_general_ci;
/*!40101 SET character_set_client = @saved_cs_client */;

--
-- Dumping data for table `KEYCLOAK_ROLE`
--

LOCK TABLES `KEYCLOAK_ROLE` WRITE;
/*!40000 ALTER TABLE `KEYCLOAK_ROLE` DISABLE KEYS */;
INSERT INTO `KEYCLOAK_ROLE` VALUES
('0306c2d6-a2f8-427f-bd13-4705ae9ed2b6','2f0f7363-8df8-42e4-9c94-1dfeb6f692ab','','${role_query-realms}','query-realms','e4e8cf3b-ef09-49ee-8d86-0c597a9af336','2f0f7363-8df8-42e4-9c94-1dfeb6f692ab',NULL),
('034be873-55c1-49ab-b31f-796e93306ce5','0a3196e5-b4a3-4a01-81be-66506e7c1601','','${role_view-clients}','view-clients','fd363fb6-a3fb-495f-b42c-d4a354f0ee78','0a3196e5-b4a3-4a01-81be-66506e7c1601',NULL),
('05134eb5-ca0b-49bd-9cdf-129dc4e895d7','7baa8945-838c-4dd7-969b-8aaebc709d86','','${role_view-clients}','view-clients','fd363fb6-a3fb-495f-b42c-d4a354f0ee78','7baa8945-838c-4dd7-969b-8aaebc709d86',NULL),
('0686905a-f426-4836-bf4d-fa6b27613fe0','7baa8945-838c-4dd7-969b-8aaebc709d86','','${role_create-client}','create-client','fd363fb6-a3fb-495f-b42c-d4a354f0ee78','7baa8945-838c-4dd7-969b-8aaebc709d86',NULL),
('06f673e4-31a8-41b7-954b-b645bc295f7b','32af28b8-0b36-492c-9e1a-7642db224b3b','','${role_view-groups}','view-groups','fd363fb6-a3fb-495f-b42c-d4a354f0ee78','32af28b8-0b36-492c-9e1a-7642db224b3b',NULL),
('08c8dffb-ef11-40a6-b0c0-97e45d410609','d058fa38-9df4-4ee9-9bfa-902923b6ae32','','','R_tags','e4e8cf3b-ef09-49ee-8d86-0c597a9af336','d058fa38-9df4-4ee9-9bfa-902923b6ae32',NULL),
('09582fb8-aceb-4312-80ba-89cd689ac177','0a3196e5-b4a3-4a01-81be-66506e7c1601','','${role_manage-identity-providers}','manage-identity-providers','fd363fb6-a3fb-495f-b42c-d4a354f0ee78','0a3196e5-b4a3-4a01-81be-66506e7c1601',NULL),
('1104e248-81f2-46c0-9144-0ab64848b88f','e4e8cf3b-ef09-49ee-8d86-0c597a9af336','\0','${role_default-roles}','default-roles-intranet','e4e8cf3b-ef09-49ee-8d86-0c597a9af336',NULL,NULL),
('124587e8-b97b-40d2-86b7-c7a2387f830c','7baa8945-838c-4dd7-969b-8aaebc709d86','','${role_view-events}','view-events','fd363fb6-a3fb-495f-b42c-d4a354f0ee78','7baa8945-838c-4dd7-969b-8aaebc709d86',NULL),
('13eb5d4b-ec78-4a66-9a4f-185c1e7be8da','c86da4fb-c3ed-4531-a542-46f4445505af','','${role_manage-account-links}','manage-account-links','e4e8cf3b-ef09-49ee-8d86-0c597a9af336','c86da4fb-c3ed-4531-a542-46f4445505af',NULL),
('17e9d702-cea7-4e94-843e-21929ea372fd','32af28b8-0b36-492c-9e1a-7642db224b3b','','${role_manage-account-links}','manage-account-links','fd363fb6-a3fb-495f-b42c-d4a354f0ee78','32af28b8-0b36-492c-9e1a-7642db224b3b',NULL),
('1a719645-34bc-4b54-9471-a54e61fd7947','0a3196e5-b4a3-4a01-81be-66506e7c1601','','${role_query-users}','query-users','fd363fb6-a3fb-495f-b42c-d4a354f0ee78','0a3196e5-b4a3-4a01-81be-66506e7c1601',NULL),
('1d9ace7d-fb1b-4f2f-b319-d06e77c10ed4','fd363fb6-a3fb-495f-b42c-d4a354f0ee78','\0','${role_create-realm}','create-realm','fd363fb6-a3fb-495f-b42c-d4a354f0ee78',NULL,NULL),
('1ef445c0-9eb8-43df-a5b9-26a5766e43a6','7baa8945-838c-4dd7-969b-8aaebc709d86','','${role_query-groups}','query-groups','fd363fb6-a3fb-495f-b42c-d4a354f0ee78','7baa8945-838c-4dd7-969b-8aaebc709d86',NULL),
('21afad9a-8059-4052-88ac-b8f91309828a','2f0f7363-8df8-42e4-9c94-1dfeb6f692ab','','${role_query-groups}','query-groups','e4e8cf3b-ef09-49ee-8d86-0c597a9af336','2f0f7363-8df8-42e4-9c94-1dfeb6f692ab',NULL),
('26994a38-ed08-4dc4-8571-b3af8920e501','7baa8945-838c-4dd7-969b-8aaebc709d86','','${role_manage-identity-providers}','manage-identity-providers','fd363fb6-a3fb-495f-b42c-d4a354f0ee78','7baa8945-838c-4dd7-969b-8aaebc709d86',NULL),
('27717925-5b42-4ffe-87d4-48f903fcf522','2f0f7363-8df8-42e4-9c94-1dfeb6f692ab','','${role_manage-events}','manage-events','e4e8cf3b-ef09-49ee-8d86-0c597a9af336','2f0f7363-8df8-42e4-9c94-1dfeb6f692ab',NULL),
('28aca2b9-bceb-4c80-9664-8c750cc8be54','7baa8945-838c-4dd7-969b-8aaebc709d86','','${role_manage-clients}','manage-clients','fd363fb6-a3fb-495f-b42c-d4a354f0ee78','7baa8945-838c-4dd7-969b-8aaebc709d86',NULL),
('2e9fd3da-2813-4fa2-a301-04e71d6ccfc1','0a3196e5-b4a3-4a01-81be-66506e7c1601','','${role_query-realms}','query-realms','fd363fb6-a3fb-495f-b42c-d4a354f0ee78','0a3196e5-b4a3-4a01-81be-66506e7c1601',NULL),
('2f5b10bc-e16a-49a3-adf3-d731527c23ca','7baa8945-838c-4dd7-969b-8aaebc709d86','','${role_manage-authorization}','manage-authorization','fd363fb6-a3fb-495f-b42c-d4a354f0ee78','7baa8945-838c-4dd7-969b-8aaebc709d86',NULL),
('32c4ea09-35cc-4895-85b1-a15d429e48aa','e4e8cf3b-ef09-49ee-8d86-0c597a9af336','\0','student\'s enssat manager\nmust access apprenticeship / internship interface [READONLY by default]\nmust access the learning/course interface - some data can be updated','student-tutor','e4e8cf3b-ef09-49ee-8d86-0c597a9af336',NULL,NULL),
('3ee2ce01-a50b-4c1e-9a21-72f578b67040','c86da4fb-c3ed-4531-a542-46f4445505af','','${role_manage-consent}','manage-consent','e4e8cf3b-ef09-49ee-8d86-0c597a9af336','c86da4fb-c3ed-4531-a542-46f4445505af',NULL),
('40c125fe-4b64-4ad9-aa09-90ab9c9d6e8f','7baa8945-838c-4dd7-969b-8aaebc709d86','','${role_view-realm}','view-realm','fd363fb6-a3fb-495f-b42c-d4a354f0ee78','7baa8945-838c-4dd7-969b-8aaebc709d86',NULL),
('447de0a3-2b1f-44cc-bb2f-9037dd525455','0a3196e5-b4a3-4a01-81be-66506e7c1601','','${role_impersonation}','impersonation','fd363fb6-a3fb-495f-b42c-d4a354f0ee78','0a3196e5-b4a3-4a01-81be-66506e7c1601',NULL),
('471ad722-96bd-44c8-9f2f-39a25f684750','2f0f7363-8df8-42e4-9c94-1dfeb6f692ab','','${role_manage-identity-providers}','manage-identity-providers','e4e8cf3b-ef09-49ee-8d86-0c597a9af336','2f0f7363-8df8-42e4-9c94-1dfeb6f692ab',NULL),
('4a69d93d-98f4-4983-a71f-79f71328a2a9','2f0f7363-8df8-42e4-9c94-1dfeb6f692ab','','${role_view-clients}','view-clients','e4e8cf3b-ef09-49ee-8d86-0c597a9af336','2f0f7363-8df8-42e4-9c94-1dfeb6f692ab',NULL),
('4b3bbe8a-f174-40d8-aba8-a946cceb079c','7baa8945-838c-4dd7-969b-8aaebc709d86','','${role_view-users}','view-users','fd363fb6-a3fb-495f-b42c-d4a354f0ee78','7baa8945-838c-4dd7-969b-8aaebc709d86',NULL),
('4b614b8a-433a-4081-9484-660748ab1d1e','e4e8cf3b-ef09-49ee-8d86-0c597a9af336','\0','student\'s company manager\nmust access apprenticeship / internship interface - must be able to update data','student-supervisor','e4e8cf3b-ef09-49ee-8d86-0c597a9af336',NULL,NULL),
('4edbf9e6-bf78-4e2a-b8bb-4c9f79106d68','e4e8cf3b-ef09-49ee-8d86-0c597a9af336','\0','${role_offline-access}','offline_access','e4e8cf3b-ef09-49ee-8d86-0c597a9af336',NULL,NULL),
('4ff4eac4-95d1-407d-b4ac-3a1d10b6c010','32af28b8-0b36-492c-9e1a-7642db224b3b','','${role_view-profile}','view-profile','fd363fb6-a3fb-495f-b42c-d4a354f0ee78','32af28b8-0b36-492c-9e1a-7642db224b3b',NULL),
('575cda95-e18f-4948-a062-cc3582655cbc','32af28b8-0b36-492c-9e1a-7642db224b3b','','${role_view-applications}','view-applications','fd363fb6-a3fb-495f-b42c-d4a354f0ee78','32af28b8-0b36-492c-9e1a-7642db224b3b',NULL),
('5903663f-d2e6-4ca6-a72a-33caf8d6fdc3','7baa8945-838c-4dd7-969b-8aaebc709d86','','${role_query-realms}','query-realms','fd363fb6-a3fb-495f-b42c-d4a354f0ee78','7baa8945-838c-4dd7-969b-8aaebc709d86',NULL),
('59ebb363-0a16-485a-88df-4acb74f92d32','0a3196e5-b4a3-4a01-81be-66506e7c1601','','${role_view-identity-providers}','view-identity-providers','fd363fb6-a3fb-495f-b42c-d4a354f0ee78','0a3196e5-b4a3-4a01-81be-66506e7c1601',NULL),
('5a6555ab-692b-4868-a45c-96b0c70fb9ce','2f0f7363-8df8-42e4-9c94-1dfeb6f692ab','','${role_view-users}','view-users','e4e8cf3b-ef09-49ee-8d86-0c597a9af336','2f0f7363-8df8-42e4-9c94-1dfeb6f692ab',NULL),
('5b2fb211-1778-4890-8456-d04675270566','7baa8945-838c-4dd7-969b-8aaebc709d86','','${role_manage-events}','manage-events','fd363fb6-a3fb-495f-b42c-d4a354f0ee78','7baa8945-838c-4dd7-969b-8aaebc709d86',NULL),
('5d1f569a-b736-44a1-bd0e-0c3e3b1cf920','7baa8945-838c-4dd7-969b-8aaebc709d86','','${role_manage-realm}','manage-realm','fd363fb6-a3fb-495f-b42c-d4a354f0ee78','7baa8945-838c-4dd7-969b-8aaebc709d86',NULL),
('5ef47564-242f-4aaa-a65d-5ccc6ce79127','7baa8945-838c-4dd7-969b-8aaebc709d86','','${role_view-authorization}','view-authorization','fd363fb6-a3fb-495f-b42c-d4a354f0ee78','7baa8945-838c-4dd7-969b-8aaebc709d86',NULL),
('61b49eba-660a-4f4d-9129-56e092d77918','7baa8945-838c-4dd7-969b-8aaebc709d86','','${role_view-identity-providers}','view-identity-providers','fd363fb6-a3fb-495f-b42c-d4a354f0ee78','7baa8945-838c-4dd7-969b-8aaebc709d86',NULL),
('627a2d88-1bbb-413a-b41e-359e1958926c','e4e8cf3b-ef09-49ee-8d86-0c597a9af336','\0','Must access their ADE\nMust access their courses\nMust access student\'s marks linked to their courses\nMust access ENSSAT\'s news','teacher','e4e8cf3b-ef09-49ee-8d86-0c597a9af336',NULL,NULL),
('64c7a3d4-c251-406d-b181-480626caa097','0a3196e5-b4a3-4a01-81be-66506e7c1601','','${role_manage-events}','manage-events','fd363fb6-a3fb-495f-b42c-d4a354f0ee78','0a3196e5-b4a3-4a01-81be-66506e7c1601',NULL),
('67612f05-7cd8-4ee2-93ad-0ac01cb3564c','e4e8cf3b-ef09-49ee-8d86-0c597a9af336','\0','Must access their ADE\nMust access to their courses\nMust access to their marks\nMust access ENSSAT\'s news','student','e4e8cf3b-ef09-49ee-8d86-0c597a9af336',NULL,NULL),
('6d6d0e42-a26a-4e66-8f37-12da92e352b4','c86da4fb-c3ed-4531-a542-46f4445505af','','${role_view-consent}','view-consent','e4e8cf3b-ef09-49ee-8d86-0c597a9af336','c86da4fb-c3ed-4531-a542-46f4445505af',NULL),
('710b50e3-c763-4ccf-b741-b144804b33df','32af28b8-0b36-492c-9e1a-7642db224b3b','','${role_view-consent}','view-consent','fd363fb6-a3fb-495f-b42c-d4a354f0ee78','32af28b8-0b36-492c-9e1a-7642db224b3b',NULL),
('74353a0f-3bee-41be-933c-96a70d1feddd','32af28b8-0b36-492c-9e1a-7642db224b3b','','${role_manage-consent}','manage-consent','fd363fb6-a3fb-495f-b42c-d4a354f0ee78','32af28b8-0b36-492c-9e1a-7642db224b3b',NULL),
('7daeba35-33d5-4de1-b40e-c15fe6bbb01c','7baa8945-838c-4dd7-969b-8aaebc709d86','','${role_impersonation}','impersonation','fd363fb6-a3fb-495f-b42c-d4a354f0ee78','7baa8945-838c-4dd7-969b-8aaebc709d86',NULL),
('7e91fdce-a960-4e4c-8bd3-104870b3e2b3','2f0f7363-8df8-42e4-9c94-1dfeb6f692ab','','${role_manage-clients}','manage-clients','e4e8cf3b-ef09-49ee-8d86-0c597a9af336','2f0f7363-8df8-42e4-9c94-1dfeb6f692ab',NULL),
('80d45ee2-5885-4380-b1a0-753e65242d18','c86da4fb-c3ed-4531-a542-46f4445505af','','${role_delete-account}','delete-account','e4e8cf3b-ef09-49ee-8d86-0c597a9af336','c86da4fb-c3ed-4531-a542-46f4445505af',NULL),
('87b1f366-7eaa-4dc1-9fc7-1edc256d0240','e4e8cf3b-ef09-49ee-8d86-0c597a9af336','\0','${role_uma_authorization}','uma_authorization','e4e8cf3b-ef09-49ee-8d86-0c597a9af336',NULL,NULL),
('87f7cd11-a73a-4b40-8145-1faa6a99ad27','2f0f7363-8df8-42e4-9c94-1dfeb6f692ab','','${role_query-clients}','query-clients','e4e8cf3b-ef09-49ee-8d86-0c597a9af336','2f0f7363-8df8-42e4-9c94-1dfeb6f692ab',NULL),
('88837618-5f7e-4210-977e-a1f504dc159e','2f0f7363-8df8-42e4-9c94-1dfeb6f692ab','','${role_view-identity-providers}','view-identity-providers','e4e8cf3b-ef09-49ee-8d86-0c597a9af336','2f0f7363-8df8-42e4-9c94-1dfeb6f692ab',NULL),
('8b894cf8-abae-4f9b-9d08-1321ff9a2359','2f0f7363-8df8-42e4-9c94-1dfeb6f692ab','','${role_impersonation}','impersonation','e4e8cf3b-ef09-49ee-8d86-0c597a9af336','2f0f7363-8df8-42e4-9c94-1dfeb6f692ab',NULL),
('8c01c9e4-fd79-45eb-b38b-0698b3d51641','0a3196e5-b4a3-4a01-81be-66506e7c1601','','${role_view-users}','view-users','fd363fb6-a3fb-495f-b42c-d4a354f0ee78','0a3196e5-b4a3-4a01-81be-66506e7c1601',NULL),
('8c9ccd2c-0e24-493b-b62a-a1ecaf84438b','c86da4fb-c3ed-4531-a542-46f4445505af','','${role_view-profile}','view-profile','e4e8cf3b-ef09-49ee-8d86-0c597a9af336','c86da4fb-c3ed-4531-a542-46f4445505af',NULL),
('90993594-f584-4879-a574-91fb1bc90339','0a3196e5-b4a3-4a01-81be-66506e7c1601','','${role_manage-authorization}','manage-authorization','fd363fb6-a3fb-495f-b42c-d4a354f0ee78','0a3196e5-b4a3-4a01-81be-66506e7c1601',NULL),
('946f3263-2533-4704-b473-1a8de9a209e8','fd363fb6-a3fb-495f-b42c-d4a354f0ee78','\0','${role_uma_authorization}','uma_authorization','fd363fb6-a3fb-495f-b42c-d4a354f0ee78',NULL,NULL),
('95b2cfb8-f320-4e38-9d6b-1c1790721056','2f0f7363-8df8-42e4-9c94-1dfeb6f692ab','','${role_view-events}','view-events','e4e8cf3b-ef09-49ee-8d86-0c597a9af336','2f0f7363-8df8-42e4-9c94-1dfeb6f692ab',NULL),
('95b69813-65e3-4171-877b-244efc65a4b5','2f0f7363-8df8-42e4-9c94-1dfeb6f692ab','','${role_view-realm}','view-realm','e4e8cf3b-ef09-49ee-8d86-0c597a9af336','2f0f7363-8df8-42e4-9c94-1dfeb6f692ab',NULL),
('96175189-8573-4c31-aa7f-dd766de6c239','2f0f7363-8df8-42e4-9c94-1dfeb6f692ab','','${role_manage-authorization}','manage-authorization','e4e8cf3b-ef09-49ee-8d86-0c597a9af336','2f0f7363-8df8-42e4-9c94-1dfeb6f692ab',NULL),
('96ccaf2f-fb3f-4044-a68b-f5da084b4d74','7baa8945-838c-4dd7-969b-8aaebc709d86','','${role_query-clients}','query-clients','fd363fb6-a3fb-495f-b42c-d4a354f0ee78','7baa8945-838c-4dd7-969b-8aaebc709d86',NULL),
('97a4c4b9-4180-41e4-91d0-a65db04c0bf2','2f0f7363-8df8-42e4-9c94-1dfeb6f692ab','','${role_create-client}','create-client','e4e8cf3b-ef09-49ee-8d86-0c597a9af336','2f0f7363-8df8-42e4-9c94-1dfeb6f692ab',NULL),
('98953cc5-edc0-49be-9c1c-a5b0d6db5e43','0a3196e5-b4a3-4a01-81be-66506e7c1601','','${role_manage-users}','manage-users','fd363fb6-a3fb-495f-b42c-d4a354f0ee78','0a3196e5-b4a3-4a01-81be-66506e7c1601',NULL),
('9a61474a-1b60-4e12-b0cb-b5f24c6ed939','2a000127-367e-4f1a-9763-aa1ece5bae6f','','${role_read-token}','read-token','e4e8cf3b-ef09-49ee-8d86-0c597a9af336','2a000127-367e-4f1a-9763-aa1ece5bae6f',NULL),
('9a618968-e06f-476f-a649-1a7436c30d84','fd363fb6-a3fb-495f-b42c-d4a354f0ee78','\0','${role_default-roles}','default-roles-master','fd363fb6-a3fb-495f-b42c-d4a354f0ee78',NULL,NULL),
('9dd2c629-9d94-44af-8187-c8ab5da89c8a','fd363fb6-a3fb-495f-b42c-d4a354f0ee78','\0','${role_offline-access}','offline_access','fd363fb6-a3fb-495f-b42c-d4a354f0ee78',NULL,NULL),
('9e767e35-50c9-405e-b7a9-02bfa81c5114','32af28b8-0b36-492c-9e1a-7642db224b3b','','${role_delete-account}','delete-account','fd363fb6-a3fb-495f-b42c-d4a354f0ee78','32af28b8-0b36-492c-9e1a-7642db224b3b',NULL),
('a19f5855-1f9b-4634-a934-d46554600f3a','7baa8945-838c-4dd7-969b-8aaebc709d86','','${role_query-users}','query-users','fd363fb6-a3fb-495f-b42c-d4a354f0ee78','7baa8945-838c-4dd7-969b-8aaebc709d86',NULL),
('a47ff19a-845f-41f4-816c-604e9af49e43','0a3196e5-b4a3-4a01-81be-66506e7c1601','','${role_view-events}','view-events','fd363fb6-a3fb-495f-b42c-d4a354f0ee78','0a3196e5-b4a3-4a01-81be-66506e7c1601',NULL),
('a567ee87-87ab-4b28-bda0-b10c9b19eec2','0a3196e5-b4a3-4a01-81be-66506e7c1601','','${role_manage-clients}','manage-clients','fd363fb6-a3fb-495f-b42c-d4a354f0ee78','0a3196e5-b4a3-4a01-81be-66506e7c1601',NULL),
('a667765f-486e-4989-ab56-b163c770fae4','2f0f7363-8df8-42e4-9c94-1dfeb6f692ab','','${role_query-users}','query-users','e4e8cf3b-ef09-49ee-8d86-0c597a9af336','2f0f7363-8df8-42e4-9c94-1dfeb6f692ab',NULL),
('a824b66c-166d-43c9-88bc-14e6b46f0f63','0a3196e5-b4a3-4a01-81be-66506e7c1601','','${role_query-clients}','query-clients','fd363fb6-a3fb-495f-b42c-d4a354f0ee78','0a3196e5-b4a3-4a01-81be-66506e7c1601',NULL),
('a85d0e83-5485-4fb1-952b-e5223226f77a','c86da4fb-c3ed-4531-a542-46f4445505af','','${role_manage-account}','manage-account','e4e8cf3b-ef09-49ee-8d86-0c597a9af336','c86da4fb-c3ed-4531-a542-46f4445505af',NULL),
('a9449fe6-1fed-4572-bab9-fa3262571623','2cae3ab4-12ce-4da4-81da-f319887f71ad','','${role_read-token}','read-token','fd363fb6-a3fb-495f-b42c-d4a354f0ee78','2cae3ab4-12ce-4da4-81da-f319887f71ad',NULL),
('adf8b90e-90dd-4ec4-977b-d79b7e0c2f94','0a3196e5-b4a3-4a01-81be-66506e7c1601','','${role_view-realm}','view-realm','fd363fb6-a3fb-495f-b42c-d4a354f0ee78','0a3196e5-b4a3-4a01-81be-66506e7c1601',NULL),
('ae01628e-93a6-4879-8ed1-db5f5df468d7','c86da4fb-c3ed-4531-a542-46f4445505af','','${role_view-groups}','view-groups','e4e8cf3b-ef09-49ee-8d86-0c597a9af336','c86da4fb-c3ed-4531-a542-46f4445505af',NULL),
('b1641724-47bb-4f7d-91ff-8e51b38a277c','2f0f7363-8df8-42e4-9c94-1dfeb6f692ab','','${role_view-authorization}','view-authorization','e4e8cf3b-ef09-49ee-8d86-0c597a9af336','2f0f7363-8df8-42e4-9c94-1dfeb6f692ab',NULL),
('b49b6028-28e8-4913-88d2-8db575e5f1cf','0a3196e5-b4a3-4a01-81be-66506e7c1601','','${role_query-groups}','query-groups','fd363fb6-a3fb-495f-b42c-d4a354f0ee78','0a3196e5-b4a3-4a01-81be-66506e7c1601',NULL),
('bf331dbb-1fb5-4c60-8673-2eb00efed0e4','2f0f7363-8df8-42e4-9c94-1dfeb6f692ab','','${role_realm-admin}','realm-admin','e4e8cf3b-ef09-49ee-8d86-0c597a9af336','2f0f7363-8df8-42e4-9c94-1dfeb6f692ab',NULL),
('c2f33380-dbd5-44a8-887e-d4d3083535cf','0a3196e5-b4a3-4a01-81be-66506e7c1601','','${role_manage-realm}','manage-realm','fd363fb6-a3fb-495f-b42c-d4a354f0ee78','0a3196e5-b4a3-4a01-81be-66506e7c1601',NULL),
('c7c891be-11c3-4be0-8055-3909f91f97a3','0a3196e5-b4a3-4a01-81be-66506e7c1601','','${role_view-authorization}','view-authorization','fd363fb6-a3fb-495f-b42c-d4a354f0ee78','0a3196e5-b4a3-4a01-81be-66506e7c1601',NULL),
('cd4b18d5-850e-485f-aaff-22604c332e0e','e4e8cf3b-ef09-49ee-8d86-0c597a9af336','\0','must access all marks for all students\nmust be able to read evaluation tickets system\nmust CRUD relation tutor-supervisor-student','apprenticeship-manager','e4e8cf3b-ef09-49ee-8d86-0c597a9af336',NULL,NULL),
('d1d045f3-de19-4b68-8ca8-5456c8eb286a','e4e8cf3b-ef09-49ee-8d86-0c597a9af336','\0','must access news manager pages : must be able to CRUD ENSSAT\'s news','news-manager','e4e8cf3b-ef09-49ee-8d86-0c597a9af336',NULL,NULL),
('d425d3a4-2042-4ef2-9471-0ef75747f7fe','7baa8945-838c-4dd7-969b-8aaebc709d86','','${role_manage-users}','manage-users','fd363fb6-a3fb-495f-b42c-d4a354f0ee78','7baa8945-838c-4dd7-969b-8aaebc709d86',NULL),
('d6b845b8-7314-4762-81c4-c25058f81566','2f0f7363-8df8-42e4-9c94-1dfeb6f692ab','','${role_manage-realm}','manage-realm','e4e8cf3b-ef09-49ee-8d86-0c597a9af336','2f0f7363-8df8-42e4-9c94-1dfeb6f692ab',NULL),
('dc3c21d6-3604-487b-a860-6975264f15d1','c86da4fb-c3ed-4531-a542-46f4445505af','','${role_view-applications}','view-applications','e4e8cf3b-ef09-49ee-8d86-0c597a9af336','c86da4fb-c3ed-4531-a542-46f4445505af',NULL),
('e0b7402d-0d15-40c0-aa1f-5c68a6e5ced2','fd363fb6-a3fb-495f-b42c-d4a354f0ee78','\0','${role_admin}','admin','fd363fb6-a3fb-495f-b42c-d4a354f0ee78',NULL,NULL),
('e69dffa8-b058-41a5-ac7f-293ba0b54afc','32af28b8-0b36-492c-9e1a-7642db224b3b','','${role_manage-account}','manage-account','fd363fb6-a3fb-495f-b42c-d4a354f0ee78','32af28b8-0b36-492c-9e1a-7642db224b3b',NULL),
('f2b8d7d5-25a5-4207-94fe-b3f94cded2d7','2f0f7363-8df8-42e4-9c94-1dfeb6f692ab','','${role_manage-users}','manage-users','e4e8cf3b-ef09-49ee-8d86-0c597a9af336','2f0f7363-8df8-42e4-9c94-1dfeb6f692ab',NULL),
('faf6d36e-17cc-4dc8-930d-588533eba03a','0a3196e5-b4a3-4a01-81be-66506e7c1601','','${role_create-client}','create-client','fd363fb6-a3fb-495f-b42c-d4a354f0ee78','0a3196e5-b4a3-4a01-81be-66506e7c1601',NULL);
/*!40000 ALTER TABLE `KEYCLOAK_ROLE` ENABLE KEYS */;
UNLOCK TABLES;

--
-- Table structure for table `MIGRATION_MODEL`
--

DROP TABLE IF EXISTS `MIGRATION_MODEL`;
/*!40101 SET @saved_cs_client     = @@character_set_client */;
/*!40101 SET character_set_client = utf8 */;
CREATE TABLE `MIGRATION_MODEL` (
  `ID` varchar(36) NOT NULL,
  `VERSION` varchar(36) DEFAULT NULL,
  `UPDATE_TIME` bigint(20) NOT NULL DEFAULT 0,
  PRIMARY KEY (`ID`),
  KEY `IDX_UPDATE_TIME` (`UPDATE_TIME`)
) ENGINE=InnoDB DEFAULT CHARSET=utf8mb4 COLLATE=utf8mb4_general_ci;
/*!40101 SET character_set_client = @saved_cs_client */;

--
-- Dumping data for table `MIGRATION_MODEL`
--

LOCK TABLES `MIGRATION_MODEL` WRITE;
/*!40000 ALTER TABLE `MIGRATION_MODEL` DISABLE KEYS */;
INSERT INTO `MIGRATION_MODEL` VALUES
('lph1y','22.0.4',1698069025),
('wq5lb','22.0.5',1698150773);
/*!40000 ALTER TABLE `MIGRATION_MODEL` ENABLE KEYS */;
UNLOCK TABLES;

--
-- Table structure for table `OFFLINE_CLIENT_SESSION`
--

DROP TABLE IF EXISTS `OFFLINE_CLIENT_SESSION`;
/*!40101 SET @saved_cs_client     = @@character_set_client */;
/*!40101 SET character_set_client = utf8 */;
CREATE TABLE `OFFLINE_CLIENT_SESSION` (
  `USER_SESSION_ID` varchar(36) NOT NULL,
  `CLIENT_ID` varchar(255) NOT NULL,
  `OFFLINE_FLAG` varchar(4) NOT NULL,
  `TIMESTAMP` int(11) DEFAULT NULL,
  `DATA` longtext DEFAULT NULL,
  `CLIENT_STORAGE_PROVIDER` varchar(36) NOT NULL DEFAULT 'local',
  `EXTERNAL_CLIENT_ID` varchar(255) NOT NULL DEFAULT 'local',
  PRIMARY KEY (`USER_SESSION_ID`,`CLIENT_ID`,`CLIENT_STORAGE_PROVIDER`,`EXTERNAL_CLIENT_ID`,`OFFLINE_FLAG`),
  KEY `IDX_US_SESS_ID_ON_CL_SESS` (`USER_SESSION_ID`),
  KEY `IDX_OFFLINE_CSS_PRELOAD` (`CLIENT_ID`,`OFFLINE_FLAG`)
) ENGINE=InnoDB DEFAULT CHARSET=utf8mb4 COLLATE=utf8mb4_general_ci;
/*!40101 SET character_set_client = @saved_cs_client */;

--
-- Dumping data for table `OFFLINE_CLIENT_SESSION`
--

LOCK TABLES `OFFLINE_CLIENT_SESSION` WRITE;
/*!40000 ALTER TABLE `OFFLINE_CLIENT_SESSION` DISABLE KEYS */;
/*!40000 ALTER TABLE `OFFLINE_CLIENT_SESSION` ENABLE KEYS */;
UNLOCK TABLES;

--
-- Table structure for table `OFFLINE_USER_SESSION`
--

DROP TABLE IF EXISTS `OFFLINE_USER_SESSION`;
/*!40101 SET @saved_cs_client     = @@character_set_client */;
/*!40101 SET character_set_client = utf8 */;
CREATE TABLE `OFFLINE_USER_SESSION` (
  `USER_SESSION_ID` varchar(36) NOT NULL,
  `USER_ID` varchar(255) DEFAULT NULL,
  `REALM_ID` varchar(36) NOT NULL,
  `CREATED_ON` int(11) NOT NULL,
  `OFFLINE_FLAG` varchar(4) NOT NULL,
  `DATA` longtext DEFAULT NULL,
  `LAST_SESSION_REFRESH` int(11) NOT NULL DEFAULT 0,
  PRIMARY KEY (`USER_SESSION_ID`,`OFFLINE_FLAG`),
  KEY `IDX_OFFLINE_USS_CREATEDON` (`CREATED_ON`),
  KEY `IDX_OFFLINE_USS_PRELOAD` (`OFFLINE_FLAG`,`CREATED_ON`,`USER_SESSION_ID`),
  KEY `IDX_OFFLINE_USS_BY_USER` (`USER_ID`,`REALM_ID`,`OFFLINE_FLAG`),
  KEY `IDX_OFFLINE_USS_BY_USERSESS` (`REALM_ID`,`OFFLINE_FLAG`,`USER_SESSION_ID`)
) ENGINE=InnoDB DEFAULT CHARSET=utf8mb4 COLLATE=utf8mb4_general_ci;
/*!40101 SET character_set_client = @saved_cs_client */;

--
-- Dumping data for table `OFFLINE_USER_SESSION`
--

LOCK TABLES `OFFLINE_USER_SESSION` WRITE;
/*!40000 ALTER TABLE `OFFLINE_USER_SESSION` DISABLE KEYS */;
/*!40000 ALTER TABLE `OFFLINE_USER_SESSION` ENABLE KEYS */;
UNLOCK TABLES;

--
-- Table structure for table `POLICY_CONFIG`
--

DROP TABLE IF EXISTS `POLICY_CONFIG`;
/*!40101 SET @saved_cs_client     = @@character_set_client */;
/*!40101 SET character_set_client = utf8 */;
CREATE TABLE `POLICY_CONFIG` (
  `POLICY_ID` varchar(36) NOT NULL,
  `NAME` varchar(255) NOT NULL,
  `VALUE` longtext DEFAULT NULL,
  PRIMARY KEY (`POLICY_ID`,`NAME`),
  CONSTRAINT `FKDC34197CF864C4E43` FOREIGN KEY (`POLICY_ID`) REFERENCES `RESOURCE_SERVER_POLICY` (`ID`)
) ENGINE=InnoDB DEFAULT CHARSET=utf8mb4 COLLATE=utf8mb4_general_ci;
/*!40101 SET character_set_client = @saved_cs_client */;

--
-- Dumping data for table `POLICY_CONFIG`
--

LOCK TABLES `POLICY_CONFIG` WRITE;
/*!40000 ALTER TABLE `POLICY_CONFIG` DISABLE KEYS */;
/*!40000 ALTER TABLE `POLICY_CONFIG` ENABLE KEYS */;
UNLOCK TABLES;

--
-- Table structure for table `PROTOCOL_MAPPER`
--

DROP TABLE IF EXISTS `PROTOCOL_MAPPER`;
/*!40101 SET @saved_cs_client     = @@character_set_client */;
/*!40101 SET character_set_client = utf8 */;
CREATE TABLE `PROTOCOL_MAPPER` (
  `ID` varchar(36) NOT NULL,
  `NAME` varchar(255) NOT NULL,
  `PROTOCOL` varchar(255) NOT NULL,
  `PROTOCOL_MAPPER_NAME` varchar(255) NOT NULL,
  `CLIENT_ID` varchar(36) DEFAULT NULL,
  `CLIENT_SCOPE_ID` varchar(36) DEFAULT NULL,
  PRIMARY KEY (`ID`),
  KEY `IDX_PROTOCOL_MAPPER_CLIENT` (`CLIENT_ID`),
  KEY `IDX_CLSCOPE_PROTMAP` (`CLIENT_SCOPE_ID`),
  CONSTRAINT `FK_CLI_SCOPE_MAPPER` FOREIGN KEY (`CLIENT_SCOPE_ID`) REFERENCES `CLIENT_SCOPE` (`ID`),
  CONSTRAINT `FK_PCM_REALM` FOREIGN KEY (`CLIENT_ID`) REFERENCES `CLIENT` (`ID`)
) ENGINE=InnoDB DEFAULT CHARSET=utf8mb4 COLLATE=utf8mb4_general_ci;
/*!40101 SET character_set_client = @saved_cs_client */;

--
-- Dumping data for table `PROTOCOL_MAPPER`
--

LOCK TABLES `PROTOCOL_MAPPER` WRITE;
/*!40000 ALTER TABLE `PROTOCOL_MAPPER` DISABLE KEYS */;
INSERT INTO `PROTOCOL_MAPPER` VALUES
('003206f7-fa7e-41a3-932d-42e460eb2640','locale','openid-connect','oidc-usermodel-attribute-mapper',NULL,'b403a5ac-aa8f-4678-b17b-f88287830743'),
('06d06ae7-ae00-4310-b65e-2e9a8f831254','website','openid-connect','oidc-usermodel-attribute-mapper',NULL,'b403a5ac-aa8f-4678-b17b-f88287830743'),
('0a6edf6a-117a-4d0f-a05e-eaee1154f9f2','upn','openid-connect','oidc-usermodel-attribute-mapper',NULL,'813b41a0-a539-45b5-b9c5-795586e8d6f2'),
('0d317093-550f-4112-a3a1-8f5cc8cee28f','zoneinfo','openid-connect','oidc-usermodel-attribute-mapper',NULL,'b403a5ac-aa8f-4678-b17b-f88287830743'),
('0e47601c-10c7-4fb6-bcc4-3aee9efef4d5','nickname','openid-connect','oidc-usermodel-attribute-mapper',NULL,'dbaad53d-c077-4ee1-8d9c-c89bf85eabb2'),
('1386b5a8-bde1-4bde-bfd1-1f246540e03b','given name','openid-connect','oidc-usermodel-attribute-mapper',NULL,'dbaad53d-c077-4ee1-8d9c-c89bf85eabb2'),
('1412aabd-77d2-43bd-bcaf-6d7eb57f4d58','phone number verified','openid-connect','oidc-usermodel-attribute-mapper',NULL,'506b2c33-a865-495f-82fc-cfd4b42194bd'),
('154c8fd2-69fa-42f6-be3a-e6d63ca61793','birthdate','openid-connect','oidc-usermodel-attribute-mapper',NULL,'b403a5ac-aa8f-4678-b17b-f88287830743'),
('17bb57ae-281b-4d71-aa3b-922d1bffecad','address','openid-connect','oidc-address-mapper',NULL,'edf95164-ccad-475b-937e-ccb50969bc20'),
('1f92e405-ac12-44d9-9c37-4fd67fb6886b','Client ID','openid-connect','oidc-usersessionmodel-note-mapper','d058fa38-9df4-4ee9-9bfa-902923b6ae32',NULL),
('2dc495d7-6848-4f85-8737-399e0bd35024','allowed web origins','openid-connect','oidc-allowed-origins-mapper',NULL,'e1ae110f-45f5-4390-9674-903b46a84a0c'),
('325dc7e8-c2a5-4db3-bfe1-633e628bdf83','email verified','openid-connect','oidc-usermodel-property-mapper',NULL,'24193d61-1d4f-4be6-840a-c1b547fe5734'),
('32739fa7-20be-493b-a93e-dddeae328b9a','locale','openid-connect','oidc-usermodel-attribute-mapper','961da279-7d3a-4ac3-9f1a-8571df95991e',NULL),
('360ba0cd-975b-4d73-96e6-0943f326bbe1','username','openid-connect','oidc-usermodel-attribute-mapper',NULL,'dbaad53d-c077-4ee1-8d9c-c89bf85eabb2'),
('37a7ea0b-d758-48c8-8720-e2218a690c85','updated at','openid-connect','oidc-usermodel-attribute-mapper',NULL,'dbaad53d-c077-4ee1-8d9c-c89bf85eabb2'),
('3c1fd499-588f-4e15-8eb8-c06e006a96ae','full name','openid-connect','oidc-full-name-mapper',NULL,'b403a5ac-aa8f-4678-b17b-f88287830743'),
('3c74a3e6-beac-4373-b901-58936049f43a','audience resolve','openid-connect','oidc-audience-resolve-mapper','ce1b677c-0648-44a2-916b-8b28e35ea7d2',NULL),
('46bdd199-5414-44d7-9b31-7875e320075f','locale','openid-connect','oidc-usermodel-attribute-mapper','2ff56ff8-2a42-407a-849e-04ae436e49e6',NULL),
('4a91bf8d-e3b7-4566-b1f1-dca28695cb4d','groups','openid-connect','oidc-usermodel-realm-role-mapper',NULL,'813b41a0-a539-45b5-b9c5-795586e8d6f2'),
('4db51bfe-f2ce-4cf6-8a35-1af51b1dec2f','website','openid-connect','oidc-usermodel-attribute-mapper',NULL,'dbaad53d-c077-4ee1-8d9c-c89bf85eabb2'),
('51beb700-e317-4691-a352-4e6fbf98270c','acr loa level','openid-connect','oidc-acr-mapper',NULL,'0c7b2fb3-14f9-4cf7-a129-afa40bca84af'),
('589161a7-cd5f-4b27-a488-f235d0cb78c6','upn','openid-connect','oidc-usermodel-attribute-mapper',NULL,'01736c2f-1d9f-4d50-86cd-6412c6763dfb'),
('5893f635-3d8e-41e2-ba0d-d20aea3335a9','zoneinfo','openid-connect','oidc-usermodel-attribute-mapper',NULL,'dbaad53d-c077-4ee1-8d9c-c89bf85eabb2'),
('58ace936-f328-4d69-ac8b-c7f7fb564939','birthdate','openid-connect','oidc-usermodel-attribute-mapper',NULL,'dbaad53d-c077-4ee1-8d9c-c89bf85eabb2'),
('5e62526a-3d29-4791-8079-41480be26fe6','picture','openid-connect','oidc-usermodel-attribute-mapper',NULL,'dbaad53d-c077-4ee1-8d9c-c89bf85eabb2'),
('60b63a1a-13d8-4639-9e14-72613bd8e62c','phone number','openid-connect','oidc-usermodel-attribute-mapper',NULL,'506b2c33-a865-495f-82fc-cfd4b42194bd'),
('6747e553-481b-415b-a956-10d3f36828a3','profile','openid-connect','oidc-usermodel-attribute-mapper',NULL,'dbaad53d-c077-4ee1-8d9c-c89bf85eabb2'),
('69224a49-adf4-4410-861b-62299e224dfa','middle name','openid-connect','oidc-usermodel-attribute-mapper',NULL,'dbaad53d-c077-4ee1-8d9c-c89bf85eabb2'),
('69a1b9f6-e181-477f-80c2-445b1797a5d0','Client Host','openid-connect','oidc-usersessionmodel-note-mapper','d058fa38-9df4-4ee9-9bfa-902923b6ae32',NULL),
('6a13bab2-088e-4ac6-8fb0-ab92c3276b83','groups','openid-connect','oidc-usermodel-realm-role-mapper',NULL,'01736c2f-1d9f-4d50-86cd-6412c6763dfb'),
('728ba66c-2225-437b-b834-d926f123f4ab','nickname','openid-connect','oidc-usermodel-attribute-mapper',NULL,'b403a5ac-aa8f-4678-b17b-f88287830743'),
('735639fe-452a-4397-8c28-ecf949894e9c','phone number verified','openid-connect','oidc-usermodel-attribute-mapper',NULL,'8b2ebbbc-2777-4525-986f-d99e34c33d13'),
('78088310-ff33-4cc1-b5da-36c8469a733b','email verified','openid-connect','oidc-usermodel-property-mapper',NULL,'79077b84-42ff-4a67-94a6-1704d8329b1c'),
('78eca3fa-09d3-4694-9fa7-819af7888333','Client IP Address','openid-connect','oidc-usersessionmodel-note-mapper','d058fa38-9df4-4ee9-9bfa-902923b6ae32',NULL),
('7d8e62c5-a8f8-4103-85f5-ac2e505dc521','realm roles','openid-connect','oidc-usermodel-realm-role-mapper',NULL,'1f059711-8f73-43b7-835b-f1bbe2177999'),
('8206f0f4-0e5e-4dda-befc-055d9e0b54df','realm roles','openid-connect','oidc-usermodel-realm-role-mapper',NULL,'2d478691-8b5b-4856-8fd0-d09017fb14f1'),
('8edf185b-3ea3-4ed3-ae25-3795f9922202','full name','openid-connect','oidc-full-name-mapper',NULL,'dbaad53d-c077-4ee1-8d9c-c89bf85eabb2'),
('9148dd15-5345-4664-943f-942b7574a51d','audience resolve','openid-connect','oidc-audience-resolve-mapper',NULL,'2d478691-8b5b-4856-8fd0-d09017fb14f1'),
('91e45fef-dd62-4888-a342-3b3d1528fc25','picture','openid-connect','oidc-usermodel-attribute-mapper',NULL,'b403a5ac-aa8f-4678-b17b-f88287830743'),
('93cdef01-c56b-4c81-a19d-1542f465e850','locale','openid-connect','oidc-usermodel-attribute-mapper',NULL,'dbaad53d-c077-4ee1-8d9c-c89bf85eabb2'),
('9733a3ea-71de-4d63-8573-2865aa750fc9','role list','saml','saml-role-list-mapper',NULL,'f6f704ff-711a-470a-80f4-c44b91021d89'),
('a2362eaf-526f-4c01-a214-d35e77f86d43','family name','openid-connect','oidc-usermodel-attribute-mapper',NULL,'dbaad53d-c077-4ee1-8d9c-c89bf85eabb2'),
('a31b8989-8e26-4a34-ba45-e5d1ffb75982','family name','openid-connect','oidc-usermodel-attribute-mapper',NULL,'b403a5ac-aa8f-4678-b17b-f88287830743'),
('a898a161-0fd7-471b-a767-bcbfaf22f007','updated at','openid-connect','oidc-usermodel-attribute-mapper',NULL,'b403a5ac-aa8f-4678-b17b-f88287830743'),
('acf83e39-330f-454e-934e-3843d8b92a3c','gender','openid-connect','oidc-usermodel-attribute-mapper',NULL,'dbaad53d-c077-4ee1-8d9c-c89bf85eabb2'),
('b726e3ad-33bd-4bf6-804c-741fc5f87f46','middle name','openid-connect','oidc-usermodel-attribute-mapper',NULL,'b403a5ac-aa8f-4678-b17b-f88287830743'),
('b96df8b9-e86f-447f-9879-d015ff3d4d74','profile','openid-connect','oidc-usermodel-attribute-mapper',NULL,'b403a5ac-aa8f-4678-b17b-f88287830743'),
('bbbb4d49-c049-46b6-b960-c3e903a8e3f7','gender','openid-connect','oidc-usermodel-attribute-mapper',NULL,'b403a5ac-aa8f-4678-b17b-f88287830743'),
('c0a9be3f-6de1-4163-b821-85e93a417ea1','client roles','openid-connect','oidc-usermodel-client-role-mapper',NULL,'1f059711-8f73-43b7-835b-f1bbe2177999'),
('c4860549-b008-4f26-931e-a3503c71c160','address','openid-connect','oidc-address-mapper',NULL,'a91a8967-0db0-4207-b80e-9056e42ea581'),
('c6e907cd-e1cb-4c14-8c79-6106b57b6f6c','username','openid-connect','oidc-usermodel-attribute-mapper',NULL,'b403a5ac-aa8f-4678-b17b-f88287830743'),
('e2af7dd8-e07f-447a-b688-5eae341f1626','role list','saml','saml-role-list-mapper',NULL,'60a9d6eb-04f0-4a0d-881d-115aa66255d2'),
('eb3e538f-1bd5-42c1-8358-fcc3cd29be3a','email','openid-connect','oidc-usermodel-attribute-mapper',NULL,'79077b84-42ff-4a67-94a6-1704d8329b1c'),
('ee9d1654-e4f7-48e8-a625-4697fa88d84f','client roles','openid-connect','oidc-usermodel-client-role-mapper',NULL,'2d478691-8b5b-4856-8fd0-d09017fb14f1'),
('ef3e77e2-e246-41a8-b06a-3744c07d0de1','audience resolve','openid-connect','oidc-audience-resolve-mapper','4bc080f8-df76-48e5-b00f-53c6c5d9ddbc',NULL),
('f3f9f74c-2c49-4577-8810-e8f860393e7f','acr loa level','openid-connect','oidc-acr-mapper',NULL,'596176ed-3d91-4528-82e6-a21db70dd4ba'),
('f7589f54-719e-4f15-8d53-6ca1cea67acd','email','openid-connect','oidc-usermodel-attribute-mapper',NULL,'24193d61-1d4f-4be6-840a-c1b547fe5734'),
('f84597a3-68b5-406e-b41e-3607403e2487','audience resolve','openid-connect','oidc-audience-resolve-mapper',NULL,'1f059711-8f73-43b7-835b-f1bbe2177999'),
('f916000d-2572-42ae-9326-d1fb2360ce54','phone number','openid-connect','oidc-usermodel-attribute-mapper',NULL,'8b2ebbbc-2777-4525-986f-d99e34c33d13'),
('fa32d841-d731-4bea-97f8-2a9c23646d46','given name','openid-connect','oidc-usermodel-attribute-mapper',NULL,'b403a5ac-aa8f-4678-b17b-f88287830743'),
('fb5719c7-ed02-42bb-b69d-46c3468f9fc2','group membership','openid-connect','oidc-group-membership-mapper',NULL,'b403a5ac-aa8f-4678-b17b-f88287830743'),
('fce707c1-aec9-4643-9d44-621f5becdfc4','allowed web origins','openid-connect','oidc-allowed-origins-mapper',NULL,'ba2beb70-dd6b-40c6-bc61-2accfafa6539');
/*!40000 ALTER TABLE `PROTOCOL_MAPPER` ENABLE KEYS */;
UNLOCK TABLES;

--
-- Table structure for table `PROTOCOL_MAPPER_CONFIG`
--

DROP TABLE IF EXISTS `PROTOCOL_MAPPER_CONFIG`;
/*!40101 SET @saved_cs_client     = @@character_set_client */;
/*!40101 SET character_set_client = utf8 */;
CREATE TABLE `PROTOCOL_MAPPER_CONFIG` (
  `PROTOCOL_MAPPER_ID` varchar(36) NOT NULL,
  `VALUE` longtext DEFAULT NULL,
  `NAME` varchar(255) NOT NULL,
  PRIMARY KEY (`PROTOCOL_MAPPER_ID`,`NAME`),
  CONSTRAINT `FK_PMCONFIG` FOREIGN KEY (`PROTOCOL_MAPPER_ID`) REFERENCES `PROTOCOL_MAPPER` (`ID`)
) ENGINE=InnoDB DEFAULT CHARSET=utf8mb4 COLLATE=utf8mb4_general_ci;
/*!40101 SET character_set_client = @saved_cs_client */;

--
-- Dumping data for table `PROTOCOL_MAPPER_CONFIG`
--

LOCK TABLES `PROTOCOL_MAPPER_CONFIG` WRITE;
/*!40000 ALTER TABLE `PROTOCOL_MAPPER_CONFIG` DISABLE KEYS */;
INSERT INTO `PROTOCOL_MAPPER_CONFIG` VALUES
('003206f7-fa7e-41a3-932d-42e460eb2640','true','access.token.claim'),
('003206f7-fa7e-41a3-932d-42e460eb2640','locale','claim.name'),
('003206f7-fa7e-41a3-932d-42e460eb2640','true','id.token.claim'),
('003206f7-fa7e-41a3-932d-42e460eb2640','String','jsonType.label'),
('003206f7-fa7e-41a3-932d-42e460eb2640','locale','user.attribute'),
('003206f7-fa7e-41a3-932d-42e460eb2640','true','userinfo.token.claim'),
('06d06ae7-ae00-4310-b65e-2e9a8f831254','true','access.token.claim'),
('06d06ae7-ae00-4310-b65e-2e9a8f831254','website','claim.name'),
('06d06ae7-ae00-4310-b65e-2e9a8f831254','true','id.token.claim'),
('06d06ae7-ae00-4310-b65e-2e9a8f831254','String','jsonType.label'),
('06d06ae7-ae00-4310-b65e-2e9a8f831254','website','user.attribute'),
('06d06ae7-ae00-4310-b65e-2e9a8f831254','true','userinfo.token.claim'),
('0a6edf6a-117a-4d0f-a05e-eaee1154f9f2','true','access.token.claim'),
('0a6edf6a-117a-4d0f-a05e-eaee1154f9f2','upn','claim.name'),
('0a6edf6a-117a-4d0f-a05e-eaee1154f9f2','true','id.token.claim'),
('0a6edf6a-117a-4d0f-a05e-eaee1154f9f2','String','jsonType.label'),
('0a6edf6a-117a-4d0f-a05e-eaee1154f9f2','username','user.attribute'),
('0a6edf6a-117a-4d0f-a05e-eaee1154f9f2','true','userinfo.token.claim'),
('0d317093-550f-4112-a3a1-8f5cc8cee28f','true','access.token.claim'),
('0d317093-550f-4112-a3a1-8f5cc8cee28f','zoneinfo','claim.name'),
('0d317093-550f-4112-a3a1-8f5cc8cee28f','true','id.token.claim'),
('0d317093-550f-4112-a3a1-8f5cc8cee28f','String','jsonType.label'),
('0d317093-550f-4112-a3a1-8f5cc8cee28f','zoneinfo','user.attribute'),
('0d317093-550f-4112-a3a1-8f5cc8cee28f','true','userinfo.token.claim'),
('0e47601c-10c7-4fb6-bcc4-3aee9efef4d5','true','access.token.claim'),
('0e47601c-10c7-4fb6-bcc4-3aee9efef4d5','nickname','claim.name'),
('0e47601c-10c7-4fb6-bcc4-3aee9efef4d5','true','id.token.claim'),
('0e47601c-10c7-4fb6-bcc4-3aee9efef4d5','String','jsonType.label'),
('0e47601c-10c7-4fb6-bcc4-3aee9efef4d5','nickname','user.attribute'),
('0e47601c-10c7-4fb6-bcc4-3aee9efef4d5','true','userinfo.token.claim'),
('1386b5a8-bde1-4bde-bfd1-1f246540e03b','true','access.token.claim'),
('1386b5a8-bde1-4bde-bfd1-1f246540e03b','given_name','claim.name'),
('1386b5a8-bde1-4bde-bfd1-1f246540e03b','true','id.token.claim'),
('1386b5a8-bde1-4bde-bfd1-1f246540e03b','String','jsonType.label'),
('1386b5a8-bde1-4bde-bfd1-1f246540e03b','firstName','user.attribute'),
('1386b5a8-bde1-4bde-bfd1-1f246540e03b','true','userinfo.token.claim'),
('1412aabd-77d2-43bd-bcaf-6d7eb57f4d58','true','access.token.claim'),
('1412aabd-77d2-43bd-bcaf-6d7eb57f4d58','phone_number_verified','claim.name'),
('1412aabd-77d2-43bd-bcaf-6d7eb57f4d58','true','id.token.claim'),
('1412aabd-77d2-43bd-bcaf-6d7eb57f4d58','boolean','jsonType.label'),
('1412aabd-77d2-43bd-bcaf-6d7eb57f4d58','phoneNumberVerified','user.attribute'),
('1412aabd-77d2-43bd-bcaf-6d7eb57f4d58','true','userinfo.token.claim'),
('154c8fd2-69fa-42f6-be3a-e6d63ca61793','true','access.token.claim'),
('154c8fd2-69fa-42f6-be3a-e6d63ca61793','birthdate','claim.name'),
('154c8fd2-69fa-42f6-be3a-e6d63ca61793','true','id.token.claim'),
('154c8fd2-69fa-42f6-be3a-e6d63ca61793','String','jsonType.label'),
('154c8fd2-69fa-42f6-be3a-e6d63ca61793','birthdate','user.attribute'),
('154c8fd2-69fa-42f6-be3a-e6d63ca61793','true','userinfo.token.claim'),
('17bb57ae-281b-4d71-aa3b-922d1bffecad','true','access.token.claim'),
('17bb57ae-281b-4d71-aa3b-922d1bffecad','true','id.token.claim'),
('17bb57ae-281b-4d71-aa3b-922d1bffecad','country','user.attribute.country'),
('17bb57ae-281b-4d71-aa3b-922d1bffecad','formatted','user.attribute.formatted'),
('17bb57ae-281b-4d71-aa3b-922d1bffecad','locality','user.attribute.locality'),
('17bb57ae-281b-4d71-aa3b-922d1bffecad','postal_code','user.attribute.postal_code'),
('17bb57ae-281b-4d71-aa3b-922d1bffecad','region','user.attribute.region'),
('17bb57ae-281b-4d71-aa3b-922d1bffecad','street','user.attribute.street'),
('17bb57ae-281b-4d71-aa3b-922d1bffecad','true','userinfo.token.claim'),
('1f92e405-ac12-44d9-9c37-4fd67fb6886b','true','access.token.claim'),
('1f92e405-ac12-44d9-9c37-4fd67fb6886b','client_id','claim.name'),
('1f92e405-ac12-44d9-9c37-4fd67fb6886b','true','id.token.claim'),
('1f92e405-ac12-44d9-9c37-4fd67fb6886b','String','jsonType.label'),
('1f92e405-ac12-44d9-9c37-4fd67fb6886b','client_id','user.session.note'),
('325dc7e8-c2a5-4db3-bfe1-633e628bdf83','true','access.token.claim'),
('325dc7e8-c2a5-4db3-bfe1-633e628bdf83','email_verified','claim.name'),
('325dc7e8-c2a5-4db3-bfe1-633e628bdf83','true','id.token.claim'),
('325dc7e8-c2a5-4db3-bfe1-633e628bdf83','boolean','jsonType.label'),
('325dc7e8-c2a5-4db3-bfe1-633e628bdf83','emailVerified','user.attribute'),
('325dc7e8-c2a5-4db3-bfe1-633e628bdf83','true','userinfo.token.claim'),
('32739fa7-20be-493b-a93e-dddeae328b9a','true','access.token.claim'),
('32739fa7-20be-493b-a93e-dddeae328b9a','locale','claim.name'),
('32739fa7-20be-493b-a93e-dddeae328b9a','true','id.token.claim'),
('32739fa7-20be-493b-a93e-dddeae328b9a','String','jsonType.label'),
('32739fa7-20be-493b-a93e-dddeae328b9a','locale','user.attribute'),
('32739fa7-20be-493b-a93e-dddeae328b9a','true','userinfo.token.claim'),
('360ba0cd-975b-4d73-96e6-0943f326bbe1','true','access.token.claim'),
('360ba0cd-975b-4d73-96e6-0943f326bbe1','preferred_username','claim.name'),
('360ba0cd-975b-4d73-96e6-0943f326bbe1','true','id.token.claim'),
('360ba0cd-975b-4d73-96e6-0943f326bbe1','String','jsonType.label'),
('360ba0cd-975b-4d73-96e6-0943f326bbe1','username','user.attribute'),
('360ba0cd-975b-4d73-96e6-0943f326bbe1','true','userinfo.token.claim'),
('37a7ea0b-d758-48c8-8720-e2218a690c85','true','access.token.claim'),
('37a7ea0b-d758-48c8-8720-e2218a690c85','updated_at','claim.name'),
('37a7ea0b-d758-48c8-8720-e2218a690c85','true','id.token.claim'),
('37a7ea0b-d758-48c8-8720-e2218a690c85','long','jsonType.label'),
('37a7ea0b-d758-48c8-8720-e2218a690c85','updatedAt','user.attribute'),
('37a7ea0b-d758-48c8-8720-e2218a690c85','true','userinfo.token.claim'),
('3c1fd499-588f-4e15-8eb8-c06e006a96ae','true','access.token.claim'),
('3c1fd499-588f-4e15-8eb8-c06e006a96ae','true','id.token.claim'),
('3c1fd499-588f-4e15-8eb8-c06e006a96ae','true','userinfo.token.claim'),
('46bdd199-5414-44d7-9b31-7875e320075f','true','access.token.claim'),
('46bdd199-5414-44d7-9b31-7875e320075f','locale','claim.name'),
('46bdd199-5414-44d7-9b31-7875e320075f','true','id.token.claim'),
('46bdd199-5414-44d7-9b31-7875e320075f','String','jsonType.label'),
('46bdd199-5414-44d7-9b31-7875e320075f','locale','user.attribute'),
('46bdd199-5414-44d7-9b31-7875e320075f','true','userinfo.token.claim'),
('4a91bf8d-e3b7-4566-b1f1-dca28695cb4d','true','access.token.claim'),
('4a91bf8d-e3b7-4566-b1f1-dca28695cb4d','groups','claim.name'),
('4a91bf8d-e3b7-4566-b1f1-dca28695cb4d','true','id.token.claim'),
('4a91bf8d-e3b7-4566-b1f1-dca28695cb4d','String','jsonType.label'),
('4a91bf8d-e3b7-4566-b1f1-dca28695cb4d','true','multivalued'),
('4a91bf8d-e3b7-4566-b1f1-dca28695cb4d','foo','user.attribute'),
('4db51bfe-f2ce-4cf6-8a35-1af51b1dec2f','true','access.token.claim'),
('4db51bfe-f2ce-4cf6-8a35-1af51b1dec2f','website','claim.name'),
('4db51bfe-f2ce-4cf6-8a35-1af51b1dec2f','true','id.token.claim'),
('4db51bfe-f2ce-4cf6-8a35-1af51b1dec2f','String','jsonType.label'),
('4db51bfe-f2ce-4cf6-8a35-1af51b1dec2f','website','user.attribute'),
('4db51bfe-f2ce-4cf6-8a35-1af51b1dec2f','true','userinfo.token.claim'),
('51beb700-e317-4691-a352-4e6fbf98270c','true','access.token.claim'),
('51beb700-e317-4691-a352-4e6fbf98270c','true','id.token.claim'),
('589161a7-cd5f-4b27-a488-f235d0cb78c6','true','access.token.claim'),
('589161a7-cd5f-4b27-a488-f235d0cb78c6','upn','claim.name'),
('589161a7-cd5f-4b27-a488-f235d0cb78c6','true','id.token.claim'),
('589161a7-cd5f-4b27-a488-f235d0cb78c6','String','jsonType.label'),
('589161a7-cd5f-4b27-a488-f235d0cb78c6','username','user.attribute'),
('589161a7-cd5f-4b27-a488-f235d0cb78c6','true','userinfo.token.claim'),
('5893f635-3d8e-41e2-ba0d-d20aea3335a9','true','access.token.claim'),
('5893f635-3d8e-41e2-ba0d-d20aea3335a9','zoneinfo','claim.name'),
('5893f635-3d8e-41e2-ba0d-d20aea3335a9','true','id.token.claim'),
('5893f635-3d8e-41e2-ba0d-d20aea3335a9','String','jsonType.label'),
('5893f635-3d8e-41e2-ba0d-d20aea3335a9','zoneinfo','user.attribute'),
('5893f635-3d8e-41e2-ba0d-d20aea3335a9','true','userinfo.token.claim'),
('58ace936-f328-4d69-ac8b-c7f7fb564939','true','access.token.claim'),
('58ace936-f328-4d69-ac8b-c7f7fb564939','birthdate','claim.name'),
('58ace936-f328-4d69-ac8b-c7f7fb564939','true','id.token.claim'),
('58ace936-f328-4d69-ac8b-c7f7fb564939','String','jsonType.label'),
('58ace936-f328-4d69-ac8b-c7f7fb564939','birthdate','user.attribute'),
('58ace936-f328-4d69-ac8b-c7f7fb564939','true','userinfo.token.claim'),
('5e62526a-3d29-4791-8079-41480be26fe6','true','access.token.claim'),
('5e62526a-3d29-4791-8079-41480be26fe6','picture','claim.name'),
('5e62526a-3d29-4791-8079-41480be26fe6','true','id.token.claim'),
('5e62526a-3d29-4791-8079-41480be26fe6','String','jsonType.label'),
('5e62526a-3d29-4791-8079-41480be26fe6','picture','user.attribute'),
('5e62526a-3d29-4791-8079-41480be26fe6','true','userinfo.token.claim'),
('60b63a1a-13d8-4639-9e14-72613bd8e62c','true','access.token.claim'),
('60b63a1a-13d8-4639-9e14-72613bd8e62c','phone_number','claim.name'),
('60b63a1a-13d8-4639-9e14-72613bd8e62c','true','id.token.claim'),
('60b63a1a-13d8-4639-9e14-72613bd8e62c','String','jsonType.label'),
('60b63a1a-13d8-4639-9e14-72613bd8e62c','phoneNumber','user.attribute'),
('60b63a1a-13d8-4639-9e14-72613bd8e62c','true','userinfo.token.claim'),
('6747e553-481b-415b-a956-10d3f36828a3','true','access.token.claim'),
('6747e553-481b-415b-a956-10d3f36828a3','profile','claim.name'),
('6747e553-481b-415b-a956-10d3f36828a3','true','id.token.claim'),
('6747e553-481b-415b-a956-10d3f36828a3','String','jsonType.label'),
('6747e553-481b-415b-a956-10d3f36828a3','profile','user.attribute'),
('6747e553-481b-415b-a956-10d3f36828a3','true','userinfo.token.claim'),
('69224a49-adf4-4410-861b-62299e224dfa','true','access.token.claim'),
('69224a49-adf4-4410-861b-62299e224dfa','middle_name','claim.name'),
('69224a49-adf4-4410-861b-62299e224dfa','true','id.token.claim'),
('69224a49-adf4-4410-861b-62299e224dfa','String','jsonType.label'),
('69224a49-adf4-4410-861b-62299e224dfa','middleName','user.attribute'),
('69224a49-adf4-4410-861b-62299e224dfa','true','userinfo.token.claim'),
('69a1b9f6-e181-477f-80c2-445b1797a5d0','true','access.token.claim'),
('69a1b9f6-e181-477f-80c2-445b1797a5d0','clientHost','claim.name'),
('69a1b9f6-e181-477f-80c2-445b1797a5d0','true','id.token.claim'),
('69a1b9f6-e181-477f-80c2-445b1797a5d0','String','jsonType.label'),
('69a1b9f6-e181-477f-80c2-445b1797a5d0','clientHost','user.session.note'),
('6a13bab2-088e-4ac6-8fb0-ab92c3276b83','true','access.token.claim'),
('6a13bab2-088e-4ac6-8fb0-ab92c3276b83','groups','claim.name'),
('6a13bab2-088e-4ac6-8fb0-ab92c3276b83','true','id.token.claim'),
('6a13bab2-088e-4ac6-8fb0-ab92c3276b83','String','jsonType.label'),
('6a13bab2-088e-4ac6-8fb0-ab92c3276b83','true','multivalued'),
('6a13bab2-088e-4ac6-8fb0-ab92c3276b83','foo','user.attribute'),
('728ba66c-2225-437b-b834-d926f123f4ab','true','access.token.claim'),
('728ba66c-2225-437b-b834-d926f123f4ab','nickname','claim.name'),
('728ba66c-2225-437b-b834-d926f123f4ab','true','id.token.claim'),
('728ba66c-2225-437b-b834-d926f123f4ab','String','jsonType.label'),
('728ba66c-2225-437b-b834-d926f123f4ab','nickname','user.attribute'),
('728ba66c-2225-437b-b834-d926f123f4ab','true','userinfo.token.claim'),
('735639fe-452a-4397-8c28-ecf949894e9c','true','access.token.claim'),
('735639fe-452a-4397-8c28-ecf949894e9c','phone_number_verified','claim.name'),
('735639fe-452a-4397-8c28-ecf949894e9c','true','id.token.claim'),
('735639fe-452a-4397-8c28-ecf949894e9c','boolean','jsonType.label'),
('735639fe-452a-4397-8c28-ecf949894e9c','phoneNumberVerified','user.attribute'),
('735639fe-452a-4397-8c28-ecf949894e9c','true','userinfo.token.claim'),
('78088310-ff33-4cc1-b5da-36c8469a733b','true','access.token.claim'),
('78088310-ff33-4cc1-b5da-36c8469a733b','email_verified','claim.name'),
('78088310-ff33-4cc1-b5da-36c8469a733b','true','id.token.claim'),
('78088310-ff33-4cc1-b5da-36c8469a733b','boolean','jsonType.label'),
('78088310-ff33-4cc1-b5da-36c8469a733b','emailVerified','user.attribute'),
('78088310-ff33-4cc1-b5da-36c8469a733b','true','userinfo.token.claim'),
('78eca3fa-09d3-4694-9fa7-819af7888333','true','access.token.claim'),
('78eca3fa-09d3-4694-9fa7-819af7888333','clientAddress','claim.name'),
('78eca3fa-09d3-4694-9fa7-819af7888333','true','id.token.claim'),
('78eca3fa-09d3-4694-9fa7-819af7888333','String','jsonType.label'),
('78eca3fa-09d3-4694-9fa7-819af7888333','clientAddress','user.session.note'),
('7d8e62c5-a8f8-4103-85f5-ac2e505dc521','true','access.token.claim'),
('7d8e62c5-a8f8-4103-85f5-ac2e505dc521','realm_access.roles','claim.name'),
('7d8e62c5-a8f8-4103-85f5-ac2e505dc521','String','jsonType.label'),
('7d8e62c5-a8f8-4103-85f5-ac2e505dc521','true','multivalued'),
('7d8e62c5-a8f8-4103-85f5-ac2e505dc521','foo','user.attribute'),
('8206f0f4-0e5e-4dda-befc-055d9e0b54df','true','access.token.claim'),
('8206f0f4-0e5e-4dda-befc-055d9e0b54df','realm_access.roles','claim.name'),
('8206f0f4-0e5e-4dda-befc-055d9e0b54df','String','jsonType.label'),
('8206f0f4-0e5e-4dda-befc-055d9e0b54df','true','multivalued'),
('8206f0f4-0e5e-4dda-befc-055d9e0b54df','foo','user.attribute'),
('8edf185b-3ea3-4ed3-ae25-3795f9922202','true','access.token.claim'),
('8edf185b-3ea3-4ed3-ae25-3795f9922202','true','id.token.claim'),
('8edf185b-3ea3-4ed3-ae25-3795f9922202','true','userinfo.token.claim'),
('91e45fef-dd62-4888-a342-3b3d1528fc25','true','access.token.claim'),
('91e45fef-dd62-4888-a342-3b3d1528fc25','picture','claim.name'),
('91e45fef-dd62-4888-a342-3b3d1528fc25','true','id.token.claim'),
('91e45fef-dd62-4888-a342-3b3d1528fc25','String','jsonType.label'),
('91e45fef-dd62-4888-a342-3b3d1528fc25','picture','user.attribute'),
('91e45fef-dd62-4888-a342-3b3d1528fc25','true','userinfo.token.claim'),
('93cdef01-c56b-4c81-a19d-1542f465e850','true','access.token.claim'),
('93cdef01-c56b-4c81-a19d-1542f465e850','locale','claim.name'),
('93cdef01-c56b-4c81-a19d-1542f465e850','true','id.token.claim'),
('93cdef01-c56b-4c81-a19d-1542f465e850','String','jsonType.label'),
('93cdef01-c56b-4c81-a19d-1542f465e850','locale','user.attribute'),
('93cdef01-c56b-4c81-a19d-1542f465e850','true','userinfo.token.claim'),
('9733a3ea-71de-4d63-8573-2865aa750fc9','Role','attribute.name'),
('9733a3ea-71de-4d63-8573-2865aa750fc9','Basic','attribute.nameformat'),
('9733a3ea-71de-4d63-8573-2865aa750fc9','false','single'),
('a2362eaf-526f-4c01-a214-d35e77f86d43','true','access.token.claim'),
('a2362eaf-526f-4c01-a214-d35e77f86d43','family_name','claim.name'),
('a2362eaf-526f-4c01-a214-d35e77f86d43','true','id.token.claim'),
('a2362eaf-526f-4c01-a214-d35e77f86d43','String','jsonType.label'),
('a2362eaf-526f-4c01-a214-d35e77f86d43','lastName','user.attribute'),
('a2362eaf-526f-4c01-a214-d35e77f86d43','true','userinfo.token.claim'),
('a31b8989-8e26-4a34-ba45-e5d1ffb75982','true','access.token.claim'),
('a31b8989-8e26-4a34-ba45-e5d1ffb75982','family_name','claim.name'),
('a31b8989-8e26-4a34-ba45-e5d1ffb75982','true','id.token.claim'),
('a31b8989-8e26-4a34-ba45-e5d1ffb75982','String','jsonType.label'),
('a31b8989-8e26-4a34-ba45-e5d1ffb75982','lastName','user.attribute'),
('a31b8989-8e26-4a34-ba45-e5d1ffb75982','true','userinfo.token.claim'),
('a898a161-0fd7-471b-a767-bcbfaf22f007','true','access.token.claim'),
('a898a161-0fd7-471b-a767-bcbfaf22f007','updated_at','claim.name'),
('a898a161-0fd7-471b-a767-bcbfaf22f007','true','id.token.claim'),
('a898a161-0fd7-471b-a767-bcbfaf22f007','long','jsonType.label'),
('a898a161-0fd7-471b-a767-bcbfaf22f007','updatedAt','user.attribute'),
('a898a161-0fd7-471b-a767-bcbfaf22f007','true','userinfo.token.claim'),
('acf83e39-330f-454e-934e-3843d8b92a3c','true','access.token.claim'),
('acf83e39-330f-454e-934e-3843d8b92a3c','gender','claim.name'),
('acf83e39-330f-454e-934e-3843d8b92a3c','true','id.token.claim'),
('acf83e39-330f-454e-934e-3843d8b92a3c','String','jsonType.label'),
('acf83e39-330f-454e-934e-3843d8b92a3c','gender','user.attribute'),
('acf83e39-330f-454e-934e-3843d8b92a3c','true','userinfo.token.claim'),
('b726e3ad-33bd-4bf6-804c-741fc5f87f46','true','access.token.claim'),
('b726e3ad-33bd-4bf6-804c-741fc5f87f46','middle_name','claim.name'),
('b726e3ad-33bd-4bf6-804c-741fc5f87f46','true','id.token.claim'),
('b726e3ad-33bd-4bf6-804c-741fc5f87f46','String','jsonType.label'),
('b726e3ad-33bd-4bf6-804c-741fc5f87f46','middleName','user.attribute'),
('b726e3ad-33bd-4bf6-804c-741fc5f87f46','true','userinfo.token.claim'),
('b96df8b9-e86f-447f-9879-d015ff3d4d74','true','access.token.claim'),
('b96df8b9-e86f-447f-9879-d015ff3d4d74','profile','claim.name'),
('b96df8b9-e86f-447f-9879-d015ff3d4d74','true','id.token.claim'),
('b96df8b9-e86f-447f-9879-d015ff3d4d74','String','jsonType.label'),
('b96df8b9-e86f-447f-9879-d015ff3d4d74','profile','user.attribute'),
('b96df8b9-e86f-447f-9879-d015ff3d4d74','true','userinfo.token.claim'),
('bbbb4d49-c049-46b6-b960-c3e903a8e3f7','true','access.token.claim'),
('bbbb4d49-c049-46b6-b960-c3e903a8e3f7','gender','claim.name'),
('bbbb4d49-c049-46b6-b960-c3e903a8e3f7','true','id.token.claim'),
('bbbb4d49-c049-46b6-b960-c3e903a8e3f7','String','jsonType.label'),
('bbbb4d49-c049-46b6-b960-c3e903a8e3f7','gender','user.attribute'),
('bbbb4d49-c049-46b6-b960-c3e903a8e3f7','true','userinfo.token.claim'),
('c0a9be3f-6de1-4163-b821-85e93a417ea1','true','access.token.claim'),
('c0a9be3f-6de1-4163-b821-85e93a417ea1','resource_access.${client_id}.roles','claim.name'),
('c0a9be3f-6de1-4163-b821-85e93a417ea1','String','jsonType.label'),
('c0a9be3f-6de1-4163-b821-85e93a417ea1','true','multivalued'),
('c0a9be3f-6de1-4163-b821-85e93a417ea1','foo','user.attribute'),
('c4860549-b008-4f26-931e-a3503c71c160','true','access.token.claim'),
('c4860549-b008-4f26-931e-a3503c71c160','true','id.token.claim'),
('c4860549-b008-4f26-931e-a3503c71c160','country','user.attribute.country'),
('c4860549-b008-4f26-931e-a3503c71c160','formatted','user.attribute.formatted'),
('c4860549-b008-4f26-931e-a3503c71c160','locality','user.attribute.locality'),
('c4860549-b008-4f26-931e-a3503c71c160','postal_code','user.attribute.postal_code'),
('c4860549-b008-4f26-931e-a3503c71c160','region','user.attribute.region'),
('c4860549-b008-4f26-931e-a3503c71c160','street','user.attribute.street'),
('c4860549-b008-4f26-931e-a3503c71c160','true','userinfo.token.claim'),
('c6e907cd-e1cb-4c14-8c79-6106b57b6f6c','true','access.token.claim'),
('c6e907cd-e1cb-4c14-8c79-6106b57b6f6c','preferred_username','claim.name'),
('c6e907cd-e1cb-4c14-8c79-6106b57b6f6c','true','id.token.claim'),
('c6e907cd-e1cb-4c14-8c79-6106b57b6f6c','String','jsonType.label'),
('c6e907cd-e1cb-4c14-8c79-6106b57b6f6c','username','user.attribute'),
('c6e907cd-e1cb-4c14-8c79-6106b57b6f6c','true','userinfo.token.claim'),
('e2af7dd8-e07f-447a-b688-5eae341f1626','Role','attribute.name'),
('e2af7dd8-e07f-447a-b688-5eae341f1626','Basic','attribute.nameformat'),
('e2af7dd8-e07f-447a-b688-5eae341f1626','false','single'),
('eb3e538f-1bd5-42c1-8358-fcc3cd29be3a','true','access.token.claim'),
('eb3e538f-1bd5-42c1-8358-fcc3cd29be3a','email','claim.name'),
('eb3e538f-1bd5-42c1-8358-fcc3cd29be3a','true','id.token.claim'),
('eb3e538f-1bd5-42c1-8358-fcc3cd29be3a','String','jsonType.label'),
('eb3e538f-1bd5-42c1-8358-fcc3cd29be3a','email','user.attribute'),
('eb3e538f-1bd5-42c1-8358-fcc3cd29be3a','true','userinfo.token.claim'),
('ee9d1654-e4f7-48e8-a625-4697fa88d84f','true','access.token.claim'),
('ee9d1654-e4f7-48e8-a625-4697fa88d84f','resource_access.${client_id}.roles','claim.name'),
('ee9d1654-e4f7-48e8-a625-4697fa88d84f','String','jsonType.label'),
('ee9d1654-e4f7-48e8-a625-4697fa88d84f','true','multivalued'),
('ee9d1654-e4f7-48e8-a625-4697fa88d84f','foo','user.attribute'),
('f3f9f74c-2c49-4577-8810-e8f860393e7f','true','access.token.claim'),
('f3f9f74c-2c49-4577-8810-e8f860393e7f','true','id.token.claim'),
('f7589f54-719e-4f15-8d53-6ca1cea67acd','true','access.token.claim'),
('f7589f54-719e-4f15-8d53-6ca1cea67acd','email','claim.name'),
('f7589f54-719e-4f15-8d53-6ca1cea67acd','true','id.token.claim'),
('f7589f54-719e-4f15-8d53-6ca1cea67acd','String','jsonType.label'),
('f7589f54-719e-4f15-8d53-6ca1cea67acd','email','user.attribute'),
('f7589f54-719e-4f15-8d53-6ca1cea67acd','true','userinfo.token.claim'),
('f916000d-2572-42ae-9326-d1fb2360ce54','true','access.token.claim'),
('f916000d-2572-42ae-9326-d1fb2360ce54','phone_number','claim.name'),
('f916000d-2572-42ae-9326-d1fb2360ce54','true','id.token.claim'),
('f916000d-2572-42ae-9326-d1fb2360ce54','String','jsonType.label'),
('f916000d-2572-42ae-9326-d1fb2360ce54','phoneNumber','user.attribute'),
('f916000d-2572-42ae-9326-d1fb2360ce54','true','userinfo.token.claim'),
('fa32d841-d731-4bea-97f8-2a9c23646d46','true','access.token.claim'),
('fa32d841-d731-4bea-97f8-2a9c23646d46','given_name','claim.name'),
('fa32d841-d731-4bea-97f8-2a9c23646d46','true','id.token.claim'),
('fa32d841-d731-4bea-97f8-2a9c23646d46','String','jsonType.label'),
('fa32d841-d731-4bea-97f8-2a9c23646d46','firstName','user.attribute'),
('fa32d841-d731-4bea-97f8-2a9c23646d46','true','userinfo.token.claim'),
('fb5719c7-ed02-42bb-b69d-46c3468f9fc2','true','access.token.claim'),
('fb5719c7-ed02-42bb-b69d-46c3468f9fc2','group','claim.name'),
('fb5719c7-ed02-42bb-b69d-46c3468f9fc2','true','full.path'),
('fb5719c7-ed02-42bb-b69d-46c3468f9fc2','true','id.token.claim'),
('fb5719c7-ed02-42bb-b69d-46c3468f9fc2','true','userinfo.token.claim');
/*!40000 ALTER TABLE `PROTOCOL_MAPPER_CONFIG` ENABLE KEYS */;
UNLOCK TABLES;

--
-- Table structure for table `REALM`
--

DROP TABLE IF EXISTS `REALM`;
/*!40101 SET @saved_cs_client     = @@character_set_client */;
/*!40101 SET character_set_client = utf8 */;
CREATE TABLE `REALM` (
  `ID` varchar(36) NOT NULL,
  `ACCESS_CODE_LIFESPAN` int(11) DEFAULT NULL,
  `USER_ACTION_LIFESPAN` int(11) DEFAULT NULL,
  `ACCESS_TOKEN_LIFESPAN` int(11) DEFAULT NULL,
  `ACCOUNT_THEME` varchar(255) DEFAULT NULL,
  `ADMIN_THEME` varchar(255) DEFAULT NULL,
  `EMAIL_THEME` varchar(255) DEFAULT NULL,
  `ENABLED` bit(1) NOT NULL DEFAULT b'0',
  `EVENTS_ENABLED` bit(1) NOT NULL DEFAULT b'0',
  `EVENTS_EXPIRATION` bigint(20) DEFAULT NULL,
  `LOGIN_THEME` varchar(255) DEFAULT NULL,
  `NAME` varchar(255) DEFAULT NULL,
  `NOT_BEFORE` int(11) DEFAULT NULL,
  `PASSWORD_POLICY` text DEFAULT NULL,
  `REGISTRATION_ALLOWED` bit(1) NOT NULL DEFAULT b'0',
  `REMEMBER_ME` bit(1) NOT NULL DEFAULT b'0',
  `RESET_PASSWORD_ALLOWED` bit(1) NOT NULL DEFAULT b'0',
  `SOCIAL` bit(1) NOT NULL DEFAULT b'0',
  `SSL_REQUIRED` varchar(255) DEFAULT NULL,
  `SSO_IDLE_TIMEOUT` int(11) DEFAULT NULL,
  `SSO_MAX_LIFESPAN` int(11) DEFAULT NULL,
  `UPDATE_PROFILE_ON_SOC_LOGIN` bit(1) NOT NULL DEFAULT b'0',
  `VERIFY_EMAIL` bit(1) NOT NULL DEFAULT b'0',
  `MASTER_ADMIN_CLIENT` varchar(36) DEFAULT NULL,
  `LOGIN_LIFESPAN` int(11) DEFAULT NULL,
  `INTERNATIONALIZATION_ENABLED` bit(1) NOT NULL DEFAULT b'0',
  `DEFAULT_LOCALE` varchar(255) DEFAULT NULL,
  `REG_EMAIL_AS_USERNAME` bit(1) NOT NULL DEFAULT b'0',
  `ADMIN_EVENTS_ENABLED` bit(1) NOT NULL DEFAULT b'0',
  `ADMIN_EVENTS_DETAILS_ENABLED` bit(1) NOT NULL DEFAULT b'0',
  `EDIT_USERNAME_ALLOWED` bit(1) NOT NULL DEFAULT b'0',
  `OTP_POLICY_COUNTER` int(11) DEFAULT 0,
  `OTP_POLICY_WINDOW` int(11) DEFAULT 1,
  `OTP_POLICY_PERIOD` int(11) DEFAULT 30,
  `OTP_POLICY_DIGITS` int(11) DEFAULT 6,
  `OTP_POLICY_ALG` varchar(36) DEFAULT 'HmacSHA1',
  `OTP_POLICY_TYPE` varchar(36) DEFAULT 'totp',
  `BROWSER_FLOW` varchar(36) DEFAULT NULL,
  `REGISTRATION_FLOW` varchar(36) DEFAULT NULL,
  `DIRECT_GRANT_FLOW` varchar(36) DEFAULT NULL,
  `RESET_CREDENTIALS_FLOW` varchar(36) DEFAULT NULL,
  `CLIENT_AUTH_FLOW` varchar(36) DEFAULT NULL,
  `OFFLINE_SESSION_IDLE_TIMEOUT` int(11) DEFAULT 0,
  `REVOKE_REFRESH_TOKEN` bit(1) NOT NULL DEFAULT b'0',
  `ACCESS_TOKEN_LIFE_IMPLICIT` int(11) DEFAULT 0,
  `LOGIN_WITH_EMAIL_ALLOWED` bit(1) NOT NULL DEFAULT b'1',
  `DUPLICATE_EMAILS_ALLOWED` bit(1) NOT NULL DEFAULT b'0',
  `DOCKER_AUTH_FLOW` varchar(36) DEFAULT NULL,
  `REFRESH_TOKEN_MAX_REUSE` int(11) DEFAULT 0,
  `ALLOW_USER_MANAGED_ACCESS` bit(1) NOT NULL DEFAULT b'0',
  `SSO_MAX_LIFESPAN_REMEMBER_ME` int(11) NOT NULL,
  `SSO_IDLE_TIMEOUT_REMEMBER_ME` int(11) NOT NULL,
  `DEFAULT_ROLE` varchar(255) DEFAULT NULL,
  PRIMARY KEY (`ID`),
  UNIQUE KEY `UK_ORVSDMLA56612EAEFIQ6WL5OI` (`NAME`),
  KEY `IDX_REALM_MASTER_ADM_CLI` (`MASTER_ADMIN_CLIENT`)
) ENGINE=InnoDB DEFAULT CHARSET=utf8mb4 COLLATE=utf8mb4_general_ci;
/*!40101 SET character_set_client = @saved_cs_client */;

--
-- Dumping data for table `REALM`
--

LOCK TABLES `REALM` WRITE;
/*!40000 ALTER TABLE `REALM` DISABLE KEYS */;
INSERT INTO `REALM` VALUES
('e4e8cf3b-ef09-49ee-8d86-0c597a9af336',60,300,600,'inssat','','inssat','','\0',0,'inssat','intranet',0,NULL,'\0','','','\0','EXTERNAL',18000,36000,'\0','\0','0a3196e5-b4a3-4a01-81be-66506e7c1601',1800,'','en','\0','\0','\0','\0',0,1,30,6,'HmacSHA1','totp','6026da94-f5bc-4086-8b7d-cf77c259c433','2bfef511-2306-4f79-82e4-75499f973571','c2f98ca4-3f9b-4bb2-a2f4-00c732b10c88','8a523f81-6971-4d9d-9cad-c4e3b76d2054','f604bbe6-bbf9-469c-b9f9-e7d0fe17088f',2592000,'\0',900,'','\0','948c4752-ebe6-42c0-b958-5bacfd8d90d6',0,'\0',0,0,'1104e248-81f2-46c0-9144-0ab64848b88f'),
('fd363fb6-a3fb-495f-b42c-d4a354f0ee78',60,300,1800,'','','','','\0',0,'inssat','master',0,NULL,'\0','','\0','\0','NONE',18000,36000,'\0','\0','7baa8945-838c-4dd7-969b-8aaebc709d86',1800,'','en','\0','\0','\0','\0',0,1,30,6,'HmacSHA1','totp','75854494-9591-4e7f-ae89-9547788160b3','3808cf4a-6ec4-47d8-9449-6496ad70378b','265e7757-cffb-42ec-8ad4-bad02b288570','8db02a65-1c0a-4832-8690-2077aae04913','602090dd-4eb1-46bb-a370-a6cafceda1fc',2592000,'\0',1800,'','\0','bbe6e625-e52b-4856-8959-d9d03bd5160c',0,'\0',0,0,'9a618968-e06f-476f-a649-1a7436c30d84');
/*!40000 ALTER TABLE `REALM` ENABLE KEYS */;
UNLOCK TABLES;

--
-- Table structure for table `REALM_ATTRIBUTE`
--

DROP TABLE IF EXISTS `REALM_ATTRIBUTE`;
/*!40101 SET @saved_cs_client     = @@character_set_client */;
/*!40101 SET character_set_client = utf8 */;
CREATE TABLE `REALM_ATTRIBUTE` (
  `NAME` varchar(255) NOT NULL,
  `REALM_ID` varchar(36) NOT NULL,
  `VALUE` longtext CHARACTER SET utf8mb3 COLLATE utf8mb3_general_ci DEFAULT NULL,
  PRIMARY KEY (`NAME`,`REALM_ID`),
  KEY `IDX_REALM_ATTR_REALM` (`REALM_ID`),
  CONSTRAINT `FK_8SHXD6L3E9ATQUKACXGPFFPTW` FOREIGN KEY (`REALM_ID`) REFERENCES `REALM` (`ID`)
) ENGINE=InnoDB DEFAULT CHARSET=utf8mb4 COLLATE=utf8mb4_general_ci;
/*!40101 SET character_set_client = @saved_cs_client */;

--
-- Dumping data for table `REALM_ATTRIBUTE`
--

LOCK TABLES `REALM_ATTRIBUTE` WRITE;
/*!40000 ALTER TABLE `REALM_ATTRIBUTE` DISABLE KEYS */;
INSERT INTO `REALM_ATTRIBUTE` VALUES
('acr.loa.map','fd363fb6-a3fb-495f-b42c-d4a354f0ee78','{}'),
('actionTokenGeneratedByAdminLifespan','e4e8cf3b-ef09-49ee-8d86-0c597a9af336','43200'),
('actionTokenGeneratedByAdminLifespan','fd363fb6-a3fb-495f-b42c-d4a354f0ee78','43200'),
('actionTokenGeneratedByUserLifespan','e4e8cf3b-ef09-49ee-8d86-0c597a9af336','300'),
('actionTokenGeneratedByUserLifespan','fd363fb6-a3fb-495f-b42c-d4a354f0ee78','300'),
('actionTokenGeneratedByUserLifespan-execute-actions','e4e8cf3b-ef09-49ee-8d86-0c597a9af336',''),
('actionTokenGeneratedByUserLifespan-execute-actions','fd363fb6-a3fb-495f-b42c-d4a354f0ee78',''),
('actionTokenGeneratedByUserLifespan-idp-verify-account-via-email','e4e8cf3b-ef09-49ee-8d86-0c597a9af336',''),
('actionTokenGeneratedByUserLifespan-idp-verify-account-via-email','fd363fb6-a3fb-495f-b42c-d4a354f0ee78',''),
('actionTokenGeneratedByUserLifespan-reset-credentials','e4e8cf3b-ef09-49ee-8d86-0c597a9af336',''),
('actionTokenGeneratedByUserLifespan-reset-credentials','fd363fb6-a3fb-495f-b42c-d4a354f0ee78',''),
('actionTokenGeneratedByUserLifespan-verify-email','e4e8cf3b-ef09-49ee-8d86-0c597a9af336',''),
('actionTokenGeneratedByUserLifespan-verify-email','fd363fb6-a3fb-495f-b42c-d4a354f0ee78',''),
('bruteForceProtected','e4e8cf3b-ef09-49ee-8d86-0c597a9af336','true'),
('bruteForceProtected','fd363fb6-a3fb-495f-b42c-d4a354f0ee78','false'),
('cibaAuthRequestedUserHint','e4e8cf3b-ef09-49ee-8d86-0c597a9af336','login_hint'),
('cibaAuthRequestedUserHint','fd363fb6-a3fb-495f-b42c-d4a354f0ee78','login_hint'),
('cibaBackchannelTokenDeliveryMode','e4e8cf3b-ef09-49ee-8d86-0c597a9af336','poll'),
('cibaBackchannelTokenDeliveryMode','fd363fb6-a3fb-495f-b42c-d4a354f0ee78','poll'),
('cibaExpiresIn','e4e8cf3b-ef09-49ee-8d86-0c597a9af336','120'),
('cibaExpiresIn','fd363fb6-a3fb-495f-b42c-d4a354f0ee78','120'),
('cibaInterval','e4e8cf3b-ef09-49ee-8d86-0c597a9af336','5'),
('cibaInterval','fd363fb6-a3fb-495f-b42c-d4a354f0ee78','5'),
('client-policies.policies','e4e8cf3b-ef09-49ee-8d86-0c597a9af336','{\"policies\":[]}'),
('client-policies.policies','fd363fb6-a3fb-495f-b42c-d4a354f0ee78','{\"policies\":[]}'),
('client-policies.profiles','e4e8cf3b-ef09-49ee-8d86-0c597a9af336','{\"profiles\":[]}'),
('client-policies.profiles','fd363fb6-a3fb-495f-b42c-d4a354f0ee78','{\"profiles\":[]}'),
('clientOfflineSessionIdleTimeout','e4e8cf3b-ef09-49ee-8d86-0c597a9af336','0'),
('clientOfflineSessionIdleTimeout','fd363fb6-a3fb-495f-b42c-d4a354f0ee78','0'),
('clientOfflineSessionMaxLifespan','e4e8cf3b-ef09-49ee-8d86-0c597a9af336','0'),
('clientOfflineSessionMaxLifespan','fd363fb6-a3fb-495f-b42c-d4a354f0ee78','0'),
('clientSessionIdleTimeout','e4e8cf3b-ef09-49ee-8d86-0c597a9af336','0'),
('clientSessionIdleTimeout','fd363fb6-a3fb-495f-b42c-d4a354f0ee78','0'),
('clientSessionMaxLifespan','e4e8cf3b-ef09-49ee-8d86-0c597a9af336','0'),
('clientSessionMaxLifespan','fd363fb6-a3fb-495f-b42c-d4a354f0ee78','0'),
('defaultSignatureAlgorithm','e4e8cf3b-ef09-49ee-8d86-0c597a9af336','RS256'),
('defaultSignatureAlgorithm','fd363fb6-a3fb-495f-b42c-d4a354f0ee78','RS256'),
('displayName','fd363fb6-a3fb-495f-b42c-d4a354f0ee78',''),
('displayNameHtml','fd363fb6-a3fb-495f-b42c-d4a354f0ee78',''),
('failureFactor','e4e8cf3b-ef09-49ee-8d86-0c597a9af336','30'),
('failureFactor','fd363fb6-a3fb-495f-b42c-d4a354f0ee78','30'),
('frontendUrl','fd363fb6-a3fb-495f-b42c-d4a354f0ee78',''),
('maxDeltaTimeSeconds','e4e8cf3b-ef09-49ee-8d86-0c597a9af336','43200'),
('maxDeltaTimeSeconds','fd363fb6-a3fb-495f-b42c-d4a354f0ee78','43200'),
('maxFailureWaitSeconds','e4e8cf3b-ef09-49ee-8d86-0c597a9af336','900'),
('maxFailureWaitSeconds','fd363fb6-a3fb-495f-b42c-d4a354f0ee78','900'),
('minimumQuickLoginWaitSeconds','e4e8cf3b-ef09-49ee-8d86-0c597a9af336','60'),
('minimumQuickLoginWaitSeconds','fd363fb6-a3fb-495f-b42c-d4a354f0ee78','60'),
('oauth2DeviceCodeLifespan','e4e8cf3b-ef09-49ee-8d86-0c597a9af336','600'),
('oauth2DeviceCodeLifespan','fd363fb6-a3fb-495f-b42c-d4a354f0ee78','600'),
('oauth2DevicePollingInterval','e4e8cf3b-ef09-49ee-8d86-0c597a9af336','5'),
('oauth2DevicePollingInterval','fd363fb6-a3fb-495f-b42c-d4a354f0ee78','5'),
('offlineSessionMaxLifespan','e4e8cf3b-ef09-49ee-8d86-0c597a9af336','5184000'),
('offlineSessionMaxLifespan','fd363fb6-a3fb-495f-b42c-d4a354f0ee78','5184000'),
('offlineSessionMaxLifespanEnabled','e4e8cf3b-ef09-49ee-8d86-0c597a9af336','false'),
('offlineSessionMaxLifespanEnabled','fd363fb6-a3fb-495f-b42c-d4a354f0ee78','false'),
('parRequestUriLifespan','e4e8cf3b-ef09-49ee-8d86-0c597a9af336','60'),
('parRequestUriLifespan','fd363fb6-a3fb-495f-b42c-d4a354f0ee78','60'),
('permanentLockout','e4e8cf3b-ef09-49ee-8d86-0c597a9af336','false'),
('permanentLockout','fd363fb6-a3fb-495f-b42c-d4a354f0ee78','false'),
('quickLoginCheckMilliSeconds','e4e8cf3b-ef09-49ee-8d86-0c597a9af336','1000'),
('quickLoginCheckMilliSeconds','fd363fb6-a3fb-495f-b42c-d4a354f0ee78','1000'),
('realmReusableOtpCode','e4e8cf3b-ef09-49ee-8d86-0c597a9af336','false'),
('realmReusableOtpCode','fd363fb6-a3fb-495f-b42c-d4a354f0ee78','false'),
('shortVerificationUri','e4e8cf3b-ef09-49ee-8d86-0c597a9af336',''),
('shortVerificationUri','fd363fb6-a3fb-495f-b42c-d4a354f0ee78',''),
('waitIncrementSeconds','e4e8cf3b-ef09-49ee-8d86-0c597a9af336','60'),
('waitIncrementSeconds','fd363fb6-a3fb-495f-b42c-d4a354f0ee78','60'),
('webAuthnPolicyAttestationConveyancePreference','e4e8cf3b-ef09-49ee-8d86-0c597a9af336','not specified'),
('webAuthnPolicyAttestationConveyancePreference','fd363fb6-a3fb-495f-b42c-d4a354f0ee78','not specified'),
('webAuthnPolicyAttestationConveyancePreferencePasswordless','e4e8cf3b-ef09-49ee-8d86-0c597a9af336','not specified'),
('webAuthnPolicyAttestationConveyancePreferencePasswordless','fd363fb6-a3fb-495f-b42c-d4a354f0ee78','not specified'),
('webAuthnPolicyAuthenticatorAttachment','e4e8cf3b-ef09-49ee-8d86-0c597a9af336','not specified'),
('webAuthnPolicyAuthenticatorAttachment','fd363fb6-a3fb-495f-b42c-d4a354f0ee78','not specified'),
('webAuthnPolicyAuthenticatorAttachmentPasswordless','e4e8cf3b-ef09-49ee-8d86-0c597a9af336','not specified'),
('webAuthnPolicyAuthenticatorAttachmentPasswordless','fd363fb6-a3fb-495f-b42c-d4a354f0ee78','not specified'),
('webAuthnPolicyAvoidSameAuthenticatorRegister','e4e8cf3b-ef09-49ee-8d86-0c597a9af336','false'),
('webAuthnPolicyAvoidSameAuthenticatorRegister','fd363fb6-a3fb-495f-b42c-d4a354f0ee78','false'),
('webAuthnPolicyAvoidSameAuthenticatorRegisterPasswordless','e4e8cf3b-ef09-49ee-8d86-0c597a9af336','false'),
('webAuthnPolicyAvoidSameAuthenticatorRegisterPasswordless','fd363fb6-a3fb-495f-b42c-d4a354f0ee78','false'),
('webAuthnPolicyCreateTimeout','e4e8cf3b-ef09-49ee-8d86-0c597a9af336','0'),
('webAuthnPolicyCreateTimeout','fd363fb6-a3fb-495f-b42c-d4a354f0ee78','0'),
('webAuthnPolicyCreateTimeoutPasswordless','e4e8cf3b-ef09-49ee-8d86-0c597a9af336','0'),
('webAuthnPolicyCreateTimeoutPasswordless','fd363fb6-a3fb-495f-b42c-d4a354f0ee78','0'),
('webAuthnPolicyRequireResidentKey','e4e8cf3b-ef09-49ee-8d86-0c597a9af336','not specified'),
('webAuthnPolicyRequireResidentKey','fd363fb6-a3fb-495f-b42c-d4a354f0ee78','not specified'),
('webAuthnPolicyRequireResidentKeyPasswordless','e4e8cf3b-ef09-49ee-8d86-0c597a9af336','not specified'),
('webAuthnPolicyRequireResidentKeyPasswordless','fd363fb6-a3fb-495f-b42c-d4a354f0ee78','not specified'),
('webAuthnPolicyRpEntityName','e4e8cf3b-ef09-49ee-8d86-0c597a9af336','keycloak'),
('webAuthnPolicyRpEntityName','fd363fb6-a3fb-495f-b42c-d4a354f0ee78','keycloak'),
('webAuthnPolicyRpEntityNamePasswordless','e4e8cf3b-ef09-49ee-8d86-0c597a9af336','keycloak'),
('webAuthnPolicyRpEntityNamePasswordless','fd363fb6-a3fb-495f-b42c-d4a354f0ee78','keycloak'),
('webAuthnPolicyRpId','e4e8cf3b-ef09-49ee-8d86-0c597a9af336',''),
('webAuthnPolicyRpId','fd363fb6-a3fb-495f-b42c-d4a354f0ee78',''),
('webAuthnPolicyRpIdPasswordless','e4e8cf3b-ef09-49ee-8d86-0c597a9af336',''),
('webAuthnPolicyRpIdPasswordless','fd363fb6-a3fb-495f-b42c-d4a354f0ee78',''),
('webAuthnPolicySignatureAlgorithms','e4e8cf3b-ef09-49ee-8d86-0c597a9af336','ES256'),
('webAuthnPolicySignatureAlgorithms','fd363fb6-a3fb-495f-b42c-d4a354f0ee78','ES256'),
('webAuthnPolicySignatureAlgorithmsPasswordless','e4e8cf3b-ef09-49ee-8d86-0c597a9af336','ES256'),
('webAuthnPolicySignatureAlgorithmsPasswordless','fd363fb6-a3fb-495f-b42c-d4a354f0ee78','ES256'),
('webAuthnPolicyUserVerificationRequirement','e4e8cf3b-ef09-49ee-8d86-0c597a9af336','not specified'),
('webAuthnPolicyUserVerificationRequirement','fd363fb6-a3fb-495f-b42c-d4a354f0ee78','not specified'),
('webAuthnPolicyUserVerificationRequirementPasswordless','e4e8cf3b-ef09-49ee-8d86-0c597a9af336','not specified'),
('webAuthnPolicyUserVerificationRequirementPasswordless','fd363fb6-a3fb-495f-b42c-d4a354f0ee78','not specified'),
('_browser_header.contentSecurityPolicy','e4e8cf3b-ef09-49ee-8d86-0c597a9af336','frame-src \'self\'; frame-ancestors \'self\'; object-src \'none\';'),
('_browser_header.contentSecurityPolicy','fd363fb6-a3fb-495f-b42c-d4a354f0ee78','frame-src \'self\'; frame-ancestors \'self\'; object-src \'none\';'),
('_browser_header.contentSecurityPolicyReportOnly','e4e8cf3b-ef09-49ee-8d86-0c597a9af336',''),
('_browser_header.contentSecurityPolicyReportOnly','fd363fb6-a3fb-495f-b42c-d4a354f0ee78',''),
('_browser_header.referrerPolicy','e4e8cf3b-ef09-49ee-8d86-0c597a9af336','no-referrer'),
('_browser_header.referrerPolicy','fd363fb6-a3fb-495f-b42c-d4a354f0ee78','no-referrer'),
('_browser_header.strictTransportSecurity','e4e8cf3b-ef09-49ee-8d86-0c597a9af336','max-age=31536000; includeSubDomains'),
('_browser_header.strictTransportSecurity','fd363fb6-a3fb-495f-b42c-d4a354f0ee78','max-age=31536000; includeSubDomains'),
('_browser_header.xContentTypeOptions','e4e8cf3b-ef09-49ee-8d86-0c597a9af336','nosniff'),
('_browser_header.xContentTypeOptions','fd363fb6-a3fb-495f-b42c-d4a354f0ee78','nosniff'),
('_browser_header.xFrameOptions','e4e8cf3b-ef09-49ee-8d86-0c597a9af336','SAMEORIGIN'),
('_browser_header.xFrameOptions','fd363fb6-a3fb-495f-b42c-d4a354f0ee78','SAMEORIGIN'),
('_browser_header.xRobotsTag','e4e8cf3b-ef09-49ee-8d86-0c597a9af336','none'),
('_browser_header.xRobotsTag','fd363fb6-a3fb-495f-b42c-d4a354f0ee78','none'),
('_browser_header.xXSSProtection','e4e8cf3b-ef09-49ee-8d86-0c597a9af336','1; mode=block'),
('_browser_header.xXSSProtection','fd363fb6-a3fb-495f-b42c-d4a354f0ee78','1; mode=block');
/*!40000 ALTER TABLE `REALM_ATTRIBUTE` ENABLE KEYS */;
UNLOCK TABLES;

--
-- Table structure for table `REALM_DEFAULT_GROUPS`
--

DROP TABLE IF EXISTS `REALM_DEFAULT_GROUPS`;
/*!40101 SET @saved_cs_client     = @@character_set_client */;
/*!40101 SET character_set_client = utf8 */;
CREATE TABLE `REALM_DEFAULT_GROUPS` (
  `REALM_ID` varchar(36) NOT NULL,
  `GROUP_ID` varchar(36) NOT NULL,
  PRIMARY KEY (`REALM_ID`,`GROUP_ID`),
  UNIQUE KEY `CON_GROUP_ID_DEF_GROUPS` (`GROUP_ID`),
  KEY `IDX_REALM_DEF_GRP_REALM` (`REALM_ID`),
  CONSTRAINT `FK_DEF_GROUPS_REALM` FOREIGN KEY (`REALM_ID`) REFERENCES `REALM` (`ID`)
) ENGINE=InnoDB DEFAULT CHARSET=utf8mb4 COLLATE=utf8mb4_general_ci;
/*!40101 SET character_set_client = @saved_cs_client */;

--
-- Dumping data for table `REALM_DEFAULT_GROUPS`
--

LOCK TABLES `REALM_DEFAULT_GROUPS` WRITE;
/*!40000 ALTER TABLE `REALM_DEFAULT_GROUPS` DISABLE KEYS */;
/*!40000 ALTER TABLE `REALM_DEFAULT_GROUPS` ENABLE KEYS */;
UNLOCK TABLES;

--
-- Table structure for table `REALM_ENABLED_EVENT_TYPES`
--

DROP TABLE IF EXISTS `REALM_ENABLED_EVENT_TYPES`;
/*!40101 SET @saved_cs_client     = @@character_set_client */;
/*!40101 SET character_set_client = utf8 */;
CREATE TABLE `REALM_ENABLED_EVENT_TYPES` (
  `REALM_ID` varchar(36) NOT NULL,
  `VALUE` varchar(255) NOT NULL,
  PRIMARY KEY (`REALM_ID`,`VALUE`),
  KEY `IDX_REALM_EVT_TYPES_REALM` (`REALM_ID`),
  CONSTRAINT `FK_H846O4H0W8EPX5NWEDRF5Y69J` FOREIGN KEY (`REALM_ID`) REFERENCES `REALM` (`ID`)
) ENGINE=InnoDB DEFAULT CHARSET=utf8mb4 COLLATE=utf8mb4_general_ci;
/*!40101 SET character_set_client = @saved_cs_client */;

--
-- Dumping data for table `REALM_ENABLED_EVENT_TYPES`
--

LOCK TABLES `REALM_ENABLED_EVENT_TYPES` WRITE;
/*!40000 ALTER TABLE `REALM_ENABLED_EVENT_TYPES` DISABLE KEYS */;
/*!40000 ALTER TABLE `REALM_ENABLED_EVENT_TYPES` ENABLE KEYS */;
UNLOCK TABLES;

--
-- Table structure for table `REALM_EVENTS_LISTENERS`
--

DROP TABLE IF EXISTS `REALM_EVENTS_LISTENERS`;
/*!40101 SET @saved_cs_client     = @@character_set_client */;
/*!40101 SET character_set_client = utf8 */;
CREATE TABLE `REALM_EVENTS_LISTENERS` (
  `REALM_ID` varchar(36) NOT NULL,
  `VALUE` varchar(255) NOT NULL,
  PRIMARY KEY (`REALM_ID`,`VALUE`),
  KEY `IDX_REALM_EVT_LIST_REALM` (`REALM_ID`),
  CONSTRAINT `FK_H846O4H0W8EPX5NXEV9F5Y69J` FOREIGN KEY (`REALM_ID`) REFERENCES `REALM` (`ID`)
) ENGINE=InnoDB DEFAULT CHARSET=utf8mb4 COLLATE=utf8mb4_general_ci;
/*!40101 SET character_set_client = @saved_cs_client */;

--
-- Dumping data for table `REALM_EVENTS_LISTENERS`
--

LOCK TABLES `REALM_EVENTS_LISTENERS` WRITE;
/*!40000 ALTER TABLE `REALM_EVENTS_LISTENERS` DISABLE KEYS */;
INSERT INTO `REALM_EVENTS_LISTENERS` VALUES
('e4e8cf3b-ef09-49ee-8d86-0c597a9af336','jboss-logging'),
('fd363fb6-a3fb-495f-b42c-d4a354f0ee78','jboss-logging');
/*!40000 ALTER TABLE `REALM_EVENTS_LISTENERS` ENABLE KEYS */;
UNLOCK TABLES;

--
-- Table structure for table `REALM_LOCALIZATIONS`
--

DROP TABLE IF EXISTS `REALM_LOCALIZATIONS`;
/*!40101 SET @saved_cs_client     = @@character_set_client */;
/*!40101 SET character_set_client = utf8 */;
CREATE TABLE `REALM_LOCALIZATIONS` (
  `REALM_ID` varchar(255) NOT NULL,
  `LOCALE` varchar(255) NOT NULL,
  `TEXTS` longtext CHARACTER SET utf8mb3 COLLATE utf8mb3_general_ci NOT NULL,
  PRIMARY KEY (`REALM_ID`,`LOCALE`)
) ENGINE=InnoDB DEFAULT CHARSET=utf8mb4 COLLATE=utf8mb4_general_ci;
/*!40101 SET character_set_client = @saved_cs_client */;

--
-- Dumping data for table `REALM_LOCALIZATIONS`
--

LOCK TABLES `REALM_LOCALIZATIONS` WRITE;
/*!40000 ALTER TABLE `REALM_LOCALIZATIONS` DISABLE KEYS */;
/*!40000 ALTER TABLE `REALM_LOCALIZATIONS` ENABLE KEYS */;
UNLOCK TABLES;

--
-- Table structure for table `REALM_REQUIRED_CREDENTIAL`
--

DROP TABLE IF EXISTS `REALM_REQUIRED_CREDENTIAL`;
/*!40101 SET @saved_cs_client     = @@character_set_client */;
/*!40101 SET character_set_client = utf8 */;
CREATE TABLE `REALM_REQUIRED_CREDENTIAL` (
  `TYPE` varchar(255) NOT NULL,
  `FORM_LABEL` varchar(255) DEFAULT NULL,
  `INPUT` bit(1) NOT NULL DEFAULT b'0',
  `SECRET` bit(1) NOT NULL DEFAULT b'0',
  `REALM_ID` varchar(36) NOT NULL,
  PRIMARY KEY (`REALM_ID`,`TYPE`),
  CONSTRAINT `FK_5HG65LYBEVAVKQFKI3KPONH9V` FOREIGN KEY (`REALM_ID`) REFERENCES `REALM` (`ID`)
) ENGINE=InnoDB DEFAULT CHARSET=utf8mb4 COLLATE=utf8mb4_general_ci;
/*!40101 SET character_set_client = @saved_cs_client */;

--
-- Dumping data for table `REALM_REQUIRED_CREDENTIAL`
--

LOCK TABLES `REALM_REQUIRED_CREDENTIAL` WRITE;
/*!40000 ALTER TABLE `REALM_REQUIRED_CREDENTIAL` DISABLE KEYS */;
INSERT INTO `REALM_REQUIRED_CREDENTIAL` VALUES
('password','password','','','e4e8cf3b-ef09-49ee-8d86-0c597a9af336'),
('password','password','','','fd363fb6-a3fb-495f-b42c-d4a354f0ee78');
/*!40000 ALTER TABLE `REALM_REQUIRED_CREDENTIAL` ENABLE KEYS */;
UNLOCK TABLES;

--
-- Table structure for table `REALM_SMTP_CONFIG`
--

DROP TABLE IF EXISTS `REALM_SMTP_CONFIG`;
/*!40101 SET @saved_cs_client     = @@character_set_client */;
/*!40101 SET character_set_client = utf8 */;
CREATE TABLE `REALM_SMTP_CONFIG` (
  `REALM_ID` varchar(36) NOT NULL,
  `VALUE` varchar(255) DEFAULT NULL,
  `NAME` varchar(255) NOT NULL,
  PRIMARY KEY (`REALM_ID`,`NAME`),
  CONSTRAINT `FK_70EJ8XDXGXD0B9HH6180IRR0O` FOREIGN KEY (`REALM_ID`) REFERENCES `REALM` (`ID`)
) ENGINE=InnoDB DEFAULT CHARSET=utf8mb4 COLLATE=utf8mb4_general_ci;
/*!40101 SET character_set_client = @saved_cs_client */;

--
-- Dumping data for table `REALM_SMTP_CONFIG`
--

LOCK TABLES `REALM_SMTP_CONFIG` WRITE;
/*!40000 ALTER TABLE `REALM_SMTP_CONFIG` DISABLE KEYS */;
INSERT INTO `REALM_SMTP_CONFIG` VALUES
('e4e8cf3b-ef09-49ee-8d86-0c597a9af336','true','auth'),
('e4e8cf3b-ef09-49ee-8d86-0c597a9af336','','envelopeFrom'),
('e4e8cf3b-ef09-49ee-8d86-0c597a9af336','intranet-noreply@dapi-services.fr','from'),
('e4e8cf3b-ef09-49ee-8d86-0c597a9af336','Inssat auth server','fromDisplayName'),
('e4e8cf3b-ef09-49ee-8d86-0c597a9af336','smtp-fr.securemail.pro','host'),
('e4e8cf3b-ef09-49ee-8d86-0c597a9af336','gnrPUCN6o5JzRErORIDm','password'),
('e4e8cf3b-ef09-49ee-8d86-0c597a9af336','465','port'),
('e4e8cf3b-ef09-49ee-8d86-0c597a9af336','','replyTo'),
('e4e8cf3b-ef09-49ee-8d86-0c597a9af336','','replyToDisplayName'),
('e4e8cf3b-ef09-49ee-8d86-0c597a9af336','true','ssl'),
('e4e8cf3b-ef09-49ee-8d86-0c597a9af336','true','starttls'),
('e4e8cf3b-ef09-49ee-8d86-0c597a9af336','noreply@dapi-services.fr','user'),
('fd363fb6-a3fb-495f-b42c-d4a354f0ee78','true','auth'),
('fd363fb6-a3fb-495f-b42c-d4a354f0ee78','','envelopeFrom'),
('fd363fb6-a3fb-495f-b42c-d4a354f0ee78','admin-noreply@dapi-services.fr','from'),
('fd363fb6-a3fb-495f-b42c-d4a354f0ee78','Inssat admin auth server','fromDisplayName'),
('fd363fb6-a3fb-495f-b42c-d4a354f0ee78','smtp-fr.securemail.pro','host'),
('fd363fb6-a3fb-495f-b42c-d4a354f0ee78','gnrPUCN6o5JzRErORIDm','password'),
('fd363fb6-a3fb-495f-b42c-d4a354f0ee78','465','port'),
('fd363fb6-a3fb-495f-b42c-d4a354f0ee78','','replyTo'),
('fd363fb6-a3fb-495f-b42c-d4a354f0ee78','','replyToDisplayName'),
('fd363fb6-a3fb-495f-b42c-d4a354f0ee78','true','ssl'),
('fd363fb6-a3fb-495f-b42c-d4a354f0ee78','true','starttls'),
('fd363fb6-a3fb-495f-b42c-d4a354f0ee78','noreply@dapi-services.fr','user');
/*!40000 ALTER TABLE `REALM_SMTP_CONFIG` ENABLE KEYS */;
UNLOCK TABLES;

--
-- Table structure for table `REALM_SUPPORTED_LOCALES`
--

DROP TABLE IF EXISTS `REALM_SUPPORTED_LOCALES`;
/*!40101 SET @saved_cs_client     = @@character_set_client */;
/*!40101 SET character_set_client = utf8 */;
CREATE TABLE `REALM_SUPPORTED_LOCALES` (
  `REALM_ID` varchar(36) NOT NULL,
  `VALUE` varchar(255) NOT NULL,
  PRIMARY KEY (`REALM_ID`,`VALUE`),
  KEY `IDX_REALM_SUPP_LOCAL_REALM` (`REALM_ID`),
  CONSTRAINT `FK_SUPPORTED_LOCALES_REALM` FOREIGN KEY (`REALM_ID`) REFERENCES `REALM` (`ID`)
) ENGINE=InnoDB DEFAULT CHARSET=utf8mb4 COLLATE=utf8mb4_general_ci;
/*!40101 SET character_set_client = @saved_cs_client */;

--
-- Dumping data for table `REALM_SUPPORTED_LOCALES`
--

LOCK TABLES `REALM_SUPPORTED_LOCALES` WRITE;
/*!40000 ALTER TABLE `REALM_SUPPORTED_LOCALES` DISABLE KEYS */;
INSERT INTO `REALM_SUPPORTED_LOCALES` VALUES
('e4e8cf3b-ef09-49ee-8d86-0c597a9af336','en'),
('e4e8cf3b-ef09-49ee-8d86-0c597a9af336','fr'),
('fd363fb6-a3fb-495f-b42c-d4a354f0ee78','en'),
('fd363fb6-a3fb-495f-b42c-d4a354f0ee78','fr');
/*!40000 ALTER TABLE `REALM_SUPPORTED_LOCALES` ENABLE KEYS */;
UNLOCK TABLES;

--
-- Table structure for table `REDIRECT_URIS`
--

DROP TABLE IF EXISTS `REDIRECT_URIS`;
/*!40101 SET @saved_cs_client     = @@character_set_client */;
/*!40101 SET character_set_client = utf8 */;
CREATE TABLE `REDIRECT_URIS` (
  `CLIENT_ID` varchar(36) NOT NULL,
  `VALUE` varchar(255) NOT NULL,
  PRIMARY KEY (`CLIENT_ID`,`VALUE`),
  KEY `IDX_REDIR_URI_CLIENT` (`CLIENT_ID`),
  CONSTRAINT `FK_1BURS8PB4OUJ97H5WUPPAHV9F` FOREIGN KEY (`CLIENT_ID`) REFERENCES `CLIENT` (`ID`)
) ENGINE=InnoDB DEFAULT CHARSET=utf8mb4 COLLATE=utf8mb4_general_ci;
/*!40101 SET character_set_client = @saved_cs_client */;

--
-- Dumping data for table `REDIRECT_URIS`
--

LOCK TABLES `REDIRECT_URIS` WRITE;
/*!40000 ALTER TABLE `REDIRECT_URIS` DISABLE KEYS */;
INSERT INTO `REDIRECT_URIS` VALUES
('2ff56ff8-2a42-407a-849e-04ae436e49e6','/admin/intranet/console/*'),
('32af28b8-0b36-492c-9e1a-7642db224b3b','/realms/master/account/*'),
('4bc080f8-df76-48e5-b00f-53c6c5d9ddbc','/realms/intranet/account/*'),
('719a514c-5c5c-4d3e-878f-d0ce92fbe3d1',''),
('719a514c-5c5c-4d3e-878f-d0ce92fbe3d1','http://localhost:3000/*'),
('719a514c-5c5c-4d3e-878f-d0ce92fbe3d1','http://localhost:3002/*'),
('719a514c-5c5c-4d3e-878f-d0ce92fbe3d1','https://intranet.dapi-services.fr/*'),
('961da279-7d3a-4ac3-9f1a-8571df95991e','/admin/master/console/*'),
('c86da4fb-c3ed-4531-a542-46f4445505af','/realms/intranet/account/*'),
('ce1b677c-0648-44a2-916b-8b28e35ea7d2','/realms/master/account/*'),
('d058fa38-9df4-4ee9-9bfa-902923b6ae32','http://localhost:5000/*'),
('d058fa38-9df4-4ee9-9bfa-902923b6ae32','https://api.dapi-services.fr/*');
/*!40000 ALTER TABLE `REDIRECT_URIS` ENABLE KEYS */;
UNLOCK TABLES;

--
-- Table structure for table `REQUIRED_ACTION_CONFIG`
--

DROP TABLE IF EXISTS `REQUIRED_ACTION_CONFIG`;
/*!40101 SET @saved_cs_client     = @@character_set_client */;
/*!40101 SET character_set_client = utf8 */;
CREATE TABLE `REQUIRED_ACTION_CONFIG` (
  `REQUIRED_ACTION_ID` varchar(36) NOT NULL,
  `VALUE` longtext DEFAULT NULL,
  `NAME` varchar(255) NOT NULL,
  PRIMARY KEY (`REQUIRED_ACTION_ID`,`NAME`)
) ENGINE=InnoDB DEFAULT CHARSET=utf8mb4 COLLATE=utf8mb4_general_ci;
/*!40101 SET character_set_client = @saved_cs_client */;

--
-- Dumping data for table `REQUIRED_ACTION_CONFIG`
--

LOCK TABLES `REQUIRED_ACTION_CONFIG` WRITE;
/*!40000 ALTER TABLE `REQUIRED_ACTION_CONFIG` DISABLE KEYS */;
/*!40000 ALTER TABLE `REQUIRED_ACTION_CONFIG` ENABLE KEYS */;
UNLOCK TABLES;

--
-- Table structure for table `REQUIRED_ACTION_PROVIDER`
--

DROP TABLE IF EXISTS `REQUIRED_ACTION_PROVIDER`;
/*!40101 SET @saved_cs_client     = @@character_set_client */;
/*!40101 SET character_set_client = utf8 */;
CREATE TABLE `REQUIRED_ACTION_PROVIDER` (
  `ID` varchar(36) NOT NULL,
  `ALIAS` varchar(255) DEFAULT NULL,
  `NAME` varchar(255) DEFAULT NULL,
  `REALM_ID` varchar(36) DEFAULT NULL,
  `ENABLED` bit(1) NOT NULL DEFAULT b'0',
  `DEFAULT_ACTION` bit(1) NOT NULL DEFAULT b'0',
  `PROVIDER_ID` varchar(255) DEFAULT NULL,
  `PRIORITY` int(11) DEFAULT NULL,
  PRIMARY KEY (`ID`),
  KEY `IDX_REQ_ACT_PROV_REALM` (`REALM_ID`),
  CONSTRAINT `FK_REQ_ACT_REALM` FOREIGN KEY (`REALM_ID`) REFERENCES `REALM` (`ID`)
) ENGINE=InnoDB DEFAULT CHARSET=utf8mb4 COLLATE=utf8mb4_general_ci;
/*!40101 SET character_set_client = @saved_cs_client */;

--
-- Dumping data for table `REQUIRED_ACTION_PROVIDER`
--

LOCK TABLES `REQUIRED_ACTION_PROVIDER` WRITE;
/*!40000 ALTER TABLE `REQUIRED_ACTION_PROVIDER` DISABLE KEYS */;
INSERT INTO `REQUIRED_ACTION_PROVIDER` VALUES
('14d021b2-be54-425b-b70e-a1d862799ea6','UPDATE_PROFILE','Update Profile','e4e8cf3b-ef09-49ee-8d86-0c597a9af336','','\0','UPDATE_PROFILE',40),
('1e53664f-a4e9-4da1-986c-4836c7a5266f','webauthn-register','Webauthn Register','e4e8cf3b-ef09-49ee-8d86-0c597a9af336','','\0','webauthn-register',70),
('20f12479-3eda-4472-b690-ea8f1b101edf','update_user_locale','Update User Locale','fd363fb6-a3fb-495f-b42c-d4a354f0ee78','','\0','update_user_locale',1000),
('260ddb52-e157-4cce-8c4f-cc9a0e6e4ed4','delete_account','Delete Account','e4e8cf3b-ef09-49ee-8d86-0c597a9af336','\0','\0','delete_account',60),
('7cad4ea2-0d9d-4794-961f-cd9dc35fe48e','CONFIGURE_TOTP','Configure OTP','e4e8cf3b-ef09-49ee-8d86-0c597a9af336','','\0','CONFIGURE_TOTP',10),
('7eb18ad3-1d12-4af1-b7ae-1caabae7ecaa','VERIFY_EMAIL','Verify Email','e4e8cf3b-ef09-49ee-8d86-0c597a9af336','','\0','VERIFY_EMAIL',50),
('953f2ed4-7cc1-4698-a72a-dc17b567dba7','UPDATE_PASSWORD','Update Password','fd363fb6-a3fb-495f-b42c-d4a354f0ee78','','\0','UPDATE_PASSWORD',30),
('9939f063-29bc-4ac4-aeac-73ba88e4e46d','webauthn-register-passwordless','Webauthn Register Passwordless','fd363fb6-a3fb-495f-b42c-d4a354f0ee78','','\0','webauthn-register-passwordless',80),
('9e3487f3-7350-4822-a979-cdfa576bf63b','TERMS_AND_CONDITIONS','Terms and Conditions','fd363fb6-a3fb-495f-b42c-d4a354f0ee78','\0','\0','TERMS_AND_CONDITIONS',20),
('aad16d46-47a3-4662-b929-d1b1aad5b335','update_user_locale','Update User Locale','e4e8cf3b-ef09-49ee-8d86-0c597a9af336','','\0','update_user_locale',1000),
('ac58222a-05bd-4d98-9333-7b86f9b40018','UPDATE_PASSWORD','Update Password','e4e8cf3b-ef09-49ee-8d86-0c597a9af336','','\0','UPDATE_PASSWORD',30),
('ac91f0b7-e820-4e5a-96ee-4896c258630b','UPDATE_PROFILE','Update Profile','fd363fb6-a3fb-495f-b42c-d4a354f0ee78','','\0','UPDATE_PROFILE',40),
('b592398e-e93d-4400-bc7a-83a9ad6b0eb9','TERMS_AND_CONDITIONS','Terms and Conditions','e4e8cf3b-ef09-49ee-8d86-0c597a9af336','\0','\0','TERMS_AND_CONDITIONS',20),
('c54c8d4f-fe62-4b67-9498-818807f52093','webauthn-register-passwordless','Webauthn Register Passwordless','e4e8cf3b-ef09-49ee-8d86-0c597a9af336','','\0','webauthn-register-passwordless',80),
('d7849949-8d01-4742-9256-8981f128d081','VERIFY_EMAIL','Verify Email','fd363fb6-a3fb-495f-b42c-d4a354f0ee78','','\0','VERIFY_EMAIL',50),
('d810fb68-cb9a-4006-a831-58f9630b2cbe','delete_account','Delete Account','fd363fb6-a3fb-495f-b42c-d4a354f0ee78','\0','\0','delete_account',60),
('ebbb5c0b-b53d-47ec-9cb6-c175edc625eb','CONFIGURE_TOTP','Configure OTP','fd363fb6-a3fb-495f-b42c-d4a354f0ee78','','\0','CONFIGURE_TOTP',10),
('f0be2f77-b0e5-407a-bc85-3da1d7c5c716','webauthn-register','Webauthn Register','fd363fb6-a3fb-495f-b42c-d4a354f0ee78','','\0','webauthn-register',70);
/*!40000 ALTER TABLE `REQUIRED_ACTION_PROVIDER` ENABLE KEYS */;
UNLOCK TABLES;

--
-- Table structure for table `RESOURCE_ATTRIBUTE`
--

DROP TABLE IF EXISTS `RESOURCE_ATTRIBUTE`;
/*!40101 SET @saved_cs_client     = @@character_set_client */;
/*!40101 SET character_set_client = utf8 */;
CREATE TABLE `RESOURCE_ATTRIBUTE` (
  `ID` varchar(36) NOT NULL DEFAULT 'sybase-needs-something-here',
  `NAME` varchar(255) NOT NULL,
  `VALUE` varchar(255) DEFAULT NULL,
  `RESOURCE_ID` varchar(36) NOT NULL,
  PRIMARY KEY (`ID`),
  KEY `FK_5HRM2VLF9QL5FU022KQEPOVBR` (`RESOURCE_ID`),
  CONSTRAINT `FK_5HRM2VLF9QL5FU022KQEPOVBR` FOREIGN KEY (`RESOURCE_ID`) REFERENCES `RESOURCE_SERVER_RESOURCE` (`ID`)
) ENGINE=InnoDB DEFAULT CHARSET=utf8mb4 COLLATE=utf8mb4_general_ci;
/*!40101 SET character_set_client = @saved_cs_client */;

--
-- Dumping data for table `RESOURCE_ATTRIBUTE`
--

LOCK TABLES `RESOURCE_ATTRIBUTE` WRITE;
/*!40000 ALTER TABLE `RESOURCE_ATTRIBUTE` DISABLE KEYS */;
/*!40000 ALTER TABLE `RESOURCE_ATTRIBUTE` ENABLE KEYS */;
UNLOCK TABLES;

--
-- Table structure for table `RESOURCE_POLICY`
--

DROP TABLE IF EXISTS `RESOURCE_POLICY`;
/*!40101 SET @saved_cs_client     = @@character_set_client */;
/*!40101 SET character_set_client = utf8 */;
CREATE TABLE `RESOURCE_POLICY` (
  `RESOURCE_ID` varchar(36) NOT NULL,
  `POLICY_ID` varchar(36) NOT NULL,
  PRIMARY KEY (`RESOURCE_ID`,`POLICY_ID`),
  KEY `IDX_RES_POLICY_POLICY` (`POLICY_ID`),
  CONSTRAINT `FK_FRSRPOS53XCX4WNKOG82SSRFY` FOREIGN KEY (`RESOURCE_ID`) REFERENCES `RESOURCE_SERVER_RESOURCE` (`ID`),
  CONSTRAINT `FK_FRSRPP213XCX4WNKOG82SSRFY` FOREIGN KEY (`POLICY_ID`) REFERENCES `RESOURCE_SERVER_POLICY` (`ID`)
) ENGINE=InnoDB DEFAULT CHARSET=utf8mb4 COLLATE=utf8mb4_general_ci;
/*!40101 SET character_set_client = @saved_cs_client */;

--
-- Dumping data for table `RESOURCE_POLICY`
--

LOCK TABLES `RESOURCE_POLICY` WRITE;
/*!40000 ALTER TABLE `RESOURCE_POLICY` DISABLE KEYS */;
/*!40000 ALTER TABLE `RESOURCE_POLICY` ENABLE KEYS */;
UNLOCK TABLES;

--
-- Table structure for table `RESOURCE_SCOPE`
--

DROP TABLE IF EXISTS `RESOURCE_SCOPE`;
/*!40101 SET @saved_cs_client     = @@character_set_client */;
/*!40101 SET character_set_client = utf8 */;
CREATE TABLE `RESOURCE_SCOPE` (
  `RESOURCE_ID` varchar(36) NOT NULL,
  `SCOPE_ID` varchar(36) NOT NULL,
  PRIMARY KEY (`RESOURCE_ID`,`SCOPE_ID`),
  KEY `IDX_RES_SCOPE_SCOPE` (`SCOPE_ID`),
  CONSTRAINT `FK_FRSRPOS13XCX4WNKOG82SSRFY` FOREIGN KEY (`RESOURCE_ID`) REFERENCES `RESOURCE_SERVER_RESOURCE` (`ID`),
  CONSTRAINT `FK_FRSRPS213XCX4WNKOG82SSRFY` FOREIGN KEY (`SCOPE_ID`) REFERENCES `RESOURCE_SERVER_SCOPE` (`ID`)
) ENGINE=InnoDB DEFAULT CHARSET=utf8mb4 COLLATE=utf8mb4_general_ci;
/*!40101 SET character_set_client = @saved_cs_client */;

--
-- Dumping data for table `RESOURCE_SCOPE`
--

LOCK TABLES `RESOURCE_SCOPE` WRITE;
/*!40000 ALTER TABLE `RESOURCE_SCOPE` DISABLE KEYS */;
/*!40000 ALTER TABLE `RESOURCE_SCOPE` ENABLE KEYS */;
UNLOCK TABLES;

--
-- Table structure for table `RESOURCE_SERVER`
--

DROP TABLE IF EXISTS `RESOURCE_SERVER`;
/*!40101 SET @saved_cs_client     = @@character_set_client */;
/*!40101 SET character_set_client = utf8 */;
CREATE TABLE `RESOURCE_SERVER` (
  `ID` varchar(36) NOT NULL,
  `ALLOW_RS_REMOTE_MGMT` bit(1) NOT NULL DEFAULT b'0',
  `POLICY_ENFORCE_MODE` tinyint(4) DEFAULT NULL,
  `DECISION_STRATEGY` tinyint(4) NOT NULL DEFAULT 1,
  PRIMARY KEY (`ID`)
) ENGINE=InnoDB DEFAULT CHARSET=utf8mb4 COLLATE=utf8mb4_general_ci;
/*!40101 SET character_set_client = @saved_cs_client */;

--
-- Dumping data for table `RESOURCE_SERVER`
--

LOCK TABLES `RESOURCE_SERVER` WRITE;
/*!40000 ALTER TABLE `RESOURCE_SERVER` DISABLE KEYS */;
/*!40000 ALTER TABLE `RESOURCE_SERVER` ENABLE KEYS */;
UNLOCK TABLES;

--
-- Table structure for table `RESOURCE_SERVER_PERM_TICKET`
--

DROP TABLE IF EXISTS `RESOURCE_SERVER_PERM_TICKET`;
/*!40101 SET @saved_cs_client     = @@character_set_client */;
/*!40101 SET character_set_client = utf8 */;
CREATE TABLE `RESOURCE_SERVER_PERM_TICKET` (
  `ID` varchar(36) NOT NULL,
  `OWNER` varchar(255) DEFAULT NULL,
  `REQUESTER` varchar(255) DEFAULT NULL,
  `CREATED_TIMESTAMP` bigint(20) NOT NULL,
  `GRANTED_TIMESTAMP` bigint(20) DEFAULT NULL,
  `RESOURCE_ID` varchar(36) NOT NULL,
  `SCOPE_ID` varchar(36) DEFAULT NULL,
  `RESOURCE_SERVER_ID` varchar(36) NOT NULL,
  `POLICY_ID` varchar(36) DEFAULT NULL,
  PRIMARY KEY (`ID`),
  UNIQUE KEY `UK_FRSR6T700S9V50BU18WS5PMT` (`OWNER`,`REQUESTER`,`RESOURCE_SERVER_ID`,`RESOURCE_ID`,`SCOPE_ID`),
  KEY `FK_FRSRHO213XCX4WNKOG82SSPMT` (`RESOURCE_SERVER_ID`),
  KEY `FK_FRSRHO213XCX4WNKOG83SSPMT` (`RESOURCE_ID`),
  KEY `FK_FRSRHO213XCX4WNKOG84SSPMT` (`SCOPE_ID`),
  KEY `FK_FRSRPO2128CX4WNKOG82SSRFY` (`POLICY_ID`),
  CONSTRAINT `FK_FRSRHO213XCX4WNKOG82SSPMT` FOREIGN KEY (`RESOURCE_SERVER_ID`) REFERENCES `RESOURCE_SERVER` (`ID`),
  CONSTRAINT `FK_FRSRHO213XCX4WNKOG83SSPMT` FOREIGN KEY (`RESOURCE_ID`) REFERENCES `RESOURCE_SERVER_RESOURCE` (`ID`),
  CONSTRAINT `FK_FRSRHO213XCX4WNKOG84SSPMT` FOREIGN KEY (`SCOPE_ID`) REFERENCES `RESOURCE_SERVER_SCOPE` (`ID`),
  CONSTRAINT `FK_FRSRPO2128CX4WNKOG82SSRFY` FOREIGN KEY (`POLICY_ID`) REFERENCES `RESOURCE_SERVER_POLICY` (`ID`)
) ENGINE=InnoDB DEFAULT CHARSET=utf8mb4 COLLATE=utf8mb4_general_ci;
/*!40101 SET character_set_client = @saved_cs_client */;

--
-- Dumping data for table `RESOURCE_SERVER_PERM_TICKET`
--

LOCK TABLES `RESOURCE_SERVER_PERM_TICKET` WRITE;
/*!40000 ALTER TABLE `RESOURCE_SERVER_PERM_TICKET` DISABLE KEYS */;
/*!40000 ALTER TABLE `RESOURCE_SERVER_PERM_TICKET` ENABLE KEYS */;
UNLOCK TABLES;

--
-- Table structure for table `RESOURCE_SERVER_POLICY`
--

DROP TABLE IF EXISTS `RESOURCE_SERVER_POLICY`;
/*!40101 SET @saved_cs_client     = @@character_set_client */;
/*!40101 SET character_set_client = utf8 */;
CREATE TABLE `RESOURCE_SERVER_POLICY` (
  `ID` varchar(36) NOT NULL,
  `NAME` varchar(255) NOT NULL,
  `DESCRIPTION` varchar(255) CHARACTER SET utf8mb3 COLLATE utf8mb3_general_ci DEFAULT NULL,
  `TYPE` varchar(255) NOT NULL,
  `DECISION_STRATEGY` tinyint(4) DEFAULT NULL,
  `LOGIC` tinyint(4) DEFAULT NULL,
  `RESOURCE_SERVER_ID` varchar(36) DEFAULT NULL,
  `OWNER` varchar(255) DEFAULT NULL,
  PRIMARY KEY (`ID`),
  UNIQUE KEY `UK_FRSRPT700S9V50BU18WS5HA6` (`NAME`,`RESOURCE_SERVER_ID`),
  KEY `IDX_RES_SERV_POL_RES_SERV` (`RESOURCE_SERVER_ID`),
  CONSTRAINT `FK_FRSRPO213XCX4WNKOG82SSRFY` FOREIGN KEY (`RESOURCE_SERVER_ID`) REFERENCES `RESOURCE_SERVER` (`ID`)
) ENGINE=InnoDB DEFAULT CHARSET=utf8mb4 COLLATE=utf8mb4_general_ci;
/*!40101 SET character_set_client = @saved_cs_client */;

--
-- Dumping data for table `RESOURCE_SERVER_POLICY`
--

LOCK TABLES `RESOURCE_SERVER_POLICY` WRITE;
/*!40000 ALTER TABLE `RESOURCE_SERVER_POLICY` DISABLE KEYS */;
/*!40000 ALTER TABLE `RESOURCE_SERVER_POLICY` ENABLE KEYS */;
UNLOCK TABLES;

--
-- Table structure for table `RESOURCE_SERVER_RESOURCE`
--

DROP TABLE IF EXISTS `RESOURCE_SERVER_RESOURCE`;
/*!40101 SET @saved_cs_client     = @@character_set_client */;
/*!40101 SET character_set_client = utf8 */;
CREATE TABLE `RESOURCE_SERVER_RESOURCE` (
  `ID` varchar(36) NOT NULL,
  `NAME` varchar(255) NOT NULL,
  `TYPE` varchar(255) DEFAULT NULL,
  `ICON_URI` varchar(255) DEFAULT NULL,
  `OWNER` varchar(255) DEFAULT NULL,
  `RESOURCE_SERVER_ID` varchar(36) DEFAULT NULL,
  `OWNER_MANAGED_ACCESS` bit(1) NOT NULL DEFAULT b'0',
  `DISPLAY_NAME` varchar(255) DEFAULT NULL,
  PRIMARY KEY (`ID`),
  UNIQUE KEY `UK_FRSR6T700S9V50BU18WS5HA6` (`NAME`,`OWNER`,`RESOURCE_SERVER_ID`),
  KEY `IDX_RES_SRV_RES_RES_SRV` (`RESOURCE_SERVER_ID`),
  CONSTRAINT `FK_FRSRHO213XCX4WNKOG82SSRFY` FOREIGN KEY (`RESOURCE_SERVER_ID`) REFERENCES `RESOURCE_SERVER` (`ID`)
) ENGINE=InnoDB DEFAULT CHARSET=utf8mb4 COLLATE=utf8mb4_general_ci;
/*!40101 SET character_set_client = @saved_cs_client */;

--
-- Dumping data for table `RESOURCE_SERVER_RESOURCE`
--

LOCK TABLES `RESOURCE_SERVER_RESOURCE` WRITE;
/*!40000 ALTER TABLE `RESOURCE_SERVER_RESOURCE` DISABLE KEYS */;
/*!40000 ALTER TABLE `RESOURCE_SERVER_RESOURCE` ENABLE KEYS */;
UNLOCK TABLES;

--
-- Table structure for table `RESOURCE_SERVER_SCOPE`
--

DROP TABLE IF EXISTS `RESOURCE_SERVER_SCOPE`;
/*!40101 SET @saved_cs_client     = @@character_set_client */;
/*!40101 SET character_set_client = utf8 */;
CREATE TABLE `RESOURCE_SERVER_SCOPE` (
  `ID` varchar(36) NOT NULL,
  `NAME` varchar(255) NOT NULL,
  `ICON_URI` varchar(255) DEFAULT NULL,
  `RESOURCE_SERVER_ID` varchar(36) DEFAULT NULL,
  `DISPLAY_NAME` varchar(255) DEFAULT NULL,
  PRIMARY KEY (`ID`),
  UNIQUE KEY `UK_FRSRST700S9V50BU18WS5HA6` (`NAME`,`RESOURCE_SERVER_ID`),
  KEY `IDX_RES_SRV_SCOPE_RES_SRV` (`RESOURCE_SERVER_ID`),
  CONSTRAINT `FK_FRSRSO213XCX4WNKOG82SSRFY` FOREIGN KEY (`RESOURCE_SERVER_ID`) REFERENCES `RESOURCE_SERVER` (`ID`)
) ENGINE=InnoDB DEFAULT CHARSET=utf8mb4 COLLATE=utf8mb4_general_ci;
/*!40101 SET character_set_client = @saved_cs_client */;

--
-- Dumping data for table `RESOURCE_SERVER_SCOPE`
--

LOCK TABLES `RESOURCE_SERVER_SCOPE` WRITE;
/*!40000 ALTER TABLE `RESOURCE_SERVER_SCOPE` DISABLE KEYS */;
/*!40000 ALTER TABLE `RESOURCE_SERVER_SCOPE` ENABLE KEYS */;
UNLOCK TABLES;

--
-- Table structure for table `RESOURCE_URIS`
--

DROP TABLE IF EXISTS `RESOURCE_URIS`;
/*!40101 SET @saved_cs_client     = @@character_set_client */;
/*!40101 SET character_set_client = utf8 */;
CREATE TABLE `RESOURCE_URIS` (
  `RESOURCE_ID` varchar(36) NOT NULL,
  `VALUE` varchar(255) NOT NULL,
  PRIMARY KEY (`RESOURCE_ID`,`VALUE`),
  CONSTRAINT `FK_RESOURCE_SERVER_URIS` FOREIGN KEY (`RESOURCE_ID`) REFERENCES `RESOURCE_SERVER_RESOURCE` (`ID`)
) ENGINE=InnoDB DEFAULT CHARSET=utf8mb4 COLLATE=utf8mb4_general_ci;
/*!40101 SET character_set_client = @saved_cs_client */;

--
-- Dumping data for table `RESOURCE_URIS`
--

LOCK TABLES `RESOURCE_URIS` WRITE;
/*!40000 ALTER TABLE `RESOURCE_URIS` DISABLE KEYS */;
/*!40000 ALTER TABLE `RESOURCE_URIS` ENABLE KEYS */;
UNLOCK TABLES;

--
-- Table structure for table `ROLE_ATTRIBUTE`
--

DROP TABLE IF EXISTS `ROLE_ATTRIBUTE`;
/*!40101 SET @saved_cs_client     = @@character_set_client */;
/*!40101 SET character_set_client = utf8 */;
CREATE TABLE `ROLE_ATTRIBUTE` (
  `ID` varchar(36) NOT NULL,
  `ROLE_ID` varchar(36) NOT NULL,
  `NAME` varchar(255) NOT NULL,
  `VALUE` varchar(255) CHARACTER SET utf8mb3 COLLATE utf8mb3_general_ci DEFAULT NULL,
  PRIMARY KEY (`ID`),
  KEY `IDX_ROLE_ATTRIBUTE` (`ROLE_ID`),
  CONSTRAINT `FK_ROLE_ATTRIBUTE_ID` FOREIGN KEY (`ROLE_ID`) REFERENCES `KEYCLOAK_ROLE` (`ID`)
) ENGINE=InnoDB DEFAULT CHARSET=utf8mb4 COLLATE=utf8mb4_general_ci;
/*!40101 SET character_set_client = @saved_cs_client */;

--
-- Dumping data for table `ROLE_ATTRIBUTE`
--

LOCK TABLES `ROLE_ATTRIBUTE` WRITE;
/*!40000 ALTER TABLE `ROLE_ATTRIBUTE` DISABLE KEYS */;
/*!40000 ALTER TABLE `ROLE_ATTRIBUTE` ENABLE KEYS */;
UNLOCK TABLES;

--
-- Table structure for table `SCOPE_MAPPING`
--

DROP TABLE IF EXISTS `SCOPE_MAPPING`;
/*!40101 SET @saved_cs_client     = @@character_set_client */;
/*!40101 SET character_set_client = utf8 */;
CREATE TABLE `SCOPE_MAPPING` (
  `CLIENT_ID` varchar(36) NOT NULL,
  `ROLE_ID` varchar(36) NOT NULL,
  PRIMARY KEY (`CLIENT_ID`,`ROLE_ID`),
  KEY `IDX_SCOPE_MAPPING_ROLE` (`ROLE_ID`),
  CONSTRAINT `FK_OUSE064PLMLR732LXJCN1Q5F1` FOREIGN KEY (`CLIENT_ID`) REFERENCES `CLIENT` (`ID`)
) ENGINE=InnoDB DEFAULT CHARSET=utf8mb4 COLLATE=utf8mb4_general_ci;
/*!40101 SET character_set_client = @saved_cs_client */;

--
-- Dumping data for table `SCOPE_MAPPING`
--

LOCK TABLES `SCOPE_MAPPING` WRITE;
/*!40000 ALTER TABLE `SCOPE_MAPPING` DISABLE KEYS */;
INSERT INTO `SCOPE_MAPPING` VALUES
('ce1b677c-0648-44a2-916b-8b28e35ea7d2','06f673e4-31a8-41b7-954b-b645bc295f7b'),
('4bc080f8-df76-48e5-b00f-53c6c5d9ddbc','a85d0e83-5485-4fb1-952b-e5223226f77a'),
('4bc080f8-df76-48e5-b00f-53c6c5d9ddbc','ae01628e-93a6-4879-8ed1-db5f5df468d7'),
('ce1b677c-0648-44a2-916b-8b28e35ea7d2','e69dffa8-b058-41a5-ac7f-293ba0b54afc');
/*!40000 ALTER TABLE `SCOPE_MAPPING` ENABLE KEYS */;
UNLOCK TABLES;

--
-- Table structure for table `SCOPE_POLICY`
--

DROP TABLE IF EXISTS `SCOPE_POLICY`;
/*!40101 SET @saved_cs_client     = @@character_set_client */;
/*!40101 SET character_set_client = utf8 */;
CREATE TABLE `SCOPE_POLICY` (
  `SCOPE_ID` varchar(36) NOT NULL,
  `POLICY_ID` varchar(36) NOT NULL,
  PRIMARY KEY (`SCOPE_ID`,`POLICY_ID`),
  KEY `IDX_SCOPE_POLICY_POLICY` (`POLICY_ID`),
  CONSTRAINT `FK_FRSRASP13XCX4WNKOG82SSRFY` FOREIGN KEY (`POLICY_ID`) REFERENCES `RESOURCE_SERVER_POLICY` (`ID`),
  CONSTRAINT `FK_FRSRPASS3XCX4WNKOG82SSRFY` FOREIGN KEY (`SCOPE_ID`) REFERENCES `RESOURCE_SERVER_SCOPE` (`ID`)
) ENGINE=InnoDB DEFAULT CHARSET=utf8mb4 COLLATE=utf8mb4_general_ci;
/*!40101 SET character_set_client = @saved_cs_client */;

--
-- Dumping data for table `SCOPE_POLICY`
--

LOCK TABLES `SCOPE_POLICY` WRITE;
/*!40000 ALTER TABLE `SCOPE_POLICY` DISABLE KEYS */;
/*!40000 ALTER TABLE `SCOPE_POLICY` ENABLE KEYS */;
UNLOCK TABLES;

--
-- Table structure for table `USERNAME_LOGIN_FAILURE`
--

DROP TABLE IF EXISTS `USERNAME_LOGIN_FAILURE`;
/*!40101 SET @saved_cs_client     = @@character_set_client */;
/*!40101 SET character_set_client = utf8 */;
CREATE TABLE `USERNAME_LOGIN_FAILURE` (
  `REALM_ID` varchar(36) NOT NULL,
  `USERNAME` varchar(255) CHARACTER SET utf8mb3 COLLATE utf8mb3_general_ci NOT NULL,
  `FAILED_LOGIN_NOT_BEFORE` int(11) DEFAULT NULL,
  `LAST_FAILURE` bigint(20) DEFAULT NULL,
  `LAST_IP_FAILURE` varchar(255) DEFAULT NULL,
  `NUM_FAILURES` int(11) DEFAULT NULL,
  PRIMARY KEY (`REALM_ID`,`USERNAME`)
) ENGINE=InnoDB DEFAULT CHARSET=utf8mb4 COLLATE=utf8mb4_general_ci;
/*!40101 SET character_set_client = @saved_cs_client */;

--
-- Dumping data for table `USERNAME_LOGIN_FAILURE`
--

LOCK TABLES `USERNAME_LOGIN_FAILURE` WRITE;
/*!40000 ALTER TABLE `USERNAME_LOGIN_FAILURE` DISABLE KEYS */;
/*!40000 ALTER TABLE `USERNAME_LOGIN_FAILURE` ENABLE KEYS */;
UNLOCK TABLES;

--
-- Table structure for table `USER_ATTRIBUTE`
--

DROP TABLE IF EXISTS `USER_ATTRIBUTE`;
/*!40101 SET @saved_cs_client     = @@character_set_client */;
/*!40101 SET character_set_client = utf8 */;
CREATE TABLE `USER_ATTRIBUTE` (
  `NAME` varchar(255) NOT NULL,
  `VALUE` varchar(255) CHARACTER SET utf8mb3 COLLATE utf8mb3_general_ci DEFAULT NULL,
  `USER_ID` varchar(36) NOT NULL,
  `ID` varchar(36) NOT NULL DEFAULT 'sybase-needs-something-here',
  PRIMARY KEY (`ID`),
  KEY `IDX_USER_ATTRIBUTE` (`USER_ID`),
  KEY `IDX_USER_ATTRIBUTE_NAME` (`NAME`,`VALUE`),
  CONSTRAINT `FK_5HRM2VLF9QL5FU043KQEPOVBR` FOREIGN KEY (`USER_ID`) REFERENCES `USER_ENTITY` (`ID`)
) ENGINE=InnoDB DEFAULT CHARSET=utf8mb4 COLLATE=utf8mb4_general_ci;
/*!40101 SET character_set_client = @saved_cs_client */;

--
-- Dumping data for table `USER_ATTRIBUTE`
--

LOCK TABLES `USER_ATTRIBUTE` WRITE;
/*!40000 ALTER TABLE `USER_ATTRIBUTE` DISABLE KEYS */;
INSERT INTO `USER_ATTRIBUTE` VALUES
('locale','en','78ffa712-de81-4f8b-b699-5071ba6a303e','62111a98-8f9e-447c-8222-06510a3078e1'),
('people_type','student','46623042-cc53-4539-86f7-affbfc750831','9039a487-9a5c-465c-9e2b-794e2149451b'),
('locale','en','7fa64509-566b-4a67-bb5e-05f78508cb65','b732dfd6-bae4-4092-944d-450150173c5a'),
('ade_link','m326K23k.shu','7fa64509-566b-4a67-bb5e-05f78508cb65','e8417bda-2240-4ad7-9f8a-0dc3af437e33'),
('locale','en','b6c3d84b-37ce-43cc-9dc2-ce66231ea8e9','f5e24fc4-2de6-4f1f-8d38-63e92b39f7af');
/*!40000 ALTER TABLE `USER_ATTRIBUTE` ENABLE KEYS */;
UNLOCK TABLES;

--
-- Table structure for table `USER_CONSENT`
--

DROP TABLE IF EXISTS `USER_CONSENT`;
/*!40101 SET @saved_cs_client     = @@character_set_client */;
/*!40101 SET character_set_client = utf8 */;
CREATE TABLE `USER_CONSENT` (
  `ID` varchar(36) NOT NULL,
  `CLIENT_ID` varchar(255) DEFAULT NULL,
  `USER_ID` varchar(36) NOT NULL,
  `CREATED_DATE` bigint(20) DEFAULT NULL,
  `LAST_UPDATED_DATE` bigint(20) DEFAULT NULL,
  `CLIENT_STORAGE_PROVIDER` varchar(36) DEFAULT NULL,
  `EXTERNAL_CLIENT_ID` varchar(255) DEFAULT NULL,
  PRIMARY KEY (`ID`),
  UNIQUE KEY `UK_JKUWUVD56ONTGSUHOGM8UEWRT` (`CLIENT_ID`,`CLIENT_STORAGE_PROVIDER`,`EXTERNAL_CLIENT_ID`,`USER_ID`),
  KEY `IDX_USER_CONSENT` (`USER_ID`),
  CONSTRAINT `FK_GRNTCSNT_USER` FOREIGN KEY (`USER_ID`) REFERENCES `USER_ENTITY` (`ID`)
) ENGINE=InnoDB DEFAULT CHARSET=utf8mb4 COLLATE=utf8mb4_general_ci;
/*!40101 SET character_set_client = @saved_cs_client */;

--
-- Dumping data for table `USER_CONSENT`
--

LOCK TABLES `USER_CONSENT` WRITE;
/*!40000 ALTER TABLE `USER_CONSENT` DISABLE KEYS */;
/*!40000 ALTER TABLE `USER_CONSENT` ENABLE KEYS */;
UNLOCK TABLES;

--
-- Table structure for table `USER_CONSENT_CLIENT_SCOPE`
--

DROP TABLE IF EXISTS `USER_CONSENT_CLIENT_SCOPE`;
/*!40101 SET @saved_cs_client     = @@character_set_client */;
/*!40101 SET character_set_client = utf8 */;
CREATE TABLE `USER_CONSENT_CLIENT_SCOPE` (
  `USER_CONSENT_ID` varchar(36) NOT NULL,
  `SCOPE_ID` varchar(36) NOT NULL,
  PRIMARY KEY (`USER_CONSENT_ID`,`SCOPE_ID`),
  KEY `IDX_USCONSENT_CLSCOPE` (`USER_CONSENT_ID`),
  CONSTRAINT `FK_GRNTCSNT_CLSC_USC` FOREIGN KEY (`USER_CONSENT_ID`) REFERENCES `USER_CONSENT` (`ID`)
) ENGINE=InnoDB DEFAULT CHARSET=utf8mb4 COLLATE=utf8mb4_general_ci;
/*!40101 SET character_set_client = @saved_cs_client */;

--
-- Dumping data for table `USER_CONSENT_CLIENT_SCOPE`
--

LOCK TABLES `USER_CONSENT_CLIENT_SCOPE` WRITE;
/*!40000 ALTER TABLE `USER_CONSENT_CLIENT_SCOPE` DISABLE KEYS */;
/*!40000 ALTER TABLE `USER_CONSENT_CLIENT_SCOPE` ENABLE KEYS */;
UNLOCK TABLES;

--
-- Table structure for table `USER_ENTITY`
--

DROP TABLE IF EXISTS `USER_ENTITY`;
/*!40101 SET @saved_cs_client     = @@character_set_client */;
/*!40101 SET character_set_client = utf8 */;
CREATE TABLE `USER_ENTITY` (
  `ID` varchar(36) NOT NULL,
  `EMAIL` varchar(255) DEFAULT NULL,
  `EMAIL_CONSTRAINT` varchar(255) DEFAULT NULL,
  `EMAIL_VERIFIED` bit(1) NOT NULL DEFAULT b'0',
  `ENABLED` bit(1) NOT NULL DEFAULT b'0',
  `FEDERATION_LINK` varchar(255) DEFAULT NULL,
  `FIRST_NAME` varchar(255) CHARACTER SET utf8mb3 COLLATE utf8mb3_general_ci DEFAULT NULL,
  `LAST_NAME` varchar(255) CHARACTER SET utf8mb3 COLLATE utf8mb3_general_ci DEFAULT NULL,
  `REALM_ID` varchar(255) DEFAULT NULL,
  `USERNAME` varchar(255) CHARACTER SET utf8mb3 COLLATE utf8mb3_general_ci DEFAULT NULL,
  `CREATED_TIMESTAMP` bigint(20) DEFAULT NULL,
  `SERVICE_ACCOUNT_CLIENT_LINK` varchar(255) DEFAULT NULL,
  `NOT_BEFORE` int(11) NOT NULL DEFAULT 0,
  PRIMARY KEY (`ID`),
  UNIQUE KEY `UK_DYKN684SL8UP1CRFEI6ECKHD7` (`REALM_ID`,`EMAIL_CONSTRAINT`),
  UNIQUE KEY `UK_RU8TT6T700S9V50BU18WS5HA6` (`REALM_ID`,`USERNAME`),
  KEY `IDX_USER_EMAIL` (`EMAIL`),
  KEY `IDX_USER_SERVICE_ACCOUNT` (`REALM_ID`,`SERVICE_ACCOUNT_CLIENT_LINK`)
) ENGINE=InnoDB DEFAULT CHARSET=utf8mb4 COLLATE=utf8mb4_general_ci;
/*!40101 SET character_set_client = @saved_cs_client */;

--
-- Dumping data for table `USER_ENTITY`
--

LOCK TABLES `USER_ENTITY` WRITE;
/*!40000 ALTER TABLE `USER_ENTITY` DISABLE KEYS */;
INSERT INTO `USER_ENTITY` VALUES
('166bca2a-ff60-42b8-b2c1-fe6117e1bb98','littleplay2000@gmail.com','littleplay2000@gmail.com','','',NULL,'Staffy','Stuff','e4e8cf3b-ef09-49ee-8d86-0c597a9af336','staff',1699898483424,NULL,0),
('442b3914-b945-40e7-9b22-086bdf6fd9b2','fsaidoun@enssat.fr','fsaidoun@enssat.fr','','',NULL,'Ferhat','SAIDOUN','fd363fb6-a3fb-495f-b42c-d4a354f0ee78','ferhat',1699950866617,NULL,0),
('46623042-cc53-4539-86f7-affbfc750831','fsaidoun@enssat.fr','fsaidoun@enssat.fr','','',NULL,'Ferhat','SAIDOUN','e4e8cf3b-ef09-49ee-8d86-0c597a9af336','fsaidoun',1698421129547,NULL,0),
('78ffa712-de81-4f8b-b699-5071ba6a303e','noreply@dapi-services.fr','noreply@dapi-services.fr','','',NULL,NULL,NULL,'fd363fb6-a3fb-495f-b42c-d4a354f0ee78','admin',1698151412426,NULL,0),
('7fa64509-566b-4a67-bb5e-05f78508cb65','tamakuapp@gmail.com','tamakuapp@gmail.com','','',NULL,'Theriz','Ateetcher','e4e8cf3b-ef09-49ee-8d86-0c597a9af336','teacher',1699882323944,NULL,0),
('87188b4b-1347-4503-bd42-2b3b05f5a6a1',NULL,'9f469a6f-bf05-492b-bbed-f5d24db1e862','\0','',NULL,NULL,NULL,'e4e8cf3b-ef09-49ee-8d86-0c597a9af336','service-account-intranet-back',1698418752605,'d058fa38-9df4-4ee9-9bfa-902923b6ae32',0),
('b16f53ed-6570-4222-9ea3-4d3109e05c83','zraji@enssat.fr','zraji@enssat.fr','','',NULL,'zakaria','zak','fd363fb6-a3fb-495f-b42c-d4a354f0ee78','zakaria',1698762199237,NULL,0),
('b6c3d84b-37ce-43cc-9dc2-ce66231ea8e9','test@dapi.fr','test@dapi.fr','','',NULL,'dapi','enssat','e4e8cf3b-ef09-49ee-8d86-0c597a9af336','test',1698220979697,NULL,0),
('b9aa99a7-244a-4ed7-a419-9f1640f2e011','lbiot@enssat.fr','lbiot@enssat.fr','','',NULL,'Imma','Classical-Student','e4e8cf3b-ef09-49ee-8d86-0c597a9af336','ics',1699882229678,NULL,0),
('fe90673a-f076-497d-b085-85ca87ef07ae','digitalaccessportalinnovation@gmail.com','digitalaccessportalinnovation@gmail.com','','',NULL,'Roger','Beusouin De Maindoeuvre','e4e8cf3b-ef09-49ee-8d86-0c597a9af336','apprenticemanager',1700212876424,NULL,0);
/*!40000 ALTER TABLE `USER_ENTITY` ENABLE KEYS */;
UNLOCK TABLES;

--
-- Table structure for table `USER_FEDERATION_CONFIG`
--

DROP TABLE IF EXISTS `USER_FEDERATION_CONFIG`;
/*!40101 SET @saved_cs_client     = @@character_set_client */;
/*!40101 SET character_set_client = utf8 */;
CREATE TABLE `USER_FEDERATION_CONFIG` (
  `USER_FEDERATION_PROVIDER_ID` varchar(36) NOT NULL,
  `VALUE` varchar(255) DEFAULT NULL,
  `NAME` varchar(255) NOT NULL,
  PRIMARY KEY (`USER_FEDERATION_PROVIDER_ID`,`NAME`),
  CONSTRAINT `FK_T13HPU1J94R2EBPEKR39X5EU5` FOREIGN KEY (`USER_FEDERATION_PROVIDER_ID`) REFERENCES `USER_FEDERATION_PROVIDER` (`ID`)
) ENGINE=InnoDB DEFAULT CHARSET=utf8mb4 COLLATE=utf8mb4_general_ci;
/*!40101 SET character_set_client = @saved_cs_client */;

--
-- Dumping data for table `USER_FEDERATION_CONFIG`
--

LOCK TABLES `USER_FEDERATION_CONFIG` WRITE;
/*!40000 ALTER TABLE `USER_FEDERATION_CONFIG` DISABLE KEYS */;
/*!40000 ALTER TABLE `USER_FEDERATION_CONFIG` ENABLE KEYS */;
UNLOCK TABLES;

--
-- Table structure for table `USER_FEDERATION_MAPPER`
--

DROP TABLE IF EXISTS `USER_FEDERATION_MAPPER`;
/*!40101 SET @saved_cs_client     = @@character_set_client */;
/*!40101 SET character_set_client = utf8 */;
CREATE TABLE `USER_FEDERATION_MAPPER` (
  `ID` varchar(36) NOT NULL,
  `NAME` varchar(255) NOT NULL,
  `FEDERATION_PROVIDER_ID` varchar(36) NOT NULL,
  `FEDERATION_MAPPER_TYPE` varchar(255) NOT NULL,
  `REALM_ID` varchar(36) NOT NULL,
  PRIMARY KEY (`ID`),
  KEY `IDX_USR_FED_MAP_FED_PRV` (`FEDERATION_PROVIDER_ID`),
  KEY `IDX_USR_FED_MAP_REALM` (`REALM_ID`),
  CONSTRAINT `FK_FEDMAPPERPM_FEDPRV` FOREIGN KEY (`FEDERATION_PROVIDER_ID`) REFERENCES `USER_FEDERATION_PROVIDER` (`ID`),
  CONSTRAINT `FK_FEDMAPPERPM_REALM` FOREIGN KEY (`REALM_ID`) REFERENCES `REALM` (`ID`)
) ENGINE=InnoDB DEFAULT CHARSET=utf8mb4 COLLATE=utf8mb4_general_ci;
/*!40101 SET character_set_client = @saved_cs_client */;

--
-- Dumping data for table `USER_FEDERATION_MAPPER`
--

LOCK TABLES `USER_FEDERATION_MAPPER` WRITE;
/*!40000 ALTER TABLE `USER_FEDERATION_MAPPER` DISABLE KEYS */;
/*!40000 ALTER TABLE `USER_FEDERATION_MAPPER` ENABLE KEYS */;
UNLOCK TABLES;

--
-- Table structure for table `USER_FEDERATION_MAPPER_CONFIG`
--

DROP TABLE IF EXISTS `USER_FEDERATION_MAPPER_CONFIG`;
/*!40101 SET @saved_cs_client     = @@character_set_client */;
/*!40101 SET character_set_client = utf8 */;
CREATE TABLE `USER_FEDERATION_MAPPER_CONFIG` (
  `USER_FEDERATION_MAPPER_ID` varchar(36) NOT NULL,
  `VALUE` varchar(255) DEFAULT NULL,
  `NAME` varchar(255) NOT NULL,
  PRIMARY KEY (`USER_FEDERATION_MAPPER_ID`,`NAME`),
  CONSTRAINT `FK_FEDMAPPER_CFG` FOREIGN KEY (`USER_FEDERATION_MAPPER_ID`) REFERENCES `USER_FEDERATION_MAPPER` (`ID`)
) ENGINE=InnoDB DEFAULT CHARSET=utf8mb4 COLLATE=utf8mb4_general_ci;
/*!40101 SET character_set_client = @saved_cs_client */;

--
-- Dumping data for table `USER_FEDERATION_MAPPER_CONFIG`
--

LOCK TABLES `USER_FEDERATION_MAPPER_CONFIG` WRITE;
/*!40000 ALTER TABLE `USER_FEDERATION_MAPPER_CONFIG` DISABLE KEYS */;
/*!40000 ALTER TABLE `USER_FEDERATION_MAPPER_CONFIG` ENABLE KEYS */;
UNLOCK TABLES;

--
-- Table structure for table `USER_FEDERATION_PROVIDER`
--

DROP TABLE IF EXISTS `USER_FEDERATION_PROVIDER`;
/*!40101 SET @saved_cs_client     = @@character_set_client */;
/*!40101 SET character_set_client = utf8 */;
CREATE TABLE `USER_FEDERATION_PROVIDER` (
  `ID` varchar(36) NOT NULL,
  `CHANGED_SYNC_PERIOD` int(11) DEFAULT NULL,
  `DISPLAY_NAME` varchar(255) DEFAULT NULL,
  `FULL_SYNC_PERIOD` int(11) DEFAULT NULL,
  `LAST_SYNC` int(11) DEFAULT NULL,
  `PRIORITY` int(11) DEFAULT NULL,
  `PROVIDER_NAME` varchar(255) DEFAULT NULL,
  `REALM_ID` varchar(36) DEFAULT NULL,
  PRIMARY KEY (`ID`),
  KEY `IDX_USR_FED_PRV_REALM` (`REALM_ID`),
  CONSTRAINT `FK_1FJ32F6PTOLW2QY60CD8N01E8` FOREIGN KEY (`REALM_ID`) REFERENCES `REALM` (`ID`)
) ENGINE=InnoDB DEFAULT CHARSET=utf8mb4 COLLATE=utf8mb4_general_ci;
/*!40101 SET character_set_client = @saved_cs_client */;

--
-- Dumping data for table `USER_FEDERATION_PROVIDER`
--

LOCK TABLES `USER_FEDERATION_PROVIDER` WRITE;
/*!40000 ALTER TABLE `USER_FEDERATION_PROVIDER` DISABLE KEYS */;
/*!40000 ALTER TABLE `USER_FEDERATION_PROVIDER` ENABLE KEYS */;
UNLOCK TABLES;

--
-- Table structure for table `USER_GROUP_MEMBERSHIP`
--

DROP TABLE IF EXISTS `USER_GROUP_MEMBERSHIP`;
/*!40101 SET @saved_cs_client     = @@character_set_client */;
/*!40101 SET character_set_client = utf8 */;
CREATE TABLE `USER_GROUP_MEMBERSHIP` (
  `GROUP_ID` varchar(36) NOT NULL,
  `USER_ID` varchar(36) NOT NULL,
  PRIMARY KEY (`GROUP_ID`,`USER_ID`),
  KEY `IDX_USER_GROUP_MAPPING` (`USER_ID`),
  CONSTRAINT `FK_USER_GROUP_USER` FOREIGN KEY (`USER_ID`) REFERENCES `USER_ENTITY` (`ID`)
) ENGINE=InnoDB DEFAULT CHARSET=utf8mb4 COLLATE=utf8mb4_general_ci;
/*!40101 SET character_set_client = @saved_cs_client */;

--
-- Dumping data for table `USER_GROUP_MEMBERSHIP`
--

LOCK TABLES `USER_GROUP_MEMBERSHIP` WRITE;
/*!40000 ALTER TABLE `USER_GROUP_MEMBERSHIP` DISABLE KEYS */;
INSERT INTO `USER_GROUP_MEMBERSHIP` VALUES
('02fc612a-9e01-4385-985a-cd7bc7c0df04','166bca2a-ff60-42b8-b2c1-fe6117e1bb98'),
('cda34b1d-456d-47c1-9e7d-742c61a95f2c','46623042-cc53-4539-86f7-affbfc750831'),
('8d328a61-9787-4ab1-88a2-0e3606e6a080','7fa64509-566b-4a67-bb5e-05f78508cb65'),
('cda34b1d-456d-47c1-9e7d-742c61a95f2c','b6c3d84b-37ce-43cc-9dc2-ce66231ea8e9'),
('5fecc613-5219-456d-a40f-64ec70f1ae87','b9aa99a7-244a-4ed7-a419-9f1640f2e011'),
('a725b699-bd98-4953-894c-7559743c9a5d','fe90673a-f076-497d-b085-85ca87ef07ae');
/*!40000 ALTER TABLE `USER_GROUP_MEMBERSHIP` ENABLE KEYS */;
UNLOCK TABLES;

--
-- Table structure for table `USER_REQUIRED_ACTION`
--

DROP TABLE IF EXISTS `USER_REQUIRED_ACTION`;
/*!40101 SET @saved_cs_client     = @@character_set_client */;
/*!40101 SET character_set_client = utf8 */;
CREATE TABLE `USER_REQUIRED_ACTION` (
  `USER_ID` varchar(36) NOT NULL,
  `REQUIRED_ACTION` varchar(255) NOT NULL DEFAULT ' ',
  PRIMARY KEY (`REQUIRED_ACTION`,`USER_ID`),
  KEY `IDX_USER_REQACTIONS` (`USER_ID`),
  CONSTRAINT `FK_6QJ3W1JW9CVAFHE19BWSIUVMD` FOREIGN KEY (`USER_ID`) REFERENCES `USER_ENTITY` (`ID`)
) ENGINE=InnoDB DEFAULT CHARSET=utf8mb4 COLLATE=utf8mb4_general_ci;
/*!40101 SET character_set_client = @saved_cs_client */;

--
-- Dumping data for table `USER_REQUIRED_ACTION`
--

LOCK TABLES `USER_REQUIRED_ACTION` WRITE;
/*!40000 ALTER TABLE `USER_REQUIRED_ACTION` DISABLE KEYS */;
/*!40000 ALTER TABLE `USER_REQUIRED_ACTION` ENABLE KEYS */;
UNLOCK TABLES;

--
-- Table structure for table `USER_ROLE_MAPPING`
--

DROP TABLE IF EXISTS `USER_ROLE_MAPPING`;
/*!40101 SET @saved_cs_client     = @@character_set_client */;
/*!40101 SET character_set_client = utf8 */;
CREATE TABLE `USER_ROLE_MAPPING` (
  `ROLE_ID` varchar(255) NOT NULL,
  `USER_ID` varchar(36) NOT NULL,
  PRIMARY KEY (`ROLE_ID`,`USER_ID`),
  KEY `IDX_USER_ROLE_MAPPING` (`USER_ID`),
  CONSTRAINT `FK_C4FQV34P1MBYLLOXANG7B1Q3L` FOREIGN KEY (`USER_ID`) REFERENCES `USER_ENTITY` (`ID`)
) ENGINE=InnoDB DEFAULT CHARSET=utf8mb4 COLLATE=utf8mb4_general_ci;
/*!40101 SET character_set_client = @saved_cs_client */;

--
-- Dumping data for table `USER_ROLE_MAPPING`
--

LOCK TABLES `USER_ROLE_MAPPING` WRITE;
/*!40000 ALTER TABLE `USER_ROLE_MAPPING` DISABLE KEYS */;
INSERT INTO `USER_ROLE_MAPPING` VALUES
('1104e248-81f2-46c0-9144-0ab64848b88f','166bca2a-ff60-42b8-b2c1-fe6117e1bb98'),
('9a618968-e06f-476f-a649-1a7436c30d84','442b3914-b945-40e7-9b22-086bdf6fd9b2'),
('1104e248-81f2-46c0-9144-0ab64848b88f','46623042-cc53-4539-86f7-affbfc750831'),
('034be873-55c1-49ab-b31f-796e93306ce5','78ffa712-de81-4f8b-b699-5071ba6a303e'),
('09582fb8-aceb-4312-80ba-89cd689ac177','78ffa712-de81-4f8b-b699-5071ba6a303e'),
('1a719645-34bc-4b54-9471-a54e61fd7947','78ffa712-de81-4f8b-b699-5071ba6a303e'),
('2e9fd3da-2813-4fa2-a301-04e71d6ccfc1','78ffa712-de81-4f8b-b699-5071ba6a303e'),
('59ebb363-0a16-485a-88df-4acb74f92d32','78ffa712-de81-4f8b-b699-5071ba6a303e'),
('64c7a3d4-c251-406d-b181-480626caa097','78ffa712-de81-4f8b-b699-5071ba6a303e'),
('8c01c9e4-fd79-45eb-b38b-0698b3d51641','78ffa712-de81-4f8b-b699-5071ba6a303e'),
('90993594-f584-4879-a574-91fb1bc90339','78ffa712-de81-4f8b-b699-5071ba6a303e'),
('98953cc5-edc0-49be-9c1c-a5b0d6db5e43','78ffa712-de81-4f8b-b699-5071ba6a303e'),
('9a618968-e06f-476f-a649-1a7436c30d84','78ffa712-de81-4f8b-b699-5071ba6a303e'),
('a47ff19a-845f-41f4-816c-604e9af49e43','78ffa712-de81-4f8b-b699-5071ba6a303e'),
('a567ee87-87ab-4b28-bda0-b10c9b19eec2','78ffa712-de81-4f8b-b699-5071ba6a303e'),
('a824b66c-166d-43c9-88bc-14e6b46f0f63','78ffa712-de81-4f8b-b699-5071ba6a303e'),
('adf8b90e-90dd-4ec4-977b-d79b7e0c2f94','78ffa712-de81-4f8b-b699-5071ba6a303e'),
('b49b6028-28e8-4913-88d2-8db575e5f1cf','78ffa712-de81-4f8b-b699-5071ba6a303e'),
('c2f33380-dbd5-44a8-887e-d4d3083535cf','78ffa712-de81-4f8b-b699-5071ba6a303e'),
('c7c891be-11c3-4be0-8055-3909f91f97a3','78ffa712-de81-4f8b-b699-5071ba6a303e'),
('e0b7402d-0d15-40c0-aa1f-5c68a6e5ced2','78ffa712-de81-4f8b-b699-5071ba6a303e'),
('faf6d36e-17cc-4dc8-930d-588533eba03a','78ffa712-de81-4f8b-b699-5071ba6a303e'),
('1104e248-81f2-46c0-9144-0ab64848b88f','7fa64509-566b-4a67-bb5e-05f78508cb65'),
('1104e248-81f2-46c0-9144-0ab64848b88f','87188b4b-1347-4503-bd42-2b3b05f5a6a1'),
('1d9ace7d-fb1b-4f2f-b319-d06e77c10ed4','b16f53ed-6570-4222-9ea3-4d3109e05c83'),
('946f3263-2533-4704-b473-1a8de9a209e8','b16f53ed-6570-4222-9ea3-4d3109e05c83'),
('9a618968-e06f-476f-a649-1a7436c30d84','b16f53ed-6570-4222-9ea3-4d3109e05c83'),
('9dd2c629-9d94-44af-8187-c8ab5da89c8a','b16f53ed-6570-4222-9ea3-4d3109e05c83'),
('e0b7402d-0d15-40c0-aa1f-5c68a6e5ced2','b16f53ed-6570-4222-9ea3-4d3109e05c83'),
('1104e248-81f2-46c0-9144-0ab64848b88f','b6c3d84b-37ce-43cc-9dc2-ce66231ea8e9'),
('1104e248-81f2-46c0-9144-0ab64848b88f','b9aa99a7-244a-4ed7-a419-9f1640f2e011'),
('1104e248-81f2-46c0-9144-0ab64848b88f','fe90673a-f076-497d-b085-85ca87ef07ae');
/*!40000 ALTER TABLE `USER_ROLE_MAPPING` ENABLE KEYS */;
UNLOCK TABLES;

--
-- Table structure for table `USER_SESSION`
--

DROP TABLE IF EXISTS `USER_SESSION`;
/*!40101 SET @saved_cs_client     = @@character_set_client */;
/*!40101 SET character_set_client = utf8 */;
CREATE TABLE `USER_SESSION` (
  `ID` varchar(36) NOT NULL,
  `AUTH_METHOD` varchar(255) DEFAULT NULL,
  `IP_ADDRESS` varchar(255) DEFAULT NULL,
  `LAST_SESSION_REFRESH` int(11) DEFAULT NULL,
  `LOGIN_USERNAME` varchar(255) DEFAULT NULL,
  `REALM_ID` varchar(255) DEFAULT NULL,
  `REMEMBER_ME` bit(1) NOT NULL DEFAULT b'0',
  `STARTED` int(11) DEFAULT NULL,
  `USER_ID` varchar(255) DEFAULT NULL,
  `USER_SESSION_STATE` int(11) DEFAULT NULL,
  `BROKER_SESSION_ID` varchar(255) DEFAULT NULL,
  `BROKER_USER_ID` varchar(255) DEFAULT NULL,
  PRIMARY KEY (`ID`)
) ENGINE=InnoDB DEFAULT CHARSET=utf8mb4 COLLATE=utf8mb4_general_ci;
/*!40101 SET character_set_client = @saved_cs_client */;

--
-- Dumping data for table `USER_SESSION`
--

LOCK TABLES `USER_SESSION` WRITE;
/*!40000 ALTER TABLE `USER_SESSION` DISABLE KEYS */;
/*!40000 ALTER TABLE `USER_SESSION` ENABLE KEYS */;
UNLOCK TABLES;

--
-- Table structure for table `USER_SESSION_NOTE`
--

DROP TABLE IF EXISTS `USER_SESSION_NOTE`;
/*!40101 SET @saved_cs_client     = @@character_set_client */;
/*!40101 SET character_set_client = utf8 */;
CREATE TABLE `USER_SESSION_NOTE` (
  `USER_SESSION` varchar(36) NOT NULL,
  `NAME` varchar(255) NOT NULL,
  `VALUE` text DEFAULT NULL,
  PRIMARY KEY (`USER_SESSION`,`NAME`),
  CONSTRAINT `FK5EDFB00FF51D3472` FOREIGN KEY (`USER_SESSION`) REFERENCES `USER_SESSION` (`ID`)
) ENGINE=InnoDB DEFAULT CHARSET=utf8mb4 COLLATE=utf8mb4_general_ci;
/*!40101 SET character_set_client = @saved_cs_client */;

--
-- Dumping data for table `USER_SESSION_NOTE`
--

LOCK TABLES `USER_SESSION_NOTE` WRITE;
/*!40000 ALTER TABLE `USER_SESSION_NOTE` DISABLE KEYS */;
/*!40000 ALTER TABLE `USER_SESSION_NOTE` ENABLE KEYS */;
UNLOCK TABLES;

--
-- Table structure for table `WEB_ORIGINS`
--

DROP TABLE IF EXISTS `WEB_ORIGINS`;
/*!40101 SET @saved_cs_client     = @@character_set_client */;
/*!40101 SET character_set_client = utf8 */;
CREATE TABLE `WEB_ORIGINS` (
  `CLIENT_ID` varchar(36) NOT NULL,
  `VALUE` varchar(255) NOT NULL,
  PRIMARY KEY (`CLIENT_ID`,`VALUE`),
  KEY `IDX_WEB_ORIG_CLIENT` (`CLIENT_ID`),
  CONSTRAINT `FK_LOJPHO213XCX4WNKOG82SSRFY` FOREIGN KEY (`CLIENT_ID`) REFERENCES `CLIENT` (`ID`)
) ENGINE=InnoDB DEFAULT CHARSET=utf8mb4 COLLATE=utf8mb4_general_ci;
/*!40101 SET character_set_client = @saved_cs_client */;

--
-- Dumping data for table `WEB_ORIGINS`
--

LOCK TABLES `WEB_ORIGINS` WRITE;
/*!40000 ALTER TABLE `WEB_ORIGINS` DISABLE KEYS */;
INSERT INTO `WEB_ORIGINS` VALUES
('2ff56ff8-2a42-407a-849e-04ae436e49e6','+'),
('719a514c-5c5c-4d3e-878f-d0ce92fbe3d1','+'),
('961da279-7d3a-4ac3-9f1a-8571df95991e','+'),
('d058fa38-9df4-4ee9-9bfa-902923b6ae32','+');
/*!40000 ALTER TABLE `WEB_ORIGINS` ENABLE KEYS */;
UNLOCK TABLES;
/*!40103 SET TIME_ZONE=@OLD_TIME_ZONE */;

/*!40101 SET SQL_MODE=@OLD_SQL_MODE */;
/*!40014 SET FOREIGN_KEY_CHECKS=@OLD_FOREIGN_KEY_CHECKS */;
/*!40014 SET UNIQUE_CHECKS=@OLD_UNIQUE_CHECKS */;
/*!40101 SET CHARACTER_SET_CLIENT=@OLD_CHARACTER_SET_CLIENT */;
/*!40101 SET CHARACTER_SET_RESULTS=@OLD_CHARACTER_SET_RESULTS */;
/*!40101 SET COLLATION_CONNECTION=@OLD_COLLATION_CONNECTION */;
/*!40111 SET SQL_NOTES=@OLD_SQL_NOTES */;

-- Dump completed on 2023-11-17 16:37:03
